Country Name,Country Code,Series Name,Series Code,2001 [YR2001],2002 [YR2002],2003 [YR2003],2004 [YR2004],2005 [YR2005],2006 [YR2006],2007 [YR2007],2008 [YR2008],2009 [YR2009],2010 [YR2010],2011 [YR2011],2012 [YR2012],2013 [YR2013],2014 [YR2014],2015 [YR2015],2016 [YR2016],2017 [YR2017],2018 [YR2018],2019 [YR2019],2020 [YR2020],2021 [YR2021],2022 [YR2022],2023 [YR2023],2024 [YR2024],2025 [YR2025]
Afghanistan,AFG,"Portfolio equity, net inflows (BoP, current US$)",BX.PEF.TOTL.CD.WD,..,..,..,..,..,..,..,..,..,..,..,..,..,..,..,..,..,..,..,..,..,..,..,..,..
Afghanistan,AFG,GDP (current US$),NY.GDP.MKTP.CD,2813571753.87253,3825701438.99963,4520946818.54581,5224896718.67782,6203256538.70967,6971758282.29351,9747886187.39393,10109297047.5432,12416152732.0567,15856668555.8336,17805098206.3141,19907329777.5872,20146416757.5987,20497128555.6972,19134221644.7325,18116572395.0772,18753456497.8159,18053222687.4126,18799444490.1128,19955929052.1496,14259995441.0759,14497243872.1337,17152234636.8715,..,..
Afghanistan,AFG,Trade (% of GDP),NE.TRD.GNFS.ZS,..,..,..,..,..,..,..,..,..,..,..,..,..,..,..,..,..,..,..,46.7098945514103,51.4117163747271,72.8854696086536,67.5846651516385,..,..
Afghanistan,AFG,"Foreign direct investment, net inflows (% of GDP)",BX.KLT.DINV.WD.GD.ZS,0.0241685679088889,1.30694987042884,1.27849325196424,3.577104200584,4.36867310434287,3.41377297323201,1.93570171391636,0.45536044478174,0.45188914562189,1.20311798981139,0.293025179616803,0.285440893554571,0.239801184405551,0.209664794672203,0.88400046336123,0.516606084523093,0.274796791572807,0.661572217787196,0.124495985291258,0.0649939571808755,0.144466946606861,..,..,..,..
Afghanistan,AFG,GDP per capita (current US$),NY.GDP.PCAP.CD,138.706821676113,178.954088379235,198.871115728727,221.763653873013,254.184249149336,274.218553561575,376.223152003876,381.73323802844,452.053705477043,560.621505463146,606.694676337726,651.417134470046,637.087099117099,625.054941813938,565.569730408751,522.082215583898,525.469770891619,491.337221382603,496.6025042585,510.787063366811,356.496214115892,357.261152798144,413.757894705303,..,..
Afghanistan,AFG,Total natural resources rents (% of GDP),NY.GDP.TOTL.RT.ZS,..,1.27614880703829,0.731312589343673,0.458919792113206,0.393192771402782,0.504174403493816,0.449500569922326,0.601665824760427,0.424658195958387,0.62533261319642,0.836389660299977,0.684675468598181,0.603571665401867,0.542756499666634,0.469916949251438,0.617409905168126,0.702981728943138,0.855264249305936,0.682287828246046,0.305978171646739,0.428525449642917,..,..,..,..
Albania,ALB,"Portfolio equity, net inflows (BoP, current US$)",BX.PEF.TOTL.CD.WD,..,..,..,..,..,..,..,23311017.1880501,-4130654.01345878,6866702.98268398,23346397.4972265,17988019.9511165,1699846.16117395,33948375.3732857,8986823.85572499,-14741264.843095,-11706180.6725271,-3119751.72023815,6989376.12121186,-8044985.86936271,-1336202.74819623,5838287.52178031,-4191680.11484517,-6838515.98286442,..
Albania,ALB,GDP (current US$),NY.GDP.MKTP.CD,4059064033.13379,4515003116.68036,5801712040.48463,7406645793.44038,8256658249.8128,9150528132.17633,11116937869.8568,13258506375.4518,12335540656.1006,12086545641.299,12973755874.5365,12246499747.9714,12796985886.1478,13296322588.1684,11470171826.9575,11988668784.6628,13258268435.6048,15379508329.7568,15585111614.0376,15241458744.5927,18031989573.0294,19017247013.8821,23491242727.4082,27046429296.6673,..
Albania,ALB,Trade (% of GDP),NE.TRD.GNFS.ZS,64.2474462587009,65.9914650336802,64.8232150960777,65.0379383187697,69.1162926602322,72.2019089483674,79.9119008919954,75.2485472798728,73.3213575646169,75.5325329687378,80.6989985298954,76.9683583166821,75.7506185619748,75.0212023084129,71.2794476606014,74.0144504546815,76.7873817898989,75.6940783717425,75.382128932689,59.5206994391875,75.5904040905009,84.6980435944865,82.3524933990723,79.4546360752224,..
Albania,ALB,"Foreign direct investment, net inflows (% of GDP)",BX.KLT.DINV.WD.GD.ZS,5.10708868615592,2.99003115858884,3.06868730168473,4.60782278585291,3.17899814544722,3.55321913781567,5.86740351847628,9.40665320050491,10.9068201480963,9.01744998049889,8.08329285826067,7.49597513325321,9.80035898039468,8.64846635716115,8.62740636982337,8.71147225448456,7.71411336285186,7.83109146132114,7.70621465029911,7.01865154497786,6.75791457973236,7.57934042905775,6.90036950940795,6.32349466068578,..
Albania,ALB,GDP per capita (current US$),NY.GDP.PCAP.CD,1326.41652388077,1479.83884572006,1908.69900687608,2446.90949947798,2741.72136549578,3057.77257038113,3743.05529896187,4498.50486763601,4213.65007574693,4149.14469936847,4465.70914328865,4280.93316338873,4542.92903556739,4793.59751131525,4199.53912925398,4457.63412207495,5006.36012951959,5897.65452588774,6069.43903131027,6027.91350716348,7242.45513146613,7756.96188744253,9730.86921906893,11377.7757431099,..
Albania,ALB,Total natural resources rents (% of GDP),NY.GDP.TOTL.RT.ZS,0.774294478401242,0.765808881841202,0.765831615007164,0.868821575977377,1.10115055658531,1.37890239530199,2.17405008124285,1.77540436427071,1.04750341619612,1.52816814295294,2.89849835443056,3.23145242472225,3.32799084447126,3.41690043441322,1.73486186826951,1.05848104238626,1.34604237945034,1.71111628143642,1.63497378546365,0.775369617467959,1.44260146706838,..,..,..,..
Algeria,DZA,"Portfolio equity, net inflows (BoP, current US$)",BX.PEF.TOTL.CD.WD,..,..,..,..,..,..,..,..,..,..,..,..,..,..,..,..,..,..,..,..,..,..,..,..,..
Algeria,DZA,GDP (current US$),NY.GDP.MKTP.CD,59413400923.6364,61516103406.1688,73482264190.9245,91913680985.1708,107046618669.707,123084258693.01,142482739809.849,180383848331.135,150317292079.359,177785053939.531,218331946925.304,227143746075.934,229701430292.157,238942664192.59,187493855609.345,180763839522.151,189880896903.073,194554483655.528,193459662090.677,164873415325.201,186231205262.082,225581644702.568,247923887214.655,269322281664.773,..
Algeria,DZA,Trade (% of GDP),NE.TRD.GNFS.ZS,54.5296491177208,56.5896052814114,57.7691353044878,61.3579975707176,66.8404602203906,65.9152919677621,67.5454733939763,71.0284922505261,64.2847547238993,63.4912159928425,62.2200899610479,60.7576393340605,59.151008157244,56.9235419669867,53.2046225904145,49.7609327925216,49.8208161712587,52.4361676779223,46.5068426081672,40.3897565625388,46.8370592599607,51.1900893683897,43.7397984507007,40.1345741170703,..
Algeria,DZA,"Foreign direct investment, net inflows (% of GDP)",BX.KLT.DINV.WD.GD.ZS,1.87349238167778,1.73118897497205,0.868036712018978,0.962586875552012,1.07990333031143,1.49572335207526,1.1838181536619,1.46277344571787,1.82742164668261,1.29390467487817,1.17767329101171,0.660551953898791,0.736559065111634,0.628688968391006,-0.286832290676438,0.906300705997455,0.647902696344894,0.753576088552125,0.713947308015691,0.693816014772836,0.466728479682941,0.107187812155079,0.489819143410423,0.455370730483787,..
Algeria,DZA,GDP per capita (current US$),NY.GDP.PCAP.CD,1896.30020878013,1937.46411413019,2283.77299346126,2816.99384960555,3233.13339634212,3660.66104745322,4167.45169937531,5180.91881514686,4235.42990456612,4912.78585503672,5916.31364364343,6033.64884689543,5979.60138960585,6094.69392314956,4685.05902729002,4424.98529027556,4554.66753957828,4577.21029180491,4468.45341883656,3743.5419522929,4160.55926736925,4960.30334332888,5370.477235078,5752.99076651465,..
Algeria,DZA,Total natural resources rents (% of GDP),NY.GDP.TOTL.RT.ZS,23.6309412932778,23.4709385218627,24.452322612612,26.1573130077943,32.6800315430258,34.1913224229422,32.0600728476928,32.865091355443,24.2022509333631,25.5383244245491,28.5812899587159,26.2525144621236,24.2231338959379,22.6123097835033,14.9252527493911,12.8191814025545,15.372392970843,20.7172028374976,18.5236789388593,14.0343770936226,22.5902703479201,..,..,..,..
American Samoa,ASM,"Portfolio equity, net inflows (BoP, current US$)",BX.PEF.TOTL.CD.WD,..,..,..,..,..,..,..,..,..,..,..,..,..,..,..,..,..,..,..,..,..,..,..,..,..
American Samoa,ASM,GDP (current US$),NY.GDP.MKTP.CD,..,512000000,524000000,509000000,500000000,493000000,518000000,560000000,675000000,573000000,570000000,640000000,638000000,643000000,673000000,671000000,612000000,639000000,647000000,721000000,750000000,871000000,..,..,..
American Samoa,ASM,Trade (% of GDP),NE.TRD.GNFS.ZS,..,210.9375,207.442748091603,202.357563850688,223.2,229.817444219067,218.146718146718,249.821428571429,161.333333333333,157.940663176265,157.543859649123,176.40625,173.824451410658,174.805598755832,162.407132243685,159.165424739195,161.437908496732,171.830985915493,156.568778979907,154.368932038835,136.8,124.684270952928,..,..,..
American Samoa,ASM,"Foreign direct investment, net inflows (% of GDP)",BX.KLT.DINV.WD.GD.ZS,..,..,..,..,..,..,..,..,..,..,..,..,..,..,..,..,..,..,..,..,..,..,..,..,..
American Samoa,ASM,GDP per capita (current US$),NY.GDP.PCAP.CD,..,8972.69636535698,9197.66196836987,8958.42866697173,8831.26975996609,8745.16621137404,9231.37240924563,10030.8089130902,12156.0293905777,10375.1720141957,10383.459331451,11745.4899153958,11813.5022034589,12026.3344929488,12727.4102651386,12843.3342903627,11863.6839452565,12552.0546868861,12886.1359517218,14489.2586563775,15236.1604875571,18017.4589383973,..,..,..
American Samoa,ASM,Total natural resources rents (% of GDP),NY.GDP.TOTL.RT.ZS,..,0,0,0,0,0,0,0,0,0,0,0,0,0,0,0,0,0,0,0,0,..,..,..,..
Andorra,AND,"Portfolio equity, net inflows (BoP, current US$)",BX.PEF.TOTL.CD.WD,..,..,..,..,..,..,..,..,..,..,..,..,..,..,..,..,..,..,-26408075.1673363,7664528.77857882,-12478582.2970104,-47008177.560678,48885189.0275983,3490989.83435391,..
Andorra,AND,GDP (current US$),NY.GDP.MKTP.CD,1548265926.7572,1764279817.95815,2366941614.03001,2900244053.52758,3161084846.97686,3459336818.03742,3957627536.75624,4102317468.30156,3688974807.45037,3449925693.58181,3629133062.55168,3188653258.61001,3193513470.43941,3271686452.47686,2789882569.1005,2896611878.6258,3000160414.63795,3218418631.67579,3155150255.91195,2891002460.29153,3324648075.56293,3380611694.73392,3785065524.84754,4039842405.48117,..
Andorra,AND,Trade (% of GDP),NE.TRD.GNFS.ZS,..,..,..,..,..,..,..,..,..,..,..,..,..,..,..,..,..,..,..,..,..,..,..,..,..
Andorra,AND,"Foreign direct investment, net inflows (% of GDP)",BX.KLT.DINV.WD.GD.ZS,..,..,..,..,..,..,..,..,..,..,..,..,..,..,..,..,..,..,13.3818072686093,9.43228499707799,14.5826559404996,17.5702350620217,7.28597529959797,6.64266743694098,..
Andorra,AND,GDP per capita (current US$),NY.GDP.PCAP.CD,23511.2969500881,26528.1300628236,34063.575598394,39021.1107100919,40829.8116399538,43467.1963063068,48336.2548304926,49132.4925840057,43975.0000888133,42746.830391567,46657.1495384811,41500.5499988288,42470.3230369366,44369.6712976777,38654.95287916,40129.8385811474,40672.9717424447,42819.7577456133,41257.816459345,37361.1070081615,42425.7066454357,42414.0479861228,46812.4261013102,49303.6491674336,..
Andorra,AND,Total natural resources rents (% of GDP),NY.GDP.TOTL.RT.ZS,0,0,0,0,0,0,0,0,0,0,0,0,0,0,0,0,0,0,0,0,0,..,..,..,..
Angola,AGO,"Portfolio equity, net inflows (BoP, current US$)",BX.PEF.TOTL.CD.WD,..,..,..,..,..,..,..,..,..,..,..,..,..,..,..,..,..,..,..,..,..,..,..,..,..
Angola,AGO,GDP (current US$),NY.GDP.MKTP.CD,8936079117.73136,17311512432.451,20342128111.9753,26997977896.5924,41396636383.3725,58653659979.711,73037821926.6813,98790432989.4067,81705175408.3893,95546919754.7633,125551634704.473,143572907527.976,148845200696.792,153449860496.402,102543067840.732,59878249719.3279,84376935689.3366,89512794227.495,80734428592.5368,58852456453.8769,79559543805.2963,131212208930.344,107167747140.127,100998916781.079,..
Angola,AGO,Trade (% of GDP),NE.TRD.GNFS.ZS,..,90.5708209731095,90.6807161820483,90.3860384733605,95.3414592884703,84.6246041171541,97.2256306999958,108.680408741993,102.263183257986,90.9940631355109,89.0369443425845,81.9394785486361,77.3498013716078,69.5801424481147,54.9793808779835,47.0155661405313,45.6643423539921,58.916480075976,60.7148243336685,54.3442286847189,61.5262136695806,55.2547732713835,53.033483632308,50.8422305562091,..
Angola,AGO,"Foreign direct investment, net inflows (% of GDP)",BX.KLT.DINV.WD.GD.ZS,24.0090757001341,10.0713557339551,17.5840588571176,8.13849032848245,-3.14962046173322,-0.0643009490167298,-1.22312266225132,1.69952793928946,2.69909240017807,-3.37761927933748,-2.40838836782517,-1.02012839058611,-4.78350487024797,2.38352427018273,9.7795154502448,-0.299804386002375,-8.76696380208172,-7.21246216123288,-5.07649440156737,-3.17143620765821,-5.47403409372737,-5.02899288556058,-1.97786390222726,-1.0986881170909,..
Angola,AGO,GDP per capita (current US$),NY.GDP.PCAP.CD,533.586202412447,999.065855913758,1133.66331960607,1451.47117872493,2145.88621096327,2930.4442860732,3515.05678986535,4578.15526451517,3645.14846562976,4101.63715566712,5184.15269149912,5702.45306277434,5688.57916215215,5649.68762469139,3641.72893919944,2051.81462126253,2790.71886869768,2860.0936483682,2493.67884440177,1759.35619918264,2303.90812662776,3682.1131513698,2916.13663284275,2665.87444776753,..
Angola,AGO,Total natural resources rents (% of GDP),NY.GDP.TOTL.RT.ZS,44.219476594374,32.8837159773494,28.4066969543848,33.7707170143085,42.7600742732017,40.7534428993222,45.881176080136,52.5607729557913,30.3114661376593,38.1623101146694,39.0226784952754,34.7310076331615,29.4000452272015,22.124247625088,13.3056748880613,20.8851202682195,25.9503299089307,32.045405604301,28.8978590593907,20.2476653863539,29.9674348417559,..,..,..,..
Antigua and Barbuda,ATG,"Portfolio equity, net inflows (BoP, current US$)",BX.PEF.TOTL.CD.WD,-186950.607033817,-259908.937119061,-345193.634413113,-1117826.32412991,-431566.997592833,1391609.2098155,2469497.49392153,6084152.69627555,-895485.454340459,-1027454.41206441,-1035508.40229391,-1044996.67732932,-5829835.74206733,-197158,154074.074074074,-6101790.8074074,2399099.36167859,1171942.57071221,-255637.407407407,-593968.148148148,-612183.333333333,-183839.259259259,1318054.44444444,-844303.703703703,..
Antigua and Barbuda,ATG,GDP (current US$),NY.GDP.MKTP.CD,877774074.074074,898092592.592592,948100000,1026329629.62963,1143896296.2963,1303674074.07407,1487381481.48148,1557640740.74074,1386518518.51852,1298348148.14815,1287359259.25926,1364729629.62963,1325496296.2963,1378707407.40741,1437485185.18519,1489603703.7037,1534855555.55556,1661529629.62963,1726448148.14815,1411637037.03704,1602125925.92593,1866566666.66667,2005785185.18518,2207622874.07407,..
Antigua and Barbuda,ATG,Trade (% of GDP),NE.TRD.GNFS.ZS,..,..,..,..,..,..,..,..,..,..,..,..,..,141.546161057996,130.071549851721,132.025917905085,127.664323582144,130.655152659419,137.537783631991,94.289529886499,101.074960584779,117.703527768353,..,..,..
Antigua and Barbuda,ATG,"Foreign direct investment, net inflows (% of GDP)",BX.KLT.DINV.WD.GD.ZS,16.6117778808366,10.345363435673,12.6796769914726,10.1893673033827,10.8186629996336,22.1475235171357,23.2994751710531,9.85935759677714,6.05699272043589,7.21860114712015,5.4088284644018,9.14709758740785,7.00759321793992,3.35554163274444,7.93223201859466,6.54079848427652,9.85575663347108,12.1775193572219,7.75630247071163,6.82766026835143,17.8854599675431,16.3832463643885,14.6092927494913,11.1314252318887,..
Antigua and Barbuda,ATG,GDP per capita (current US$),NY.GDP.PCAP.CD,11539.1825063308,11658.6949915956,12173.2319860305,13037.8895772257,14368.5708796058,16173.8136329968,18204.5124043068,18786.6743142216,16472.2478528568,15217.3950790922,14911.7275084471,15639.8078114787,15051.5113587425,15532.1062063584,16077.6340769406,16556.8551801588,16965.7288273816,18273.4270684912,18896.3721832248,15369.6082250401,17348.6006987182,20105.1989085164,21494.5474000727,23542.4526945578,..
Antigua and Barbuda,ATG,Total natural resources rents (% of GDP),NY.GDP.TOTL.RT.ZS,0,0,0,0,0,0,0,0,0,0,0,0,0,0,0,0,0,0,0,0,0,..,..,..,..
Argentina,ARG,"Portfolio equity, net inflows (BoP, current US$)",BX.PEF.TOTL.CD.WD,31126954.2509417,-115880000,65350000,-86150000,-48100000,706655728.921924,1784935011.55032,-530621775.63144,-211917864.544919,-71016321.5687094,-208195660.767126,-134907718.296207,341877784.391245,217899597.26065,239111552.890749,985216668.970224,3013299973.50705,-508346965.302942,85599392.3870807,-118108746.047974,-4073225.7827842,-278845536.793171,73544857.047827,610294338.732881,..
Argentina,ARG,GDP (current US$),NY.GDP.MKTP.CD,268696750000,97724004251.8602,127586973492.177,164657930452.787,198737095012.282,232557260817.308,287530508430.568,361558037110.419,332976484577.619,423627422092.49,530158122010.442,545982375701.128,552025140252.246,526319673731.638,594749285413.212,557532320662.955,643628393281.364,524819892360.176,447754683615.225,385740508436.965,486564085480.036,633993756301.08,649461687959.174,638365455340.04,..
Argentina,ARG,Trade (% of GDP),NE.TRD.GNFS.ZS,21.8522554515453,41.7527243585642,40.6447480311085,40.692646108947,40.5512709706238,40.4334798719151,40.945170618571,40.4026733790382,34.0571269054879,34.9710132635696,35.2061549999644,30.5265423717108,29.3339290021037,28.4067936452275,22.4862260889792,26.0938878488799,25.2896011376779,30.7625359549926,32.6306150458499,30.203698807416,33.078689567466,31.5801792606256,26.6769512482215,27.929760849367,..
Argentina,ARG,"Foreign direct investment, net inflows (% of GDP)",BX.KLT.DINV.WD.GD.ZS,0.806164134759348,2.19895819502207,1.29481086883944,2.5050175164097,2.64935441452167,2.38106854489628,2.25129423568361,2.68990096507093,1.20643922647566,2.67516171886535,2.04465997872008,2.80667189982932,1.77920553648531,0.962406650325519,1.97713461784426,0.584748941173009,1.78936504083806,2.23253157689253,1.48500687570697,1.26616924308721,1.36838083162438,2.3984601182853,3.81190879856952,1.82409522925391,..
Argentina,ARG,GDP per capita (current US$),NY.GDP.PCAP.CD,7141.47507662826,2569.69963519124,3320.47775133903,4242.02099089422,5067.65342293276,5869.38028970204,7185.25155147027,8944.1102657357,8150.23527028221,10260.1313108254,12704.2831819684,12949.717486654,12963.675773326,12233.1444119186,13679.6264980954,12699.9623137756,14532.5009308511,11752.7998922979,9955.97478680428,8535.59938004389,10738.0179223384,13962.1894087223,14261.8465667948,13969.7836603737,..
Argentina,ARG,Total natural resources rents (% of GDP),NY.GDP.TOTL.RT.ZS,1.91854085449722,5.63090239331634,4.54405237920157,4.29522015828479,5.18727382834912,5.77560944191323,4.83861569507875,4.94937994883837,3.09834695426024,3.25709519384359,3.88650404225898,3.62564790864033,3.15558730477948,2.96561619466374,1.11677493458146,0.929681521135013,1.02056616793198,2.0371251352841,2.16668838721926,1.42962432529499,2.65308888983975,..,..,..,..
Armenia,ARM,"Portfolio equity, net inflows (BoP, current US$)",BX.PEF.TOTL.CD.WD,487297.393239599,-425621.163741731,48333.0508903976,1375368.91997125,130162.505263668,-467257.757308611,1376059.88171741,2878732.28654728,979602.279198047,7411841.24280524,2633137.16046997,2295373.44038758,-1829249.03147215,684242.488283691,4009276.60733515,3566124.26281348,-3248232.23518346,469197.934578552,-4603315.66214828,593323.512546377,2353846.32868953,3250677.44060418,801437.490065161,-2100973.2723807,..
Armenia,ARM,GDP (current US$),NY.GDP.MKTP.CD,2118467913.37873,2376335048.39976,2807061008.69084,3576615240.41616,4900469511.10191,6384452066.5146,9206301269.79164,11662040713.8753,8647937081.2562,9260285755.62424,10142111824.5835,10619320682.9474,11121464437.0415,11609513246.7958,10553337518.414,10546136235.5219,11527458709.0158,12457940694.7395,13619290539.2116,12641698583.2152,13878908628.9378,19513506553.1251,24185982215.6543,25955275380.0321,..
Armenia,ARM,Trade (% of GDP),NE.TRD.GNFS.ZS,69.8642663925336,73.9845018432309,80.0513676022426,73.0706339919371,70.1397385835334,61.0301379818566,56.9750470853147,54.5423279613666,57.2742357441995,64.642975973633,69.4355736620453,75.9616759606704,77.5550481598824,75.778866962639,71.6820743427575,76.0779674593548,87.202376539837,92.473107021212,97.847004865327,70.1213571368789,79.2489057647112,103.878629213508,123.418750077627,150.064726588742,..
Armenia,ARM,"Foreign direct investment, net inflows (% of GDP)",BX.KLT.DINV.WD.GD.ZS,3.29806741743693,4.65949974895044,4.37657009672654,6.90990201303095,5.96010687349519,7.30731450469503,7.25233231640274,8.09234920917782,8.78869421378729,5.7160373406455,6.44066805582743,4.67672759828402,3.11193185351156,3.50211415457343,1.74473701796819,3.16536727816995,2.19257337687685,2.14204783415544,0.736345856475298,0.463408850763634,2.64014282794454,4.99991586140552,2.39959276465582,0.506878336560983,..
Armenia,ARM,GDP per capita (current US$),NY.GDP.PCAP.CD,659.588988535629,742.651118319819,882.030167695474,1130.08791444158,1557.48458908655,2041.65267068997,2962.70234594569,3777.66859313767,2820.5926553347,3041.34450723339,3349.55309771906,3511.56399687426,3680.16692158886,3852.11800610384,3512.39350276709,3524.42476874707,3869.05373867752,4196.00562301769,4597.22887399548,4268.68093304583,4685.17997128509,6571.97445545099,8159.08720967996,8556.21406956719,..
Armenia,ARM,Total natural resources rents (% of GDP),NY.GDP.TOTL.RT.ZS,0.299938081907512,0.591149484619269,0.0332345972061296,0.0217229048828517,0.0102574769913297,0.0158025574327042,0.00929597821347469,0.21347522521498,0.374259981258235,2.65466288053785,2.92345860143158,1.49013408946162,1.09715390175807,0.306948916876512,0.760031512473456,0.22181770783942,0.245815847777951,1.09866113638474,2.20100166948291,2.42190551071811,7.05429982361028,..,..,..,..
Aruba,ABW,"Portfolio equity, net inflows (BoP, current US$)",BX.PEF.TOTL.CD.WD,..,..,..,..,..,..,..,..,..,..,..,..,..,..,..,..,..,2793.31284916201,80031.6955307262,-40964.469273743,-323625.426855903,51093.63,..,..,..
Aruba,ABW,GDP (current US$),NY.GDP.MKTP.CD,1896456983.24022,1961843575.41899,2044111731.84358,2254830726.25698,2360017318.43575,2469782681.56425,2677641340.78212,2843024581.00559,2553793296.08939,2453597206.70391,2637859217.87709,2615208379.88827,2727849162.01117,2790849720.67039,2962906703.91061,2983637430.1676,3092427932.96089,3276187709.49721,3346623191.45988,2471419181.71957,2880902798.92288,3324034443.26581,3834729616.12027,4265650673.00236,..
Aruba,ABW,Trade (% of GDP),NE.TRD.GNFS.ZS,140.391108618306,133.230771421249,132.794291274023,132.430929795173,145.050280144237,141.042626734626,139.972309491093,139.110149824701,137.556575933708,135.464654677581,154.437786862887,156.645197205944,155.731904417046,156.491052766236,140.493001133496,136.887263320827,138.716620095236,138.824972245657,137.9619293134,122.723738046404,139.917797708768,160.634546418015,159.018596924652,160.365278789947,..
Aruba,ABW,"Foreign direct investment, net inflows (% of GDP)",BX.KLT.DINV.WD.GD.ZS,-14.0750555726085,16.9490560127573,7.81642871198372,-4.68763897846137,-8.8049356352136,8.92046662114826,-17.5903165005138,0.664175810874169,-0.41563759901472,7.61167220218675,18.5057800383246,-12.0331802180755,9.97445713517423,7.46525460335849,-0.907264375161604,0.923397287531133,5.2533752062728,4.39981717177271,-2.2478342012416,6.51718576425329,4.63553026601194,7.4653342753216,-3.58459079731401,2.42051208397071,..
Aruba,ABW,GDP per capita (current US$),NY.GDP.PCAP.CD,20740.1325828172,21307.2482505267,21949.4859960868,23700.6319899197,24171.8371325422,24845.65848362,26736.3089444046,28171.9094008501,25134.7712303589,24093.1401510626,25712.3843015186,25119.6655449838,25813.5714408438,26129.8390617693,27458.2201537506,27441.5502144601,28440.0416881491,30082.1584226798,30645.8906024548,22759.8071750722,26749.3296093118,30975.9989121779,35718.7531191634,39498.5941293797,..
Aruba,ABW,Total natural resources rents (% of GDP),NY.GDP.TOTL.RT.ZS,0.0014191795529938,0.00137100806940249,0.00145277793252244,0.00158368130684963,0.00197275799182091,0.002449482525579,0.00243696444079606,0.00287298171598646,0.0020412189607002,0.00387013761309746,0.00380977060432498,0.00340775585550675,0.00245165331607624,0.00323517161852513,0.00238765944448716,0.0033437423337293,0.00282719063862959,0.00188469168678285,0.00168011577104813,0.00303719334778541,0.0020661282461218,..,..,..,..
Australia,AUS,"Portfolio equity, net inflows (BoP, current US$)",BX.PEF.TOTL.CD.WD,7388129184.94163,464547048.845174,12446167748.1518,-24585965975.668,9668321863.77672,14032276724.0281,14096721122.938,19794714780.9506,34461080653.9808,13149531227.6513,1307736452.53723,14324824732.7053,15560112652.5442,10742937990.5052,13771755649.5191,18288567404.4989,15654919838.7319,-7258818348.36764,17689942670.9002,22735498923.8143,32010745197.7165,47120048627.4668,-18787110493.5232,-1468146582.82667,..
Australia,AUS,GDP (current US$),NY.GDP.MKTP.CD,380360222861.197,396436967262.563,468517181129.878,615643050220.515,696811489612.816,749708370332.989,856603595823.192,1058448244063.77,931761689770.843,1152566632022.13,1402939868653.4,1552728401401.58,1583737461925.39,1474677007565.64,1356805839935.9,1211588128417.61,1330890554614.09,1433144978761.67,1398349602956.35,1333336461648.09,1560617493202.69,1695627535475.8,1734451264655.6,1757022451652.83,..
Australia,AUS,Trade (% of GDP),NE.TRD.GNFS.ZS,44.1337313971929,41.3813128146921,40.1348011794482,36.9505159618289,39.0978822564811,41.4878923489153,41.9297451276561,42.7522207880308,45.5936120867789,40.3905070860606,41.7219860149689,43.0198495527558,41.100511881056,42.2993095385282,41.4947506939901,40.813402217321,42.0354135251854,43.5732253645218,46.0016827052171,44.499564103879,40.2022359390595,45.6946418805752,49.044339318428,47.1453811065195,..
Australia,AUS,"Foreign direct investment, net inflows (% of GDP)",BX.KLT.DINV.WD.GD.ZS,2.81762721403267,3.69701188608667,1.9178050221833,6.96956991636737,-3.60113772652235,4.0750646338694,5.18803286061474,4.26757732505596,3.10519028312049,3.08482804330762,4.67434620832808,3.70774989384992,3.43950309398958,4.28599049307814,3.456117831131,3.54660341826144,3.62158795648508,4.23450805251819,2.77077560426989,1.34826011276187,2.01542405903096,4.05215286724898,2.03614704389564,3.03883928325354,..
Australia,AUS,GDP per capita (current US$),NY.GDP.PCAP.CD,19733.6510102645,20335.0960191023,23757.5898471684,30886.0500949401,34535.20727091,36658.8243476122,41128.2476618402,49811.2067218988,42954.8494884573,52313.8939041213,62799.3895017032,68301.4402512587,68476.6788496118,62817.2061751737,56970.3613028094,50084.4440606385,54117.547718609,57410.1737346009,55194.7585097428,51983.4523666382,60758.9044397144,65169.5191118657,65058.3773146674,64603.9856308464,..
Australia,AUS,Total natural resources rents (% of GDP),NY.GDP.TOTL.RT.ZS,3.26407566374002,2.91246931710995,2.4632460832839,3.14042166653573,4.34493817515352,5.29178471306579,6.51438107527135,8.52641938176426,4.96777338406714,8.06660025617252,8.72352035944917,5.29813880381044,5.32011574075874,4.76093943711509,3.23765474517452,4.08098789525561,5.06804774011339,5.22752063881788,5.74886126457436,6.09315865556076,13.3578752832739,..,..,..,..
Austria,AUT,"Portfolio equity, net inflows (BoP, current US$)",BX.PEF.TOTL.CD.WD,..,..,..,..,5996473331.56199,10362263870.7739,3940871172.49846,-6653432574.76176,147976828.510297,-538709101.442992,-225606572.706971,729778643.036586,1895316309.08302,1282973915.16215,1504023649.38319,1309981360.21516,5271736983.98082,-3630195320.45791,3033555606.4935,4801029950.85068,3673120977.27268,-2139678419.22349,-1189046396.06526,-1560611406.38529,..
Austria,AUT,GDP (current US$),NY.GDP.MKTP.CD,196477206829.33,212837224022.813,260779834340.097,299210411454.823,313952317330.776,333905979332.481,386760177589.497,429234399096.173,399290118782.429,389827789217.634,428954737064.057,406750487603.59,426580502769.417,438556021078.034,379546097300.633,393687359770.273,414926138132.691,452582294972.775,442983642371.842,434397601557.696,480466363176.806,473221298968.216,516670509628.876,534790720466.822,..
Austria,AUT,Trade (% of GDP),NE.TRD.GNFS.ZS,87.9962567186047,87.5844937054619,86.8822263228608,91.4742201880009,94.6747547827805,98.7857253161241,101.36495843546,102.7437043613,87.6004931021953,99.6448825546716,105.775098372378,105.840791389706,104.985374015367,104.49673998926,103.11758174626,101.573494597172,105.556066755438,108.377969971828,108.207284904426,99.9482141095975,111.032932124165,123.579578652902,115.152914822732,108.825777834405,..
Austria,AUT,"Foreign direct investment, net inflows (% of GDP)",BX.KLT.DINV.WD.GD.ZS,2.89572243102078,0.0650010498093938,2.37557550248335,1.0640170021225,25.8307026071969,3.14473468828869,17.8058113461032,1.46799597032563,3.58137196898673,-5.64539670207833,5.35812778038962,1.2830027920872,-0.302633479129545,0.389557041234778,-1.80409511056007,-7.23989904197038,3.38180275607348,-6.15119207172195,-2.85255617561831,-2.76332070661681,3.95409878611296,3.0221599256451,0.566112370322707,2.55351579610657,..
Austria,AUT,GDP per capita (current US$),NY.GDP.PCAP.CD,24430.495982841,26334.862215032,32110.1159661425,36614.2506533707,38157.37022862,40382.2078298575,46622.9622913635,51581.3982361071,47857.4446635266,46611.1393420232,51116.8953522042,48250.4059142637,50305.3545774973,51314.9722616322,43915.228020857,45061.4993920192,47163.7425775142,51194.0749841299,49885.9947355204,48716.4098900349,53648.6437976214,52336.7725223758,56579.504175468,58268.8787651601,..
Austria,AUT,Total natural resources rents (% of GDP),NY.GDP.TOTL.RT.ZS,0.159532033834928,0.158690317496488,0.151822926462491,0.131901261003047,0.146449379074254,0.186311361086543,0.208437154382889,0.258181874700959,0.167599741014842,0.216291377827594,0.244690493569111,0.238508218256069,0.218675365631407,0.191846540562628,0.134711076032329,0.111042441021613,0.121957004315667,0.140755073164382,0.110022913288221,0.07085049948111,0.117855774382781,..,..,..,..
Azerbaijan,AZE,"Portfolio equity, net inflows (BoP, current US$)",BX.PEF.TOTL.CD.WD,..,..,..,..,..,750000,2005000,..,..,626000,60000,41000,29847000,10412000,24495000,..,..,12000,19457000,74869000,117396000,4619000,-1197000,-12706000,..
Azerbaijan,AZE,GDP (current US$),NY.GDP.MKTP.CD,5707616203.72011,6236087738.28284,7276413079.11451,8680405740.94125,13245421880.834,20981929497.6188,33049419431.2244,48851293785.4483,44292427184.9492,52909294791.9262,65952796427.9473,69679944504.1972,74160560123.6902,75239785452.1022,53076235354.746,37866996882.9157,40866627351.9817,47112470051.7701,48174235294.1176,42693000000,54825411764.7059,78807470588.2353,72428470588.2353,74315882352.9412,..
Azerbaijan,AZE,Trade (% of GDP),NE.TRD.GNFS.ZS,78.8151854917601,92.8181443298969,107.551948506262,121.507115894117,115.841884607706,105.262399846369,96.6418081486575,89.2428968637573,74.7440416836369,74.9859884610856,80.5080450059522,78.263069540422,74.6758447629851,69.4832251953347,72.6015079073189,90.0773187345677,90.4023156823216,91.6725765369825,85.8181454084561,72.0178676487811,76.286865687015,86.9822732541779,83.5358861156321,82.6898691594703,..
Azerbaijan,AZE,"Foreign direct investment, net inflows (% of GDP)",BX.KLT.DINV.WD.GD.ZS,14.3593922707314,32.4654989629361,55.0728766554257,54.3650509070362,33.7957978256418,21.380140470442,13.9011034961161,8.1611083168233,6.54746236391725,6.337255132933,6.80050011965746,7.59651867931835,3.53211598676051,5.88846176710651,7.62606837682972,11.8828171505465,7.01669598350389,2.97797589143235,3.12183056112494,1.18790387182911,-3.11473447263613,-5.67773710614177,0.349083720733803,0.311206693209432,..
Azerbaijan,AZE,GDP per capita (current US$),NY.GDP.PCAP.CD,703.670998584686,763.108895463487,883.692580745256,1045.0136328106,1578.36733030667,2472.95725732287,3851.33015175141,5574.46810432575,4950.39949009423,5843.5337683582,7189.81869211976,7495.86527658099,7875.34536661549,7890.84028062087,5500.50364628486,3880.6852276838,4147.1981423222,4739.7943123408,4805.75371765917,4229.91064904503,5408.04535175023,7770.594223351,7133.02838048328,7283.8499076179,..
Azerbaijan,AZE,Total natural resources rents (% of GDP),NY.GDP.TOTL.RT.ZS,27.9091787893391,25.8803395854058,26.088568051437,28.7444372660525,38.5912506202751,41.4702603073283,39.1423596411944,43.040682245059,29.639296394547,27.8844974121657,32.878647863762,29.0119697503912,25.5323883349298,22.5181229967843,14.4439997922585,14.7854023448198,19.6746501247433,27.6209320144449,23.4349054129318,13.0027347945894,29.9383945565987,..,..,..,..
"Bahamas, The",BHS,"Portfolio equity, net inflows (BoP, current US$)",BX.PEF.TOTL.CD.WD,..,..,..,..,..,..,..,..,..,..,..,..,..,..,..,..,..,..,..,..,..,..,..,..,..
"Bahamas, The",BHS,GDP (current US$),NY.GDP.MKTP.CD,8317830000,8881160000,8870090000,9055290000,9836200000,10167250000,10618340000,10526000000,9981960000,10095760000,10070450000,10720400000,10475300000,11139100000,11837600000,11880900000,12446900000,12819200000,13277000000,10363200000,12037000000,13896800000,15271300000,15832800000,..
"Bahamas, The",BHS,Trade (% of GDP),NE.TRD.GNFS.ZS,72.5008806383396,70.2779817050926,71.063540505226,76.0019833710461,81.3962709176308,87.5507143032777,88.0128155625079,87.4292228766863,76.5210439633098,78.6756024311196,88.3336891598687,84.2515204656543,84.5484138879077,80.5370272284116,69.6779752652565,67.212921580015,68.334284038596,72.1542685971043,68.7866234842208,53.4207580670063,65.9325413308964,75.9829601059237,76.5494751592857,79.2424586933455,..
"Bahamas, The",BHS,"Foreign direct investment, net inflows (% of GDP)",BX.KLT.DINV.WD.GD.ZS,1.23072964943982,1.72038337334312,2.14428489451629,3.02143829739302,5.72797116772737,6.94760136713467,6.71809341196458,8.17172902365571,6.65159948547179,8.63699216304667,6.61957509346653,4.90812842804373,3.64907926264642,2.25581446274834,0.642663417838075,3.28594665732394,2.4470958481014,3.83334911094036,3.63206527371394,4.19368341635396,3.18239411083404,3.82040434055862,2.11151935376225,1.51932088638775,..
"Bahamas, The",BHS,GDP per capita (current US$),NY.GDP.PCAP.CD,25371.9237667614,26781.6195938652,26429.1247787663,26650.2934234303,28602.4181869995,29184.7865087908,30051.8489587756,29392.3824416397,27512.9130950084,27473.100430502,27090.8376801379,28552.0242683151,27642.7419759179,29137.2175632622,30719.405417469,30616.5363157284,31875.4881749619,32642.3353203452,33640.3369861278,26178.7537607708,30367.8605757708,34957.1613279737,38231.774484278,39455.4466548546,..
"Bahamas, The",BHS,Total natural resources rents (% of GDP),NY.GDP.TOTL.RT.ZS,0.00672552681484684,0.00802761910159939,0.00711913265164592,0.00632085195324348,0.00625322241800192,0.00740185924800783,0.00786416942490994,0.00881508179515022,0.00862539932676807,0.015294777644818,0.0133672662693222,0.0123502671887337,0.0157205965291449,0.0177506910216208,0.0142629231307782,0.0174296477466322,0.017196510578808,0.0131261113776456,0.0121899442192584,0.0192026251424872,0.0147540061086709,..,..,..,..
Bahrain,BHR,"Portfolio equity, net inflows (BoP, current US$)",BX.PEF.TOTL.CD.WD,1229000,365987000,238468000,20875617.0212766,1801075382.97872,133830000,138764829.787234,156382978.723404,-487234042.553191,1652659574.46808,981914893.617021,..,..,..,..,..,2572606382.97872,672340425.531914,1378457446.80851,3429521276.59574,2370744680.85106,1410372340.42553,6119414893.61702,3410372340.42553,..
Bahrain,BHR,GDP (current US$),NY.GDP.MKTP.CD,8976196808.51064,9593510638.29787,11074813829.7872,13150159574.4681,15968723404.2553,18504760638.2979,21730000000,25710904255.3191,22938218085.1064,26805984042.5532,29914680851.0638,31963404255.3191,33823324468.0851,34772526595.7447,32523297872.3404,33884680851.0638,37204813829.7872,39567978723.4043,40446808510.6383,35837632978.7234,40840212765.9574,46458191489.3617,46192260638.2979,47109734308.5106,..
Bahrain,BHR,Trade (% of GDP),NE.TRD.GNFS.ZS,127.026266277537,131.133634216392,128.091582155216,140.737310039923,148.313525108923,147.104181068989,137.785050572304,145.882511145821,117.963725409489,115.561486449616,167.529641035854,178.824020821684,184.58950884485,168.57585814186,147.916060172904,132.822997902774,136.429239810394,144.075372574535,135.417543398211,135.460985012931,153.799316485108,167.141241152535,157.447854682297,157.818492147586,..
Bahrain,BHR,"Foreign direct investment, net inflows (% of GDP)",BX.KLT.DINV.WD.GD.ZS,0.895243944446186,2.26180894388216,4.66554367760963,6.58021002500264,6.56659445840223,15.7508650085886,8.08243218951671,6.97757782740497,1.12105291032725,0.581105356633959,2.61026038592024,4.83265436536461,11.0211306090707,4.36728984042946,0.199529633421541,0.718174283238518,3.83300891199591,4.18079308703845,2.32837980010521,2.84973228101032,4.3566259787756,4.20018456310523,15.6428756083644,5.73694505846498,..
Bahrain,BHR,GDP per capita (current US$),NY.GDP.PCAP.CD,13573.2339887597,13501.4708801425,14486.0269029822,15963.9493171617,17966.1657837625,19267.282615072,20908.4042548073,23299.4992780392,19465.3140745038,21819.3291098099,25032.7867743333,26438.6733230428,26989.7601148469,26451.7965647453,23734.0551143019,23800.001440631,24784.7693514607,26324.4066549559,27259.7438599327,24342.8444554718,27147.8083882286,30470.5219276023,29290.1284215098,29653.5682731534,..
Bahrain,BHR,Total natural resources rents (% of GDP),NY.GDP.TOTL.RT.ZS,19.6064806102315,18.3096740288898,18.2515226696453,19.5474993928405,23.5501782556664,23.9324887044813,22.2759061285424,24.8161182032708,18.0762091411409,20.4621165633706,26.9949431372074,23.5822213574272,24.5336335455131,22.4113282575127,12.6346752292951,9.6486154919148,11.1603274625829,14.7513564173951,13.3637839937888,10.7041414154858,16.6400337175308,..,..,..,..
Bangladesh,BGD,"Portfolio equity, net inflows (BoP, current US$)",BX.PEF.TOTL.CD.WD,-3475016.5423753,-1365094.92329721,1630080.79411755,4258444.10068081,19520520.6696219,..,..,..,..,-53915649.7975773,50246309.3272445,133582922.84566,261862399.264986,357721288.102773,-104994999.426846,114334779.106299,258081454.046437,-32669788.3827967,-69735154.1239182,-354516607.340143,-269202296.707578,-169299712.740975,-134026399.012163,-56059653.8741692,..
Bangladesh,BGD,GDP (current US$),NY.GDP.MKTP.CD,53991289844.3291,54724081490.5102,60158929188.2556,65108544250.0425,69476001239.419,71795736172.1561,79611644974.5571,91636997370.9772,102475158190.998,115275540051.262,128607482310.357,133310747603.483,149998957434.186,172886611653.786,195146608978.131,265224515675.034,293732446624.596,321362752441.78,351231654603.692,373979442362.193,416271647911.014,460131689083.083,437415333018.291,450119432068.852,..
Bangladesh,BGD,Trade (% of GDP),NE.TRD.GNFS.ZS,32.0980170730117,28.9673807211649,27.657884900158,26.8582341492431,34.396934864465,38.1119244325921,39.9423826531735,42.6209140325589,40.092796223023,37.8028426708321,47.4208498356898,48.1109227490467,46.2964027228174,44.5140801968096,42.0859963070382,31.3341501346142,29.9997306724343,32.5146317240884,31.5780544912404,26.271447376215,27.7240047036631,33.7799672705735,30.9829714104596,26.7780758040478,..
Bangladesh,BGD,"Foreign direct investment, net inflows (% of GDP)",BX.KLT.DINV.WD.GD.ZS,0.145443904569924,0.0955793676464671,0.44596078329809,0.689472335587339,1.17065167448603,0.635863899506714,0.817756922700044,1.4496579161576,0.879517142536145,1.06896766308322,0.983399364184761,1.18850391920183,1.73532012481503,1.46870305074204,1.4507824552936,0.879528340271998,0.616341784631384,0.75354913412869,0.543244141585063,0.407859894856915,0.414118154040593,0.347960024540439,0.335721505298968,0.283870773350074,..
Bangladesh,BGD,GDP per capita (current US$),NY.GDP.PCAP.CD,394.65641001891,393.886422327628,426.74880754362,455.614016909798,480.08585075452,490.388026533289,537.955492792911,613.06204104124,679.211477428056,757.385280361508,837.336944695647,859.680536375497,958.262989798283,1094.46199702838,1224.38647668165,1649.28380858601,1811.08221668646,1965.24372731467,2129.79896954606,2248.85078828233,2482.84917843357,2716.48592780431,2551.01773827307,2593.41611680774,..
Bangladesh,BGD,Total natural resources rents (% of GDP),NY.GDP.TOTL.RT.ZS,0.95102951129156,1.15631580460455,1.1726703179764,1.25033088137691,1.42150860907864,1.62191450084584,1.28014684364958,1.24590842426876,1.19267876534874,1.41590969915937,1.58942506825245,1.55456977469424,1.15168388504547,1.0471807482358,0.899813880185078,0.716140756665905,0.710420009979719,0.649238822939078,0.637717563815013,0.560867699425496,0.610069177584654,..,..,..,..
Barbados,BRB,"Portfolio equity, net inflows (BoP, current US$)",BX.PEF.TOTL.CD.WD,17700000,1077500,34087500,295943.5,-4800000,1600000,52533765.9,20146763.12,-2843132.95,-4138902.5,783074.5,-2178765.525,-1006318.5475,-12675.6369587432,147896499.60633,-1533536,2575947.5,..,..,..,..,..,..,..,..
Barbados,BRB,GDP (current US$),NY.GDP.MKTP.CD,3054500000,3106500000,3209500000,3444500000,3819500000,4217323400,4675767950,4790410400,4466809600,5672900000,5663100000,5761450000,5667200000,5620600000,5698150000,5674600000,5683150000,6001950000,6161850000,5407050000,5947550000,6884900000,7223250000,7498050000,..
Barbados,BRB,Trade (% of GDP),NE.TRD.GNFS.ZS,..,..,..,..,..,..,..,..,..,..,..,..,..,..,..,..,..,..,..,..,..,..,..,..,..
Barbados,BRB,"Foreign direct investment, net inflows (% of GDP)",BX.KLT.DINV.WD.GD.ZS,2.99574106858733,7.35049907613069,5.75483061520486,6.62895921033532,10.2123680027307,8.11575176366603,10.1887985471991,12.8407137023166,7.970079027098,7.49770509942005,8.11486529224277,9.16515225346744,1.83669980165651,13.4093775773811,12.083324294887,9.82448659013076,1.60970470892023,4.02530011079732,3.49521864375147,4.84737518609963,4.01400677589932,2.90490784179872,3.11355691690029,4.04185101459713,..
Barbados,BRB,GDP per capita (current US$),NY.GDP.PCAP.CD,11639.5160522054,11760.4524736133,12075.9587020649,12886.3665272467,14214.4202213572,15619.6005955511,17235.4396434785,17565.6929970592,16294.9099491834,20610.5150721363,20508.1498810382,20804.1150004694,20410.2065438568,20192.7084081797,20424.2087530019,20295.5672072046,20284.5762052461,21381.2426303209,21912.1501242857,19194.4919736739,21079.6145271791,24387.0387293761,25583.878782727,26544.8707282621,..
Barbados,BRB,Total natural resources rents (% of GDP),NY.GDP.TOTL.RT.ZS,0.246298575712051,0.243476236193269,0.22450334353528,0.23925567556558,0.356611997189558,0.397643724326972,0.354933567682052,0.400710135217005,0.217755377729703,0.297144735120965,0.478258261538397,0.455018922008083,0.383795670096944,0.327779295536994,0.129202531392543,0.0966644797426343,0.13228226291345,0.214063429251287,0.230547661622418,0.138343276363777,0.328405869203115,..,..,..,..
Belarus,BLR,"Portfolio equity, net inflows (BoP, current US$)",BX.PEF.TOTL.CD.WD,2500000,700000,3300000,500000,600000,-1200000,4500000,700000,1200000,700000,-100000,-3500000,2000000,5300000,4500000,-300000,6400000,3700000,6600000,900000,-3502129.28,-272513.73,-422336.51,-655170.48,..
Belarus,BLR,GDP (current US$),NY.GDP.MKTP.CD,12354820143.8849,14594900944.7658,17825444724.4878,23141566292.9462,30210091836.8294,36961894281.3444,45275711995.825,60752106347.126,50873167326.0414,57231904542.8755,61762382327.9319,65685890438.8922,75527558966.4473,78813069120.9984,56454769844.7632,47723545321.259,54725405751.1559,60031026576.26,64410170653.4569,61371673344.7424,69673747131.87,73775179924.603,72478760370.4258,75961865471.9129,..
Belarus,BLR,Trade (% of GDP),NE.TRD.GNFS.ZS,137.044930473063,131.002058282291,134.141852273225,142.136510387704,118.88435169233,124.295103889386,128.153877979073,129.599478545475,108.63564482836,115.917972989303,157.974255073313,153.085269313372,119.815965235724,110.651424367582,115.914826201946,125.209322899662,133.367754723012,139.393736250171,130.850406102184,118.934176146534,136.014167877476,120.024207576094,131.584674884961,131.91792910245,..
Belarus,BLR,"Foreign direct investment, net inflows (% of GDP)",BX.KLT.DINV.WD.GD.ZS,0.775405864952368,1.69305705420781,0.963790820679998,0.707817258030317,1.01489264466989,0.966130137383779,3.99176494489288,3.60135661387402,3.68858496262614,2.43465600372626,6.48031997656593,2.22818019245943,2.97388136295762,2.36255232890544,2.92676775504253,2.61275643208459,2.33218919527708,2.37627120733619,1.976861708457,2.27010267778425,1.76640687852003,2.17745011943276,2.74854001098901,2.28598440253164,..
Belarus,BLR,GDP per capita (current US$),NY.GDP.PCAP.CD,1244.37318523431,1479.38066337175,1819.52653114699,2378.33700470129,3126.07176665248,3848.22350300163,4735.48107556066,6376.17569162063,5352.48809190697,6034.67885177216,6527.6593428786,6953.21591683101,7998.0802045456,8341.31809294883,5967.05595058777,5039.77560949445,5785.54491935194,6360.037502312,6837.77339645635,6542.85579976768,7489.71894713888,7994.64806074889,7896.75388295584,8317.63399913792,..
Belarus,BLR,Total natural resources rents (% of GDP),NY.GDP.TOTL.RT.ZS,2.14528094220705,1.81125653175824,1.76539619642518,1.79153055739652,1.76999857555488,1.67789507585865,1.55510160465908,1.60385129982227,1.14110578701464,1.2135788388197,1.6541017837394,1.72782026745452,1.43580105606,1.32461564136151,1.16867046065759,1.24276957113325,1.56417583319201,1.98128406238056,1.66960534709783,1.52063831654103,1.86330240223309,..,..,..,..
Belgium,BEL,"Portfolio equity, net inflows (BoP, current US$)",BX.PEF.TOTL.CD.WD,..,-467162379.372064,3187402200.4424,4095366722.9798,5707370222.64854,4590305358.77657,3358360696.7742,8794547010.74507,-3245728425.53326,-3865093507.21499,-4897723146.16472,3686423727.18371,7675155751.99425,8256209386.99374,7756070852.57383,-12389973792.0417,10862177005.7993,-4392936058.16855,5732298105.87113,8491695536.0577,15989285883.0445,-482145738.311686,342091630.250912,764613957.521645,..
Belgium,BEL,GDP (current US$),NY.GDP.MKTP.CD,236746141604.37,258383599375.177,318082528506.588,369214712443.206,385714762230.039,408259840868.823,470922156309.453,517328087920.078,485014525992.461,481556503720.001,527196649048.639,498414364944.961,524097026598.55,537987419164.351,461044767544.531,474271566739.729,500908767351.53,542638913427.921,536726344405.489,529694473501.791,598522422241.851,591085783326.267,651330595110.011,671370081636.406,..
Belgium,BEL,Trade (% of GDP),NE.TRD.GNFS.ZS,139.576839834619,136.085149488081,132.715552833888,136.918405348432,144.529050669983,149.567509299511,152.468446875303,161.088447790447,135.13840572229,150.162563621427,160.765516888126,160.383301425059,157.573622782434,158.571610953523,155.068682045926,159.057696611945,166.904078237791,168.277692877218,165.46547893199,156.950121282783,177.381892440073,191.179031303786,165.846946501713,158.931826338067,..
Belgium,BEL,"Foreign direct investment, net inflows (% of GDP)",BX.KLT.DINV.WD.GD.ZS,37.2564694834172,7.01242443993657,10.8648744877518,12.0521106747569,8.72717720186463,14.4078713936675,20.5026740062328,36.8029204549975,15.948905674901,26.0596407490286,31.0366884311298,2.36956900950954,-5.65561784857252,-2.82643623555084,-4.23261410354123,12.1319420227113,-7.4442379017663,-7.66649538713467,-1.97252997818915,-5.69020542304612,5.6774240968721,2.22243107053374,-0.652181403274143,-6.1601989579997,..
Belgium,BEL,GDP per capita (current US$),NY.GDP.PCAP.CD,23015.0712632462,25006.191397109,30655.2092679024,35429.4077933344,36809.7013403619,38705.1067959147,44319.165448813,48303.397956286,44923.3400135081,44197.393671162,47760.8298776546,44874.1709182123,46964.5946777056,47995.7786961339,40893.804537772,41854.5498296444,44035.3239358548,47487.2100392561,46716.6227467964,45906.2875805246,51658.238294958,50605.7496677086,55291.4754541329,56614.5679499036,..
Belgium,BEL,Total natural resources rents (% of GDP),NY.GDP.TOTL.RT.ZS,0.0209970416496101,0.0236396361540334,0.0216927905709472,0.0158636559921044,0.0157284423744799,0.0192820878224606,0.0190730940958636,0.0183626272056819,0.0173168270083258,0.046971721948549,0.0658456068279226,0.0633726115847057,0.0591221259863187,0.0681065559752469,0.0352518039794327,0.0303780062977737,0.0371502006793434,0.0484487814693338,0.0422427798272169,0.0284876381171316,0.0448914290094104,..,..,..,..
Belize,BLZ,"Portfolio equity, net inflows (BoP, current US$)",BX.PEF.TOTL.CD.WD,..,..,..,..,..,4028824.5,..,1958000,..,..,..,..,..,..,..,..,..,..,..,..,..,..,..,..,..
Belize,BLZ,GDP (current US$),NY.GDP.MKTP.CD,1172045150,1243912050,1308280250,1400202000,1474298400,1590463100,1706190450,1738453600,1688012750,1748988400,1831576700,1917083500,2035191450,2138242200,2193095150,2239604950,2266028250,2285915050,2381187850,2047284600,2428606250,2846604350,3052362650,3203631800,..
Belize,BLZ,Trade (% of GDP),NE.TRD.GNFS.ZS,93.1624050489864,93.0794584713606,94.3631228859413,86.3853536846826,92.9971266332515,98.8810743235728,95.9555511519831,105.461874277231,89.5808843860925,94.8581591507411,106.914960208874,111.166652365429,108.672614067831,107.112517468788,104.070958799941,96.4998358304218,97.7072571800462,100.989214362975,102.441856907677,81.6431433128545,98.9824369429997,107.840250086037,106.400505850771,108.972446521476,..
Belize,BLZ,"Foreign direct investment, net inflows (% of GDP)",BX.KLT.DINV.WD.GD.ZS,5.21949933984009,2.04686311047792,-0.83504705917142,7.9628629551609,8.6080583090955,6.84256959940517,8.22731936335606,9.75973413898317,6.44782371601601,5.51460930694585,5.20581667105349,10.1300443506209,4.53263160783493,6.5987393918196,2.69569808214426,1.46157075571746,1.40473162686238,5.33885311944147,3.94384011758557,3.72214070775569,5.16738739330779,4.95003696669658,0.525413666914349,4.00992513639046,..
Belize,BLZ,GDP per capita (current US$),NY.GDP.PCAP.CD,4718.77715104739,4858.86062599362,4959.74012434605,5153.71308265363,5270.41479135312,5524.78167834986,5762.21023302938,5711.81458859709,5399.67100001919,5461.40735999001,5596.05222152289,5732.66519942347,5957.34953619006,6128.12053089077,6154.62264230369,6140.86713919469,6071.85451846453,6011.99036888587,6171.61449761423,5238.54078175696,6142.98930557031,7068.21728043145,7424.75821321022,7681.24400583113,..
Belize,BLZ,Total natural resources rents (% of GDP),NY.GDP.TOTL.RT.ZS,0.204856054940229,0.214525511494211,0.209561895130113,0.185339714258494,0.216624955471021,2.3394592469035,3.04354958283073,4.78778762102232,3.21021774100455,4.21853544863999,5.75130266465738,3.9491024337509,2.7478714589422,2.06063048735068,0.832694636763692,0.707884094800211,0.740544655771488,0.796890251194486,0.584709328866043,0.478914006262091,0.523036536890701,..,..,..,..
Benin,BEN,"Portfolio equity, net inflows (BoP, current US$)",BX.PEF.TOTL.CD.WD,-350902.25210294,1517918.29790852,-367306.337960292,-2910846.37557725,2296786.70986712,283293.913903428,4936969.35419044,-1795963.95871795,9017774.41382876,4896984.83792903,1264725.17366124,1330901.11476676,3790669.01367014,5829786.87268675,77074929.5988056,9377231.43141189,17528600.1707968,-282061.389772465,-8178758.16106653,-327619.337698705,699701.664482084,518788.880824252,431777.546812542,..,..
Benin,BEN,GDP (current US$),NY.GDP.MKTP.CD,3666222635.13875,4194342686.2178,5349258094.48239,6190270380.49856,6567654954.38903,7034111314.88812,8169048382.83875,9787734526.23965,9738626517.00319,9535345015.78355,10693321363.6574,11141358115.8991,12517845123.9315,13284527846.9081,11388160996.7738,11821065853.3838,12701655836.9467,14262408089.9261,14391686313.4641,15686741883.934,17687623530.3355,17425405090.862,19673291004.1444,21482643706.4249,..
Benin,BEN,Trade (% of GDP),NE.TRD.GNFS.ZS,48.2571706392197,43.7684225364311,41.6162305574334,39.9029743365096,39.0959311879142,39.7746987128551,49.1137841529705,47.7753592695169,44.7026290629806,51.4308599492924,47.2170288118403,50.7367367791134,59.2001918331875,65.2682749404551,56.7563131849476,58.9869283378276,61.4765969588474,61.7951944903448,63.68133231423,44.8332333768726,48.0548608324409,44.3815928877424,44.6631308180211,40.6398022401523,..
Benin,BEN,"Foreign direct investment, net inflows (% of GDP)",BX.KLT.DINV.WD.GD.ZS,0.456588183737808,-0.462423415216639,0.198870349303422,-0.658688596039682,-0.133820369489742,-0.175764667500161,1.70386973478894,0.492562990177947,-0.193121764606275,0.561144747750256,1.50844050539908,2.52705777310103,2.87863747120321,3.054209933397,1.31501182124746,1.11488130998834,1.58170495191393,1.36073573251591,1.51620780888962,1.10934414138144,1.95608661099463,2.15770537478617,2.25158090881957,2.5276563137227,..
Benin,BEN,GDP per capita (current US$),NY.GDP.PCAP.CD,492.401499509072,546.463829658159,676.002878084282,758.695803786371,779.437777753268,809.147072506221,912.338247188342,1060.60254502099,1024.10277858112,973.244254931526,1059.41358852588,1071.5258366283,1168.92699279226,1204.39918670094,1002.41886879614,1010.5338961993,1054.97408066814,1151.7409703472,1130.82135339795,1200.19426557789,1318.65158075198,1266.42711031904,1394.17784721831,1485.38018885134,..
Benin,BEN,Total natural resources rents (% of GDP),NY.GDP.TOTL.RT.ZS,3.08482932392509,3.30280929086919,4.14024746183491,3.12542829249992,3.07234403993019,3.0487620934124,3.6269150463223,3.64875464694908,3.7029183280864,3.42232994008176,3.47893234434337,3.92162835813785,3.56116585676154,3.70461552370497,4.30030313599698,4.4537224695981,4.09835325309901,2.60830727598415,2.46799590195586,2.42798483756811,2.30442028320417,..,..,..,..
Bermuda,BMU,"Portfolio equity, net inflows (BoP, current US$)",BX.PEF.TOTL.CD.WD,..,..,..,..,..,63840000,164599424.777604,35070564.4518655,43951261.5905301,239777165.337768,-9245109.08445724,-9774374.27697841,-9547211.09,-56993640.04,54784130.96,141345182.36,362622842.05,-10475669,-22314965,-67575719,1294259,7992466,-94717118.97,..,..
Bermuda,BMU,GDP (current US$),NY.GDP.MKTP.CD,3680483000,3937228000,4186525000,4484703000,4868136000,6144000000,6767000000,6980000000,6656000000,6634526000,6312691000,6378188000,6465756000,6413988000,6654541000,6899911000,7142316000,7225977000,7423465000,6887364000,7290037000,7874381000,8579242000,9233600000,..
Bermuda,BMU,Trade (% of GDP),NE.TRD.GNFS.ZS,..,..,..,..,..,..,..,..,..,74.595080341836,76.2704368073774,73.7823030616219,76.2701066974999,76.5167474588353,73.2954985174785,72.7499093828891,72.3924284503794,77.5552703807388,77.5601016506443,69.1937002313222,71.4081698076429,75.1972250263227,73.5909186382666,75.2902443250736,..
Bermuda,BMU,"Foreign direct investment, net inflows (% of GDP)",BX.KLT.DINV.WD.GD.ZS,1.13572050190152,0.137152331538839,0.308131445530601,18.543033953419,0.897674181658031,-1.43505859375,9.12004716705005,2.45744472252847,-1.06291792617825,3.35684080299419,-4.08488216132165,0.746514450097399,0.849151218045336,-0.0534057831746824,-2.15032691390736,-1.06108315938513,-4.03383539732898,1.32046326053902,0.0591344675296509,6.9187294841684,0.681418926611757,0.0748475167550859,1.75782259401686,1.27620852105354,..
Bermuda,BMU,GDP per capita (current US$),NY.GDP.PCAP.CD,59490.2452034202,63358.5658652763,67106.8028083224,71692.1589001679,77628.103522508,97781.4558996721,107395.651483891,110268.562401264,104711.712420357,104111.824244802,99049.0169927667,100213.493385287,101704.40746217,100961.576602811,104855.366822135,108747.356144305,112339.425587467,113204.82210838,115798.040775578,106976.546239632,112765.08167306,121613.939983629,132604.439086216,142855.374713782,..
Bermuda,BMU,Total natural resources rents (% of GDP),NY.GDP.TOTL.RT.ZS,0,0,0,0,0,0,0,0,0,0,0,0,0,0,0,0,0,0,0,0,0,..,..,..,..
Bhutan,BTN,"Portfolio equity, net inflows (BoP, current US$)",BX.PEF.TOTL.CD.WD,..,..,..,..,..,..,..,..,..,..,..,..,..,..,..,..,..,..,..,..,..,..,..,..,..
Bhutan,BTN,GDP (current US$),NY.GDP.MKTP.CD,496110225.710307,559345263.708309,651935430.314445,735348490.428435,860391000.221655,942879878.538879,1255767964.00491,1317517834.59916,1331343797.77308,1708880730.20989,1977728658.68259,1973387227.96519,1943696951.65411,2089079570.58285,2187815803.36833,2357504760.78592,2591358009.20276,2583335721.85904,2735683570.46155,2457604333.90927,2768802960.11204,2898227743.75576,3012896789.24928,..,..
Bhutan,BTN,Trade (% of GDP),NE.TRD.GNFS.ZS,71.0945747295588,70.2833172005966,72.8499006593611,89.0605518004294,97.7434135429344,108.157794891125,106.929022415,101.954235669521,101.559411565244,105.010666693593,102.795600221106,94.0450271469571,95.0525382780424,87.9342562013295,89.6391604595496,76.3847528498375,76.7884016850221,79.7397203296083,76.1235167041505,71.8303510394637,77.5824482709826,85.5712165226139,81.7366278688545,..,..
Bhutan,BTN,"Foreign direct investment, net inflows (% of GDP)",BX.KLT.DINV.WD.GD.ZS,..,0.433615900118682,0.516969908871867,1.20485866433723,0.721867150911614,0.649361841531609,5.88132297381915,0.23863062320184,1.37452904839501,4.40487201345335,1.57461513860453,1.2354733641673,1.05127659163372,1.12656942719562,0.294858179551153,0.504099187674602,-0.638806366922729,0.10255942689779,0.475617042344246,-0.113401528947433,0.244983575408047,0.289904655137253,0.338339566584512,..,..
Bhutan,BTN,GDP per capita (current US$),NY.GDP.PCAP.CD,812.238210772056,895.799489930972,1022.38240311018,1130.35934606796,1299.94938578359,1405.6071618158,1850.41570433398,1919.59774896395,1918.39599211093,2435.5798056672,2787.97967608562,2751.2128864294,2679.95217201538,2849.49998647303,2954.04081911097,3152.30905106786,3435.28804735662,3400.20417245342,3576.87987100503,3191.66906999331,3570.61257980872,3711.32767981591,3831.32535494609,..,..
Bhutan,BTN,Total natural resources rents (% of GDP),NY.GDP.TOTL.RT.ZS,3.85986523622213,3.57415905695312,3.33824659651879,2.96502678462155,2.6909483288888,3.39463477873421,4.30343281187343,4.20220994620471,3.53573296043821,5.30448103550043,4.92099178553179,4.25283283104005,3.47642434931993,3.4188576402575,4.0282954127605,4.43640193256866,3.36403341231926,1.98850743903733,2.1900698281611,2.79203234949683,2.73325446048629,..,..,..,..
Bolivia,BOL,"Portfolio equity, net inflows (BoP, current US$)",BX.PEF.TOTL.CD.WD,..,..,..,..,..,..,..,..,..,..,..,..,..,20902436.2137536,18931535.5701094,21276822.8970716,30066627.7071037,23651297.984494,13405709.4159691,-2057290.83369386,4412575.76614551,-1874809.97011388,14063732.2988238,118226371.248658,..
Bolivia,BOL,GDP (current US$),NY.GDP.MKTP.CD,8141516928.39489,7905485146.44351,8082399639.54305,8773451751.5121,9549122905.32852,11451844902.2214,13120108008.3477,16674276285.8956,17339992193.7322,19649723722.1034,23963164696.592,27084497481.9103,30659338885.6729,32996188017.3661,33000198248.9146,33941126193.9219,45927439594.7902,48414038842.2576,49056643589.0014,42313784081.042,47877892402.3155,50959081953.6903,52340206946.4544,54881327452.9667,..
Bolivia,BOL,Trade (% of GDP),NE.TRD.GNFS.ZS,45.2278224315522,49.3502603725957,51.967836443987,57.4642660901316,67.6419413613743,74.537848431547,76.0619114476148,82.8670208961798,68.6270739127592,75.5116262512877,82.4803954243518,84.9487611684942,81.2309075267174,85.2644695625131,67.9328451905248,56.4010345026573,45.5761123650708,46.9261953417368,45.8209732749024,37.5164342446486,47.6670843158984,57.5249335789631,49.6083255594597,46.9778716148403,..
Bolivia,BOL,"Foreign direct investment, net inflows (% of GDP)",BX.KLT.DINV.WD.GD.ZS,8.66860569359696,8.55789350643914,2.442343967183,0.745772608696722,-2.49886824544741,2.45168756123775,2.79185385749299,3.07261074755318,2.43967814560444,3.16542867647895,3.58442251378885,3.9135501461408,5.7066221190291,1.98982485629696,1.68072787961335,0.988080149462259,1.55130384811576,0.624547731622922,-0.44160551411852,-2.66931283946252,1.21888494970059,0.0122391923945909,0.458812480265399,0.652112801170427,..
Bolivia,BOL,GDP per capita (current US$),NY.GDP.PCAP.CD,930.168227214313,888.221328974352,893.013760211149,953.191893246277,1020.12326200737,1202.71150446327,1354.54905949929,1692.67248455876,1731.18172112209,1929.78373077158,2315.52121930607,2575.59857098084,2870.02377000756,3041.43503162408,2996.01289811344,3035.87347732132,4048.40119739839,4206.8552936661,4203.15492855788,3580.96761778303,4010.76053686204,4219.46113742445,4274.70820547613,4421.16609889999,..
Bolivia,BOL,Total natural resources rents (% of GDP),NY.GDP.TOTL.RT.ZS,4.33368686543391,4.94485124710044,5.31627802754268,7.4299811875095,11.5452208680479,14.6334565247073,13.9849345825977,12.7766867611472,7.44851742232197,9.16161212209317,14.001095606139,12.3531411069095,11.9598682861297,10.5328802221264,4.11807754841214,2.97275312620724,5.01456692473101,5.37166725772886,4.09529358747088,2.7203797976672,9.46769419569564,..,..,..,..
Bosnia and Herzegovina,BIH,"Portfolio equity, net inflows (BoP, current US$)",BX.PEF.TOTL.CD.WD,..,..,..,..,..,..,..,..,..,..,..,56386.3219187763,-826829.068508927,-5702462.48749783,2244585.9688079,2647785.57195144,4921917.02980013,-2042787.09552923,890536.93760562,3641493.8627407,-5574294.01877752,-8635845.3861346,-1459128.79409323,-3296226.7860326,..
Bosnia and Herzegovina,BIH,GDP (current US$),NY.GDP.MKTP.CD,5800615374.76094,6728220982.88398,8498894359.38629,10156541220.9704,11222796336.5426,12864841905.9543,15778734264.3787,19112796623.1175,17613949091.2294,17176315803.7298,18644233537.1093,17226735995.6905,18179109209.3892,18558734107.1478,16404348361.0926,17116926553.8513,18326373135.6099,20484058033.1144,20482608984.3316,20226038369.9191,23672712121.2671,24534663636.1778,27592361498.4057,29613572022.8993,..
Bosnia and Herzegovina,BIH,Trade (% of GDP),NE.TRD.GNFS.ZS,86.0357340130948,78.7274783626,80.5694572639365,81.8126861817184,84.3554628217984,79.8299477752016,83.551858889163,86.1628798430504,73.7474942255023,80.9682159626823,87.8363477136556,88.1451088628529,87.9312380280562,90.5522780395662,88.291992587588,88.2440340022738,96.6458803566861,98.4320694182631,94.516125154246,82.5216467994007,96.7391144408744,110.205284377387,99.6330317954442,95.1562957108171,..
Bosnia and Herzegovina,BIH,"Foreign direct investment, net inflows (% of GDP)",BX.KLT.DINV.WD.GD.ZS,2.04280429156892,3.97979747748747,4.49216828974651,8.75886067110945,5.55844401745043,6.57577358932059,11.6737641903939,5.25748627826678,0.786371182353609,2.5840244914247,2.52952738058176,2.27539881306156,1.72337931811156,2.93590253684149,2.33529310215055,1.82975695066219,2.77975922538248,2.93781298692857,2.18661375097898,2.38939027026416,3.24230818475028,3.7882728069108,4.0920266922729,3.39024835333872,..
Bosnia and Herzegovina,BIH,GDP per capita (current US$),NY.GDP.PCAP.CD,1387.89362942121,1606.5467454132,2033.94700935864,2452.6860917386,2739.61076866057,3166.12865344833,3931.48948737505,4841.69311934649,4539.91863774968,4506.47828548389,4982.69375768263,4693.78899115381,5034.56634817068,5206.06573475132,4662.25869219448,4928.5665903114,5345.01978766473,6047.84707207392,6122.37541352353,6130.31187968266,7295.34378682258,7655.59421024383,8663.02326458629,9358.78768951134,..
Bosnia and Herzegovina,BIH,Total natural resources rents (% of GDP),NY.GDP.TOTL.RT.ZS,1.32134721307544,0.876972619924244,0.823756269015972,1.70617299249607,1.83045077708021,1.64395598738016,2.12464876712097,3.63776732743269,1.45852244978434,2.72228942887324,3.52625270170032,2.2205854902667,1.76161048085692,1.23632273750299,1.0186279504412,1.04695668588363,1.28162139967933,1.05259180342277,0.800756928062343,0.7812488464624,0.813398711441269,..,..,..,..
Botswana,BWA,"Portfolio equity, net inflows (BoP, current US$)",BX.PEF.TOTL.CD.WD,6043054.62430631,7127289.00946222,10205131.6586975,637858.182722011,27165681.3406947,36087336.8437301,9414587.99640031,-36722601.7824206,17679594.0448418,-64470031.4191613,-57201996.1944362,-4533951.94832815,-62709619.4060934,-66370107.8918979,-103619587.456467,-122782966.589636,-46596416.5464808,-47026494.6502319,35257735.7448337,8828802.01494795,10210868.2385375,27546465.7101017,39939952.7754377,34247023.3649787,..
Botswana,BWA,GDP (current US$),NY.GDP.MKTP.CD,5489608299.66445,5438863982.88692,7511582173.37724,8957467706.5354,9918907108.09702,9919158482.41085,10567270655.5027,10730829116.4105,10118459242.3183,12637273429.1339,15110643612.1729,13907464500.1489,14271738933.2042,15470088500.7414,13530748844.505,15082637184.0496,16105155856.7708,17031943186.1353,16725908148.5481,14960251607.8135,18750182236.2211,20321150599.1523,19411266967.1044,19402063512.9066,..
Botswana,BWA,Trade (% of GDP),NE.TRD.GNFS.ZS,87.5250655680957,91.8357740585774,85.8340425151264,90.9978228872631,88.5053520573505,86.612433913524,98.4965249407252,99.008222007989,88.4807886337378,94.6390020873926,98.9614677801469,111.875280620952,125.78303991122,119.497541791464,112.900891016005,100.464689766026,81.9239513763494,87.4551039946493,83.0929813601175,77.6634178592071,88.7587495865805,85.6117077543432,68.8033578360816,71.1052579052124,..
Botswana,BWA,"Foreign direct investment, net inflows (% of GDP)",BX.KLT.DINV.WD.GD.ZS,0.558884523880211,7.50151858437683,5.56528127484831,4.36383657370126,4.24294905100869,4.90881469396689,4.6808134501234,4.85440497340622,2.06256005196384,1.7280613479871,1.94040749024403,1.05040106491218,0.470417841005353,3.33019730942426,2.79773267452093,0.944944816734731,1.61796092921322,1.67893386448584,0.559653498041763,0.212513875084985,-1.70161470195308,3.49204705165089,3.82011318135645,2.40833479893043,..
Botswana,BWA,GDP per capita (current US$),NY.GDP.PCAP.CD,3206.07123689853,3117.25087183011,4230.12326909926,4956.69287735214,5391.07076619634,5291.58379144849,5529.12574632532,5503.07395314313,5082.93388332404,6215.73216077919,7287.38295334919,6595.53845015424,6666.91219583487,7122.36423421503,6141.20394726616,6749.05994339013,7104.96401088027,7407.95940141786,7172.08956480028,6323.2974967659,7807.88794570471,8328.7090572666,7826.35376483298,7695.75319445165,..
Botswana,BWA,Total natural resources rents (% of GDP),NY.GDP.TOTL.RT.ZS,1.16385362507893,0.914120248089873,1.93144907309188,3.22396760199793,2.34343304226201,6.44214501334577,7.41241849763415,3.96220451892022,2.2457224349065,2.10519505915873,1.89428505199175,2.25863530970605,1.42514080375562,0.927757760163875,0.804774555171728,0.762292638118151,0.880112468848718,0.869694754311434,0.656053805525875,0.675042393475679,1.03853443914101,..,..,..,..
Brazil,BRA,"Portfolio equity, net inflows (BoP, current US$)",BX.PEF.TOTL.CD.WD,2481200940,1980742540,2972604810,2080933160,6451252310,7715813474.50957,26217335943.55,-7565367449.97137,37071238200,37671282921.22,7173947294.34,5601757311.4,11126371480.21,11492921645.8,9786874386.37,11039830849.63,5673535220.18999,-2953215824.16,-1809748191.07,-5206084618.91,7593798086.89999,11452732157.19,834210216.59,-17512844211.93,..
Brazil,BRA,GDP (current US$),NY.GDP.MKTP.CD,559983704094.17,509795270685.19,558233724164.711,669289321944.512,891633826625.407,1107626711163.23,1397114247188.89,1695855391757.96,1666996294252.12,2208838108484.35,2616156606579.21,2465228293706.86,2472819362043.74,2456043766032.38,1802211999456.42,1795693265999.04,2063514688805.78,1916933708352.71,1873288158838.63,1476107292151.95,1670647464062.96,1951923832083.87,2191131869706.02,2185821648943.86,..
Brazil,BRA,Trade (% of GDP),NE.TRD.GNFS.ZS,26.936285024943,27.6183574077173,28.1403847215489,29.6782524803495,27.0867952052479,26.0416998879446,25.2926113757805,27.2575694165953,22.1059756060711,22.7721781132208,23.9344051765103,25.1142736103322,25.7859573281452,24.685405813292,26.9536259372369,24.5336820770756,24.3197343741684,28.876203376153,28.8902578697354,32.3020785443492,37.6563307592575,38.8160659764321,33.6662298301284,35.5845239385389,..
Brazil,BRA,"Foreign direct investment, net inflows (% of GDP)",BX.KLT.DINV.WD.GD.ZS,4.14759326073982,3.25358063263725,1.81340059419325,2.71353208011572,1.73389357182998,1.753125434984,3.19082655934052,2.99060892561747,1.88848240446291,3.73001226987179,3.91517954138648,3.75496210868766,3.04150922966082,3.57135261310663,3.59214973121732,4.13737853830264,3.33826028420938,4.07858861807831,3.69267330426814,2.59263784624068,2.77979074096507,3.86803201499441,2.86383330702497,3.38960802616211,..
Brazil,BRA,GDP per capita (current US$),NY.GDP.PCAP.CD,3176.28975052524,2855.94017137049,3090.6068907839,3663.82262497811,4827.78165890291,5934.14561857454,7409.69003822861,8908.33338467948,8678.6584730653,11403.2840038694,13396.6263158041,12521.7238454434,12458.8903396625,12274.9941630213,8936.1955889444,8836.28546025694,10080.5078722821,9300.66072904004,9029.83304401079,7074.19407495707,7972.53696080695,9281.33282136864,10377.5897719195,10310.5488778166,..
Brazil,BRA,Total natural resources rents (% of GDP),NY.GDP.TOTL.RT.ZS,2.23774123802714,2.8154673100718,2.70034429443933,2.53496036492128,3.65047497650545,3.82714515901824,4.10201494553661,4.7760488329414,2.38487387569911,3.64871282999395,4.33686638966397,3.85552495977285,3.78686028400519,3.28623279487755,2.35832735012319,2.43013532231265,2.73375767842298,3.61759120230309,3.21717303299592,3.22987656043381,7.94111199933246,..,..,..,..
British Virgin Islands,VGB,"Portfolio equity, net inflows (BoP, current US$)",BX.PEF.TOTL.CD.WD,..,..,..,..,..,..,..,..,..,..,..,..,..,..,..,..,..,..,..,..,..,..,..,..,..
British Virgin Islands,VGB,GDP (current US$),NY.GDP.MKTP.CD,..,..,..,..,..,..,..,..,..,..,..,..,..,..,..,..,..,..,..,..,..,..,..,..,..
British Virgin Islands,VGB,Trade (% of GDP),NE.TRD.GNFS.ZS,..,..,..,..,..,..,..,..,..,..,..,..,..,..,..,..,..,..,..,..,..,..,..,..,..
British Virgin Islands,VGB,"Foreign direct investment, net inflows (% of GDP)",BX.KLT.DINV.WD.GD.ZS,..,..,..,..,..,..,..,..,..,..,..,..,..,..,..,..,..,..,..,..,..,..,..,..,..
British Virgin Islands,VGB,GDP per capita (current US$),NY.GDP.PCAP.CD,..,..,..,..,..,..,..,..,..,..,..,..,..,..,..,..,..,..,..,..,..,..,..,..,..
British Virgin Islands,VGB,Total natural resources rents (% of GDP),NY.GDP.TOTL.RT.ZS,..,..,..,..,..,..,..,..,..,..,..,..,..,..,..,..,..,..,..,..,..,..,..,..,..
Brunei Darussalam,BRN,"Portfolio equity, net inflows (BoP, current US$)",BX.PEF.TOTL.CD.WD,..,..,..,..,..,..,..,..,..,..,..,..,..,..,..,..,..,..,..,..,..,..,..,..,..
Brunei Darussalam,BRN,GDP (current US$),NY.GDP.MKTP.CD,6096155767.38145,6333082875.56937,7167725261.92713,8619178773.51458,10547202620.5286,12644616418.691,13432029484.4012,15926456515.0049,11912904509.8582,13707121038.4383,18524791062.657,19048443340.7732,18094148098.6536,17097797386.0336,12930296870.1247,11400266044.6651,12128168045.1245,13566908391.0895,13469235364.7032,12005799653.9835,14006496617.4458,16681536466.7183,15095084656.1634,15340808592.48,..
Brunei Darussalam,BRN,Trade (% of GDP),NE.TRD.GNFS.ZS,91.0997876196857,93.2161814722477,89.085616098756,84.8821666638192,81.6201140155232,81.5709547429689,81.0114146368958,89.7454253523344,90.2870882587894,95.3715460226132,99.5379309038179,105.640902140819,110.939599584216,102.421000963035,89.8961882533585,87.319801332806,85.1768604269985,93.8980617666778,108.509658357959,110.291003658452,147.123112375318,146.973965879597,136.86343465048,132.587439642245,..
Brunei Darussalam,BRN,"Foreign direct investment, net inflows (% of GDP)",BX.KLT.DINV.WD.GD.ZS,0.995621601100518,3.62654271526088,1.72747847638813,1.31341824941979,1.65985733716788,0.694676100917879,1.91806992225192,1.39506580939608,2.73305999823298,3.50710078835613,3.73105568458092,4.54055753809902,4.28670084809197,3.35660901155102,1.32471179544033,-1.32059047324395,3.85818821585897,3.80486552830842,2.77118007919323,4.7105756528403,1.47404982867232,-1.73946797718401,-0.370504516227009,0.189449066349964,..
Brunei Darussalam,BRN,GDP per capita (current US$),NY.GDP.PCAP.CD,18287.8272281914,18621.2922577525,20677.9001143188,24423.0946995548,29386.2703822862,34674.7995236452,36217.3290706015,42156.5685838672,30946.4673773828,34937.5555357155,46382.8274255349,46968.5971164922,44003.0644273461,41026.5084247957,30625.1287744656,26663.2972950602,28024.3824580252,30988.1190267227,30426.5730656528,26834.3592233943,31006.9636289785,36632.9280952155,32890.5491812019,33153.4738913513,..
Brunei Darussalam,BRN,Total natural resources rents (% of GDP),NY.GDP.TOTL.RT.ZS,28.0689587422791,25.6090865095569,28.186665250467,30.6736955466632,34.870561902884,37.4065877795075,33.5991567858711,31.9744920960436,23.5521044849525,26.7152441963854,29.6086211413466,25.2092889599313,21.4732323194006,22.0986474634681,18.8982989274798,15.6737709259074,17.1505902720615,22.5076667399112,20.8493177212138,13.7524545777569,24.2800139399884,..,..,..,..
Bulgaria,BGR,"Portfolio equity, net inflows (BoP, current US$)",BX.PEF.TOTL.CD.WD,-8603380.75687748,-22927656.0843202,-23193285.9510594,21503762.1402256,449034874.575061,147563558.552536,88560349.9745159,-105508896.291225,7584790.35850151,-720000,-46160000,4490000,-19100000,-76640000,-28580000,-34550000,-110410000,48820000,-90920000,-165400000,-107080000,24370000,-49420000,9850000,..
Bulgaria,BGR,GDP (current US$),NY.GDP.MKTP.CD,14183446025.7389,16403043849.8297,21144957990.4681,26157743368.8716,29868657858.0082,34380536495.6739,44431257128.8618,54480684188.4442,52023801230.12,50689051382.4361,57681293006.9721,54297052002.2338,55819262374.9039,57080897012.1077,50765918159.1476,53929397039.2106,59167647387.606,66097226262.2191,68507731353.9114,70486877546.4901,84374613233.36,90506153293.6733,102199231384.542,113343355779.985,..
Bulgaria,BGR,Trade (% of GDP),NE.TRD.GNFS.ZS,79.0813687477668,75.2696110143524,79.0138853713575,93.063897964183,99.7142112127381,111.04746275381,123.532557660753,124.688747515359,92.6926456036375,103.380522321192,117.41810388629,123.971322714174,129.688682986482,130.248377115245,126.73664221295,122.805514356513,129.634429048004,129.166502930632,125.260418346411,110.423899846249,121.214088263823,138.844877241238,119.899505956556,110.22631455921,..
Bulgaria,BGR,"Foreign direct investment, net inflows (% of GDP)",BX.KLT.DINV.WD.GD.ZS,5.73162685921139,5.51519461491359,9.91625852839807,11.7462386509689,13.7204790059911,22.9038783511231,31.2286245169024,18.8997638100665,7.4901573261348,3.63569636783254,3.64730034700454,3.29319904868212,3.56335772880844,1.91587739023798,4.37575066215901,2.75996039584459,3.39254658352441,2.73817844158842,3.24233477901203,3.97434259753147,2.52884122158723,5.24661564677497,5.05888344751487,3.1312025090285,..
Bulgaria,BGR,GDP per capita (current US$),NY.GDP.PCAP.CD,1770.90704918691,2092.98288625558,2719.49436859287,3389.68743360274,3899.82596332878,4523.1465578805,5888.57081403932,7271.30338858025,6988.27316296465,6853.94805511171,7849.58061302818,7431.95789508871,7795.98092108928,8069.60005667684,7268.65445473873,7822.49923292968,8696.68930427924,9849.38397225174,10353.7204584127,10760.211975413,12966.1457543396,13999.1949530956,15853.208636704,17596.0173663521,..
Bulgaria,BGR,Total natural resources rents (% of GDP),NY.GDP.TOTL.RT.ZS,0.714335209608195,0.459805802148112,0.430571953471522,1.13721174341521,0.981901509777394,1.83143811540013,1.6864723678113,1.97470276622532,0.704216078965934,1.67975403719023,2.14267004784609,1.60464880529568,1.1076323174832,0.784766836474764,0.6587242316101,0.526340830586215,0.749247066231762,0.678372706778028,0.580269555247755,0.618935967577506,0.917744335906696,..,..,..,..
Burkina Faso,BFA,"Portfolio equity, net inflows (BoP, current US$)",BX.PEF.TOTL.CD.WD,..,..,..,..,-4333738.75478657,1393499.79271417,-921372.613287332,-2307174.67355901,-19136.9888527373,2570765.46176045,-3953327.17874308,-188261299.998751,-193685103.976956,65667885.898905,3502975.34210988,35097541.2168311,28317555.9599898,30733943.3745402,29320152.0598684,31338154.7097285,34154455.7835213,31881954.0009162,34424749.9829454,..,..
Burkina Faso,BFA,GDP (current US$),NY.GDP.MKTP.CD,3190371080.94768,3622350062.96053,4740768142.67494,5451688537.60959,6146353173.34929,6547419820.38113,7625722836.76847,9451435490.11467,9450696873.34326,10109619740.6994,12080295977.5632,12561015156.5683,13444300485.8412,13943016076.7436,11832159315.6298,12833363045.3367,14106955615.3442,15890066221.2882,16032813503.3707,17725010532.5268,19697516284.3787,18622421394.6133,20112614449.2039,23124729853.0218,..
Burkina Faso,BFA,Trade (% of GDP),NE.TRD.GNFS.ZS,31.6581708148511,31.3125228527966,30.3682364077323,35.4809436017462,34.1721697681049,35.1065423554549,33.7797172895073,35.3853169801502,40.2959836735924,49.0732385398039,57.4972531038508,61.2386079818398,64.0358513024234,58.8235624937426,59.0891813101662,57.8931727994406,59.2687802020168,60.5956256236488,60.4086928753226,60.7397786403239,62.4203586607795,67.5202901331655,63.1326851693299,60.5024222912348,..
Burkina Faso,BFA,"Foreign direct investment, net inflows (% of GDP)",BX.KLT.DINV.WD.GD.ZS,0.196436710369704,0.414815789165315,0.614299394603336,0.263190384062024,0.848145874654018,1.28064578676022,0.284717939080865,0.351169723487995,0.599468939611006,0.384492219825665,1.19074493368624,2.62145990530181,3.64766773141753,2.56255154786841,1.95992715697747,3.04380349897538,0.0182370342122821,1.68919942943091,1.0164787373679,-0.557279533533573,-0.405926078113797,3.59640793567206,0.544129932348491,0.358681465803854,..
Burkina Faso,BFA,GDP per capita (current US$),NY.GDP.PCAP.CD,259.485223380436,285.654087637533,362.373899996953,403.81283743461,441.164148016012,455.513655620024,514.684451177238,619.437533256264,601.569520671859,624.957252224766,725.024767725475,731.470138867833,759.762065168498,764.861675106225,630.124750752312,663.742364842886,709.091535894695,777.465618514048,764.853077774946,825.237038782475,895.535288442991,827.330843486661,873.482589651003,981.992649769081,..
Burkina Faso,BFA,Total natural resources rents (% of GDP),NY.GDP.TOTL.RT.ZS,4.7678329673339,5.7281615453601,6.32363457743713,5.43726005672726,6.37352650275332,6.43344765321295,7.8129241337381,8.59697070774107,9.57845327918773,11.0860921412972,13.6361933357251,12.4016028413011,10.7523406528446,10.3109055603822,11.6328502278275,12.6155172354896,12.3099089646115,8.87619594401664,8.32797318460633,9.17782687692865,20.1354014379911,..,..,..,..
Burundi,BDI,"Portfolio equity, net inflows (BoP, current US$)",BX.PEF.TOTL.CD.WD,..,..,..,..,..,..,..,..,..,..,..,..,..,1771706.65614529,7519196.89926772,2336182.56755118,-43891.2788073234,3172454.14006604,1195276.10108339,3375507.67590085,4775534.23361242,7009516.24400895,8749831.60598561,12281083.6731643,..
Burundi,BDI,GDP (current US$),NY.GDP.MKTP.CD,876794723.068586,825394519.423728,784654423.620476,915257323.3961,1117113079.73645,1273375078.44844,1356199387.42308,1611835857.04588,1775495032.424,2032135192.01248,2235812879.56709,2327402362.81574,2451624637.67157,2705826648.21019,2810532912.49975,2618093125.14687,2831362208.34039,2913411408.44783,2871555326.31029,3227847281.31544,3435598072.7935,4036192552.88879,3430949249.91221,3082433067.32634,..
Burundi,BDI,Trade (% of GDP),NE.TRD.GNFS.ZS,..,..,..,..,..,..,..,..,..,..,..,..,..,..,..,..,..,..,..,..,..,..,..,..,..
Burundi,BDI,"Foreign direct investment, net inflows (% of GDP)",BX.KLT.DINV.WD.GD.ZS,-0.0013048564735641,..,..,0.00488285714415741,0.0523404213217611,0.00248110542789525,0.036885807330262,0.237816296916251,0.0196229518082158,0.0384119130803942,0.150057243665302,0.0259911934949934,4.7612156740524,3.38973967159169,0.264702987630016,0.00210472726474442,2.30701019619549,0.228727114717487,1.05451097508345,0.656677740998658,0.650589004531073,0.625576918322977,0.990959506801914,1.08105925624791,..
Burundi,BDI,GDP per capita (current US$),NY.GDP.PCAP.CD,132.159554541932,120.952308575468,111.406682804391,125.194965184533,147.234619294225,161.892755640319,166.162744906755,189.502074570768,198.431524048225,216.727705301976,230.069761381132,231.098787811507,234.844770150871,250.544492155185,254.402585226788,232.937812100153,246.060725714184,245.661678332009,234.31061590725,255.8324539389,264.980379269655,302.992505263552,250.627253097255,219.424830882698,..
Burundi,BDI,Total natural resources rents (% of GDP),NY.GDP.TOTL.RT.ZS,18.812078088637,24.3014254644156,40.4921952045604,30.4545201860965,26.6807675145409,23.9491794618101,32.3563567682481,33.0482440437363,30.3366575642074,23.8533757417192,24.9891589486881,17.5501999315408,17.7328553188701,17.4547483367972,15.5344531520944,19.1016499815056,18.5076749744059,13.4317629933204,13.1274376353104,13.8475521568267,13.9570339894077,..,..,..,..
Cabo Verde,CPV,"Portfolio equity, net inflows (BoP, current US$)",BX.PEF.TOTL.CD.WD,..,..,..,..,..,287608.271502251,2222870.17779081,..,1862370.82096643,..,..,..,..,..,..,..,..,..,..,..,..,..,..,..,..
Cabo Verde,CPV,GDP (current US$),NY.GDP.MKTP.CD,563090490.377368,620507387.466174,813260468.873834,924940011.836897,972241676.907662,1107571457.90614,1649621738.63689,1959620648.31578,1852334575.17521,1824751467.92957,2046817987.20109,1913081210.41411,2028910915.16446,2041930125.42979,1749857620.35329,1849789985.99572,1996741539.95088,2205099506.99994,2252177124.32402,1821565613.68613,2051842618.70539,2247003344.34242,2504525548.71164,2725414150.72735,..
Cabo Verde,CPV,Trade (% of GDP),NE.TRD.GNFS.ZS,92.1637224974152,101.089702293616,98.7683808076547,101.567169989502,104.343839857053,117.816697232822,94.2062075477847,90.9663882396256,80.4609561325344,85.5484498816191,90.5564501122747,90.649916554117,86.1698600308418,91.3038524117221,94.0084870167993,95.3781398609533,100.052133904219,105.867524052105,103.602656463726,78.3934545931901,77.4550586265341,96.9941368513357,95.0324943346692,96.5053536678629,..
Cabo Verde,CPV,"Foreign direct investment, net inflows (% of GDP)",BX.KLT.DINV.WD.GD.ZS,1.60013112628632,2.37854487715663,4.82213415181345,7.312720061603,8.2812271109681,11.8764317277784,11.6247473388534,10.7624753520891,6.80241863090143,6.36802137795552,4.99538224029443,6.69129799994045,4.40125011545419,8.84407322092194,5.49024513305668,6.82845117866997,5.59469673480566,4.69595735976167,5.45788755667341,3.71218491455203,4.45730498164251,5.43014452079405,6.33796269296642,4.03361601888808,..
Cabo Verde,CPV,GDP per capita (current US$),NY.GDP.PCAP.CD,1223.33055331575,1328.57874270666,1717.97565369655,1929.49081468781,2004.14680417563,2256.99666191075,3324.57675212498,3908.64885822576,3659.72046361628,3579.46006137809,4002.01386888785,3736.81517011087,3960.97596791345,3985.60706548134,3415.06266730931,3608.96605234906,3893.09571382506,4294.96510035729,4380.78117331128,3539.22661248299,3971.44409203423,4323.31362032709,4794.90121917259,5192.48157325878,..
Cabo Verde,CPV,Total natural resources rents (% of GDP),NY.GDP.TOTL.RT.ZS,24.2633064289875,19.1975373411355,14.3561834653377,25.6539720118683,32.1530220394275,30.8532933725145,22.0523330657685,49.2057876087633,21.7497375837386,33.2873704914624,40.1340983255841,25.055847063546,16.5579387748728,12.0093542433174,9.49812397150104,10.1923207968108,12.3203094483764,14.343668170972,13.1611296712207,11.5827986817016,17.6577234520724,..,..,..,..
Cambodia,KHM,"Portfolio equity, net inflows (BoP, current US$)",BX.PEF.TOTL.CD.WD,..,..,..,..,..,..,..,..,..,..,..,..,..,..,..,..,..,..,..,..,..,..,..,..,..
Cambodia,KHM,GDP (current US$),NY.GDP.MKTP.CD,4145665969.92864,4501227626.62752,5046693484.31767,5883297159.87352,7066296463.3598,8350531016.65753,10127916459.8983,12174303999.0812,12502901169.7377,13808673288.0696,16032622023.8265,17826536699.8016,19807135252.8649,22041463967.9009,24174170369.0738,26556545153.3573,29355665909.7905,33145892168.8958,36685356407.7206,34818073901.4851,36790163687.4421,39994532959.6074,42335646895.7984,46352647037.2406,..
Cambodia,KHM,Trade (% of GDP),NE.TRD.GNFS.ZS,111.771741244001,118.269562072288,120.074969093599,131.351481056276,133.551965265648,140.348734318483,133.700023826819,130.393510678736,102.2879490147,109.998400607758,109.790505166814,116.740233418212,124.887552768657,124.454908526693,122.109596815379,122.704555602667,121.155451298689,118.43765541305,115.736679072448,122.105396346568,146.179846509715,145.873632761406,134.206842395931,143.447009703011,..
Cambodia,KHM,"Foreign direct investment, net inflows (% of GDP)",BX.KLT.DINV.WD.GD.ZS,3.53337669089546,2.90934773211661,1.61651685032136,2.2337173477841,5.36603852621255,5.78657071926189,8.56334609470361,6.69590818514056,7.42542554520067,10.169807189939,9.59845134883877,11.1524912445112,10.4430587644193,8.40902020300656,7.54029662001984,9.32318507305764,9.49760203098743,9.69240300027112,9.98500044202808,10.410239809326,9.4684591111041,8.94830125779534,9.35096701989758,9.48089832015712,..
Cambodia,KHM,GDP per capita (current US$),NY.GDP.PCAP.CD,327.500984314444,350.147276634294,386.691123931778,444.199067529081,525.797325120926,612.252648550727,731.692295125426,866.283999789749,875.748936193569,952.274616324008,1088.98152823081,1192.80263041673,1305.6600972686,1431.56396469993,1547.32010444393,1675.19555711109,1826.35391688754,2036.67377566578,2225.87705485686,2081.73914242939,2167.40324198499,2325.03050040841,2429.74853452838,2627.87969756224,..
Cambodia,KHM,Total natural resources rents (% of GDP),NY.GDP.TOTL.RT.ZS,2.53091563396547,2.59547615171282,3.41050263145395,3.20411639282305,1.80881542802358,1.80686995063803,2.24551946036928,3.09984061594357,2.86278006732138,2.69595952988072,3.05094914293833,2.30628839011523,1.91421458050803,2.54882052672262,1.81768657277543,1.84795765204296,1.93735308627642,0.878243793336486,0.714485690319546,0.939357675669705,0.835283715830679,..,..,..,..
Cameroon,CMR,"Portfolio equity, net inflows (BoP, current US$)",BX.PEF.TOTL.CD.WD,2176276.65224455,1043226.46932231,93119.9166659863,-8250874.64504028,-4208562.93079711,-5568256.72665594,-14495426.7369331,-1239910.19871538,-265791.511843573,36378.7565343461,-84880.8841383377,-86180.4989694446,-40494.0579707416,-30379.2958451633,-20948502.9512462,..,..,..,..,15123.0077197107,16539.7453711646,..,..,..,..
Cameroon,CMR,GDP (current US$),NY.GDP.MKTP.CD,10953485349.1135,12417251350.4882,15970315034.9903,18826214135.6419,19509852206.9341,20910512974.933,23928250433.0378,27715142032.913,27932970317.129,27507501821.0296,30630910495.217,30155062329.2821,33728621180.3231,36386544706.0806,32210233020.4569,33814337044.3765,36098547033.1655,39955552189.795,39667757527.6578,40773241177.0505,45011937346.8384,44347206072.5513,48814501547.4313,53296694320.2057,..
Cameroon,CMR,Trade (% of GDP),NE.TRD.GNFS.ZS,51.5722691890366,48.4817227279603,40.2431925894529,41.8377424272557,44.9976813478478,47.1044341803567,53.2156908605178,56.9244171562734,42.1761073594765,47.2385853965951,51.521987603918,50.0360127271229,49.6745363462134,50.8323893087648,45.5401468279393,40.6386315268268,39.1990216052629,40.587602877028,43.3785132480415,33.7388313623871,36.7308347188558,41.2866025594679,37.8903321242578,34.4031785915423,..
Cameroon,CMR,"Foreign direct investment, net inflows (% of GDP)",BX.KLT.DINV.WD.GD.ZS,-0.10652670822566,4.06898458469026,2.09694383064128,0.361118040793554,1.24860831295214,0.282739555044298,0.792290665611713,0.0757546676819469,2.671669501987,1.94952386693621,2.13270391251932,1.7488404761216,1.62296806273401,1.99484327731063,2.15564021048479,1.96334943457327,2.25620975874553,1.91485781286221,2.58340602489154,1.65595614712353,2.14061326900656,2.08735032157122,1.68299656289954,1.66655391243674,..
Cameroon,CMR,GDP per capita (current US$),NY.GDP.PCAP.CD,715.470296470585,789.623811072554,988.241276791846,1133.39326749673,1142.62466252106,1191.45458990968,1325.67248215933,1492.14269801453,1461.38999232337,1398.58702025047,1513.96056994878,1449.09874362279,1575.92882118897,1649.4433905949,1415.00009710569,1441.7201725688,1496.08951771242,1610.69641591017,1555.22660476477,1555.60370660749,1672.32657340872,1604.87726954895,1720.47510154506,1830.00833684727,..
Cameroon,CMR,Total natural resources rents (% of GDP),NY.GDP.TOTL.RT.ZS,5.68439536844397,5.27982808459118,5.0826805069134,4.73178788679167,7.39166566634719,8.54390800832229,8.98192175035093,10.0769277835546,5.82385438485316,6.92041886170631,8.16416608406496,8.40581417479506,7.33302882488587,7.03590731300358,5.63563339959601,5.36737216526029,6.08352640758934,6.10463986256462,5.55584424286198,4.34202268521826,5.52598268395679,..,..,..,..
Canada,CAN,"Portfolio equity, net inflows (BoP, current US$)",BX.PEF.TOTL.CD.WD,2711683850.08794,-916603471.237434,9947134021.71673,27143660834.5475,7570840826.43268,9504880858.76748,-42064637640.3887,3107553649.75232,23353576711.2049,17792565108.9604,21318185331.0304,951229148.656733,17889298755.9425,23181397069.7311,9415865032.13591,38865551464.3461,42278317299.4403,19500190361.6295,-1744333409.55141,-9630614218.33773,36288436484.456,-9213062057.63943,-35845550785.897,-5619248081.16319,..
Canada,CAN,GDP (current US$),NY.GDP.MKTP.CD,738981792355.372,760649334098.005,895540646634.787,1026690238278.25,1173108598778.68,1319264809590.97,1468820407783.26,1552989690721.65,1374625142157.29,1617343367486.26,1793326630174.52,1828366481521.6,1846597421834.98,1805749878439.94,1556508816217.14,1527994741907.43,1649265644244.09,1725329192783.02,1743725183672.52,1655684730000.19,2022378748423.23,2190411080134.32,2173339670064.33,2243636826633.76,..
Canada,CAN,Trade (% of GDP),NE.TRD.GNFS.ZS,78.3442183943698,75.7070320779233,69.8400946170607,70.1924199909562,69.7591330167357,68.0521644769988,66.2834197482347,67.0236083618983,58.4743918224897,60.2081215044483,62.4987387708328,62.5955489395005,62.2310749013405,64.3786621564923,66.1649020669781,65.3636845215556,65.1010608504649,66.5998858508762,66.1714852804959,61.1567709632763,62.2468367159421,67.3176215563989,66.6323313370668,65.1499212653783,..
Canada,CAN,"Foreign direct investment, net inflows (% of GDP)",BX.KLT.DINV.WD.GD.ZS,3.84192129292476,3.21914767807145,0.782967555453216,0.14146589604803,2.17816380917594,4.87410128955104,8.20055904886214,4.5151371416977,1.52413118076926,1.83725638740881,2.13783310760835,2.70016900895675,3.62980398357006,3.55390337011002,3.85389453706152,2.23835012140903,1.53752071953934,2.46931207254863,2.80676687017653,1.75897085668576,2.97618288160973,2.31755804932899,2.01979850018061,2.81029565355294,..
Canada,CAN,GDP per capita (current US$),NY.GDP.PCAP.CD,23822.096210932,24256.0192337185,28301.8645937428,32145.5412620217,36383.6600068095,40504.0370977806,44660.0838892281,46710.2526864484,40874.8831932903,47560.6666009406,52223.8588398531,52670.3447335415,52638.1187235237,50960.8431174661,43594.1941045394,42314.0615817218,45129.628116623,46539.1761570405,46352.8693445211,43537.839298904,52886.6616372703,56256.8007264015,54220.3285039875,54340.3477224733,..
Canada,CAN,Total natural resources rents (% of GDP),NY.GDP.TOTL.RT.ZS,3.49736523473696,2.86861445184707,4.12923765244659,4.43821726904446,5.56481908611814,4.0838166222725,3.90022693990303,5.07361690424834,1.92304119754021,2.12754227247051,2.59347020768665,1.44307674491624,1.71420267216183,1.68853293506066,0.332933838108915,0.786494936523475,1.19690470285221,1.79820431653194,1.93317583033348,1.24181874632923,4.94905581435186,..,..,..,..
Cayman Islands,CYM,"Portfolio equity, net inflows (BoP, current US$)",BX.PEF.TOTL.CD.WD,..,..,..,..,..,..,..,..,..,..,..,..,..,..,..,..,..,..,..,18141678.4346843,7752614.13066113,5172044.08817635,6814827.25930903,25687803.0162631,..
Cayman Islands,CYM,GDP (current US$),NY.GDP.MKTP.CD,..,..,..,..,..,4200288282.10157,4466278030.59167,4585948969.33223,4281714618.03238,4156841163.77763,4186073160.18254,4291004485.56803,4405796081.15984,4562853582.32463,4708167255.28727,4909322200.00212,5166281293.18715,5530178498.90783,5941896599.57333,5655357984.24218,6060813808.15072,6660161212.01997,7241244269.45972,..,..
Cayman Islands,CYM,Trade (% of GDP),NE.TRD.GNFS.ZS,..,..,..,..,..,..,..,..,..,..,..,..,..,..,..,..,117.436583958714,117.117122140321,114.83853985004,105.472790158919,..,..,..,..,..
Cayman Islands,CYM,"Foreign direct investment, net inflows (% of GDP)",BX.KLT.DINV.WD.GD.ZS,..,..,..,..,..,590.934129587437,631.63409905905,426.427226529901,474.06347248168,504.372474529354,743.700693196734,500.805925798403,792.31979140556,1009.0310578527,1709.82722352518,54.6762797370938,48.515881955007,3.13994473836616,18.1830873442761,123.314001465062,-13.3283722401281,-47.2171219717417,166.996362350542,..,..
Cayman Islands,CYM,GDP per capita (current US$),NY.GDP.PCAP.CD,..,..,..,..,..,87085.0945866141,89888.2611264853,89655.1185574521,81373.5721242232,76837.6710064442,75280.9617699986,75101.5906883232,75113.7342282813,75845.3055572577,76379.2098777987,77802.2535658023,80053.9442657031,83865.5540393356,88254.2902486867,82338.7977439023,86449.6749037302,93030.7051447803,99143.5180243123,..,..
Cayman Islands,CYM,Total natural resources rents (% of GDP),NY.GDP.TOTL.RT.ZS,..,..,..,..,..,0,0,0,0,0,0,0,0,0,0,0,0,0,0,0,0,..,..,..,..
Central African Republic,CAF,"Portfolio equity, net inflows (BoP, current US$)",BX.PEF.TOTL.CD.WD,..,..,..,..,..,..,..,..,..,..,..,..,..,..,..,..,..,..,..,..,..,..,..,..,..
Central African Republic,CAF,GDP (current US$),NY.GDP.MKTP.CD,932648604.751954,996068144.884889,1142315522.53864,1272360517.32373,1337894378.73743,1461859762.33459,1699811294.94935,1993407888.49838,2067381665.25454,2142591540.40068,2437982705.12093,2510126512.22831,1691544110.18543,1894813389.40325,1695825714.19282,1825018144.65595,2072349972.6818,2220979146.11241,2221301351.43918,2326720900.38047,2516498412.46384,2382618615.01694,2555492085.94725,2751494281.06887,..
Central African Republic,CAF,Trade (% of GDP),NE.TRD.GNFS.ZS,39.7304997372329,36.1085647794782,36.2312260023474,33.2439549188203,35.0709368656226,36.3958702287378,37.5808990187896,34.4375218095517,31.4942464896799,34.4304819543042,34.4756183327299,33.0594485943314,38.3992875721315,53.0950920179825,53.1451477769621,50.53064402191,57.1435457117119,49.6602000024318,50.0658000014868,49.5210200011921,44.159119995104,45.23357000162,43.480570208358,46.4318999802251,..
Central African Republic,CAF,"Foreign direct investment, net inflows (% of GDP)",BX.KLT.DINV.WD.GD.ZS,0.555825631817538,0.566657013276163,0.989218808380309,1.1867705571186,0.754917589946925,2.37163652036171,3.33860588929027,5.87486387887319,2.04509891475672,2.8712892233531,1.5138934301082,2.79010478789883,0.109532467338194,0.18339589636816,0.176904971713319,0.397590019652539,0.332412482969051,0.810612744001372,1.1525297989583,0.0746698927110639,0.214980465443776,1.00929791484186,1.51604656547544,1.46851186564355,..
Central African Republic,CAF,GDP per capita (current US$),NY.GDP.PCAP.CD,237.951702544735,248.639290978403,278.403992150941,303.461321152782,311.950023138687,333.942519903031,380.887048839475,437.24827472489,456.471673898404,476.873786950728,534.057281471636,544.395849142785,364.36696260838,409.8504859647,366.322853938121,387.176203444318,432.324025684263,455.243962859534,449.228467602439,462.879071294011,492.263142830507,467.359825026238,495.978897288721,516.160999996036,..
Central African Republic,CAF,Total natural resources rents (% of GDP),NY.GDP.TOTL.RT.ZS,10.8709245460195,11.3592017688794,11.7035944958621,8.16831180133758,8.63532012713763,10.0149391864689,9.94773670399437,11.7427274520468,8.76357439936913,7.89856275992667,8.45049853159435,9.16768384336065,13.29568815319,11.2660722533116,12.6926233912315,13.0582628938186,13.4175903775497,11.1787424768372,9.81112301862311,9.88532886509892,10.2601957578803,..,..,..,..
Chad,TCD,"Portfolio equity, net inflows (BoP, current US$)",BX.PEF.TOTL.CD.WD,..,..,..,..,..,..,..,..,..,..,..,..,..,..,..,..,..,..,..,..,..,..,..,..,..
Chad,TCD,GDP (current US$),NY.GDP.MKTP.CD,1710843377.00119,1997005708.81576,2742815071.5744,4422855660.82592,8655892392.92919,9709626596.13031,10865385131.5172,13385593990.3378,12317614053.6841,14058506663.7252,16685349673.9957,17892228569.8861,17865316886.3315,18144336903.7175,14559599499.5011,13026289835.7789,13349041408.7152,15327000248.8701,14905517742.8454,14932897821.2387,16871937697.5854,17828508289.6049,18340233748.8805,19518819751.283,..
Chad,TCD,Trade (% of GDP),NE.TRD.GNFS.ZS,64.3219080406854,126.350807849912,83.3789149599315,101.768590921564,77.577493649797,77.0815766029615,75.1059962731949,69.0677746090641,64.8597511917067,63.7311691270791,57.5437561870898,54.3851887421013,51.5308164549816,40.8116269859319,48.5114982079885,43.9580149331537,43.2900613852468,46.7384317860183,46.6777247152768,40.6428170621932,43.9465041015895,47.9883784319429,46.8951015094343,47.8679892951699,..
Chad,TCD,"Foreign direct investment, net inflows (% of GDP)",BX.KLT.DINV.WD.GD.ZS,26.8795142899677,46.275241273497,25.9829201533053,10.5541199124918,-1.1476866334562,-2.86740171976294,-2.96036446114529,3.48233332294757,3.04360891943899,2.22641001271938,1.68950609671276,3.24047414068829,2.91179134022524,-3.72317778039931,3.84380092336452,1.87837153237555,2.72215531343515,3.00704966736056,3.80153819394825,3.73465690769548,4.17913326043699,3.44402627536712,4.97994045498876,5.2230945466515,..
Chad,TCD,GDP per capita (current US$),NY.GDP.PCAP.CD,194.32295331156,219.061391951349,289.087621122168,445.850767157087,838.092107712557,906.897260572747,980.483531485103,1166.36883453841,1035.63719694254,1141.80069268412,1308.1421872538,1354.34344701937,1304.88742971475,1278.78981422494,993.990730610869,861.831767630746,854.46120040098,948.656629871231,893.336441643325,866.947814890409,946.358500208374,966.036468278568,949.333453674592,961.55975562506,..
Chad,TCD,Total natural resources rents (% of GDP),NY.GDP.TOTL.RT.ZS,8.36504776729485,8.65186088391704,14.3393379007977,34.9264279168197,36.3205988355502,34.2599109523942,33.0605206762299,33.9195928441547,19.3963985864073,23.7814056347722,28.1688125971144,24.7933556227023,20.0436304196548,15.6882203824047,11.9712071081449,13.110061160108,16.8846139020106,20.9399413766231,19.6499588651766,13.9330901678111,21.3429312625159,..,..,..,..
Channel Islands,CHI,"Portfolio equity, net inflows (BoP, current US$)",BX.PEF.TOTL.CD.WD,..,..,..,..,..,..,..,..,..,..,..,..,..,..,..,..,..,..,..,..,..,..,..,..,..
Channel Islands,CHI,GDP (current US$),NY.GDP.MKTP.CD,6232906290.4851,6663669064.7482,7332244897.95918,8553643354.08275,8827272727.27273,9676172953.08188,11514605842.3369,..,9100755725.19084,8902359316.35606,9648680025.8275,9454638123.23572,9594745810.67159,10527973277.6068,10109273770.329,9168857222.32574,9170044517.20264,10026394043.6136,10031864649.0819,9439810769.23077,11157540109.8939,11308272505.183,12507320838.3932,..,..
Channel Islands,CHI,Trade (% of GDP),NE.TRD.GNFS.ZS,..,..,..,..,..,..,..,..,..,..,..,..,..,..,..,..,..,..,..,..,..,..,..,..,..
Channel Islands,CHI,"Foreign direct investment, net inflows (% of GDP)",BX.KLT.DINV.WD.GD.ZS,..,..,..,..,..,..,..,..,..,..,..,..,..,..,..,..,..,..,..,..,..,..,..,..,..
Channel Islands,CHI,GDP per capita (current US$),NY.GDP.PCAP.CD,41873.7406146127,44459.7318188977,48570.7796632166,56259.5344226334,57647.1188908006,62745.1006593557,74139.97799443,..,57778.5407063052,56123.4597963451,60415.2632075658,58809.5698945413,59308.4666588674,64697.5485024325,61847.8212238857,55947.579811974,55806.3554257428,60784.8125397162,60564.6293993681,56785.9402005039,66915.3963925722,67627.1417347907,74585.5224096294,..,..
Channel Islands,CHI,Total natural resources rents (% of GDP),NY.GDP.TOTL.RT.ZS,0,0,0,0,0,0,0,..,..,..,..,..,..,..,..,..,..,..,..,..,..,..,..,..,..
Chile,CHL,"Portfolio equity, net inflows (BoP, current US$)",BX.PEF.TOTL.CD.WD,-217123773.22,-320320433.34,317740477.553,7615676.17199998,1570598512.52649,-124053130.436476,388263959.164961,1948323073.83831,327454573.512921,1764327180.30994,4650495891.85518,5632949904.54831,5883474417.25282,2184705368.14841,-6175317.0499727,1305656201.27914,448551666.922573,-1556877319.95708,2968119352.32673,203763089.130585,2593288582.63791,7738678132.099,-1416158922.5569,-783913180.9423,..
Chile,CHL,GDP (current US$),NY.GDP.MKTP.CD,71574739561.4329,70264045939.2773,76492579644.0605,99075985773.6682,122294145163.192,153843518170.864,172491076033.863,179894594475.405,171777900623.892,217051209238.534,251382573893.87,267024782486.855,277395018842.417,259560978224.359,242450355830.884,249344863928.438,276154259981.097,295857562991.709,278285058719.466,254042159309.311,315325547162.072,301226575540.242,335518054097.637,330267137371.592,..
Chile,CHL,Trade (% of GDP),NE.TRD.GNFS.ZS,62.1447669687645,62.4838519016295,65.693419590905,69.8893600532458,72.0625342380294,73.7116350448521,76.9770247140928,80.6766262406468,66.6860309631418,69.7176801370338,72.4816428077334,68.156142891334,65.1432879523879,65.6346281218887,59.3491104775309,56.0578610877723,56.0261589675707,58.177050633437,57.6117545680829,58.1828635629748,64.8774063237834,75.2016177425303,60.7247236874408,63.859857248066,..
Chile,CHL,"Foreign direct investment, net inflows (% of GDP)",BX.KLT.DINV.WD.GD.ZS,5.8676609577396,3.62905823074114,4.556949756395,5.01507138064187,4.89870698303569,3.0910197191962,6.11348994449279,10.4571112913238,7.42256247898025,6.84144686828522,10.4897738058645,11.9097449981544,7.61396398974862,9.83500371419039,7.32780348711267,4.55707488153847,1.89647029836548,2.68461345207245,4.87956164130548,4.50610139661101,4.81308998117864,6.2318507042491,5.47730938390937,3.79129110936144,..
Chile,CHL,GDP per capita (current US$),NY.GDP.PCAP.CD,4563.5952986689,4430.84741157984,4773.40177520754,6120.59152055344,7480.32330998636,9318.65655296121,10346.4138184533,10683.2188772511,10098.8017167286,12632.8704724192,14487.3927832032,15241.9069981119,15683.5486369155,14529.6767206336,13433.9202987032,13649.8520452803,14879.9086227187,15659.4808675628,14495.716721687,13114.815470545,16206.8325493421,15405.6165774073,17067.0364799154,16709.8893972307,..
Chile,CHL,Total natural resources rents (% of GDP),NY.GDP.TOTL.RT.ZS,3.94016087143578,3.69658229472728,5.01162090891452,9.56665341226193,9.79630843278012,17.3488493708667,17.1517567156625,13.8254393455321,8.79204050030603,11.9881628362203,12.1645185437385,9.05442637303188,7.66232423505302,6.87780503013052,4.04461870413776,3.20569572328577,5.30261792520974,5.83707726201581,2.56889266052365,5.48716936741024,16.9044168802743,..,..,..,..
China,CHN,"Portfolio equity, net inflows (BoP, current US$)",BX.PEF.TOTL.CD.WD,849000000,2249000000,7729000000,10923200000,20569000000,42861200000,18478120465.0191,8464027990.96817,29116669021.7512,31357093655.533,5308427622.574,29902702074.1387,32594970774.1324,51915788939.8445,14964496565.6,23416073023.423,36208879301.31,60667928466.48,44906049116.09,80334733544.4,82900846960.64,38464324948.92,11291258950.41,-20236688840.51,..
China,CHN,GDP (current US$),NY.GDP.MKTP.CD,1355036590251.52,1489821682050.54,1683903309843.85,1984196551300.44,2317551298052.05,2791498472804.33,3604055822571.63,4667346414521.95,5189577094997.58,6192564874453.29,7671757207851.29,8673664713189.24,9743124247267.24,10674533168257.4,11280814787468.9,11456024084962,12537559062282.9,14147765772963.8,14560167101283.4,14996414166715.1,18201698719564,18316765021690.2,18270356654533.2,18743803170827.2,..
China,CHN,Trade (% of GDP),NE.TRD.GNFS.ZS,38.0826469518334,42.1944423387413,51.0774801301803,58.6403340408439,61.3600749408237,63.5695798621627,61.2664640006176,56.7111330003209,44.4197644331119,49.8540722338977,49.9458272253643,47.4802130784317,45.9160413795571,44.0684564812532,38.6971848362625,36.177170692978,36.95085261586,36.8943843914718,35.1994202738836,34.0389507864581,36.5206911762676,37.440719876366,36.1051923691138,37.1984201388065,..
China,CHN,"Foreign direct investment, net inflows (% of GDP)",BX.KLT.DINV.WD.GD.ZS,3.47245235578959,3.56241418263928,3.43849537731211,3.43299015092913,4.49218509012467,4.44499743873593,4.33537500236917,3.67520717506325,2.52538984334254,3.93541996731512,3.65069190228423,2.78099138181613,2.98598708261986,2.51155883670463,2.14957284731563,1.52539470315394,1.32468971748482,1.66361992284408,1.28549226847992,1.68770756292082,1.8903454142588,1.03841365474349,0.280991103634816,0.0989988051182737,..
China,CHN,GDP per capita (current US$),NY.GDP.PCAP.CD,1065.40597574519,1163.55957673426,1306.97245408557,1530.92726215723,1777.64496828464,2129.25696999613,2734.72709877693,3523.44302065213,3898.24459158811,4629.24551710077,5703.76027973346,6405.0574241349,7147.03518622344,7781.06597484974,8175.33285077393,8254.86859320357,8979.67652709856,10085.6638148819,10342.9009524335,10627.4637989619,12887.4357242941,12970.6056414327,12951.1782397043,13303.1481543868,..
China,CHN,Total natural resources rents (% of GDP),NY.GDP.TOTL.RT.ZS,2.59237672666031,1.95629636692387,2.01790669504299,4.72487591845752,5.10277288536313,5.52119781017524,6.32787936346715,9.6484135442271,3.91782120825988,6.2867264165298,7.68520289897261,4.0884931932087,2.98307168349706,2.31013480472694,1.17476659078236,1.0524740832802,1.31423766724865,1.42518421392494,1.26691367576973,0.863774740928771,1.70756488252672,..,..,..,..
Colombia,COL,"Portfolio equity, net inflows (BoP, current US$)",BX.PEF.TOTL.CD.WD,-42330280.1048963,16983281.9999999,-51506176.09,129735835.383185,85770739.09,-30094608.8010801,790078471.876166,-86285982.9540631,67351122.4045435,1487960174.47504,2271919470.31647,3455183777.6397,1921217504.00513,1823211043.09358,639939240.392648,-362887503.168121,472082478.841171,-823122138.164658,-1231638444.56338,-453723568.711108,-1189269691.02212,-551034485.90517,19923914.0436627,537815663.20326,..
Colombia,COL,GDP (current US$),NY.GDP.MKTP.CD,98200641203.3892,97945812802.8882,94644969157.0987,117092416666.245,145600529605.803,161792958904.864,206229540926.312,242504150472.931,232468663109.595,286498534094.963,334966134804.887,370691143018.039,382093697077.685,381240864422.407,293492370193.166,282720100286.228,311866875156.879,334198218098.276,323031701192.84,270348342541.465,318524633225.395,345632492851.448,366291836137.916,418818154879.271,..
Colombia,COL,Trade (% of GDP),NE.TRD.GNFS.ZS,33.9011117949445,32.9826392144234,36.51618351723,35.8634269337995,37.422697494955,39.6413559606293,37.0988970982903,39.1676494164355,35.1561285074585,34.2646031687681,39.4704235545367,38.835151018669,37.9866487978457,37.4874656411103,38.3607641184453,36.202652984202,35.2829149424588,36.5347527968973,37.558533980839,34.0555709680101,40.0591463936128,48.2826551123359,40.3881324933957,37.0254687077888,..
Colombia,COL,"Foreign direct investment, net inflows (% of GDP)",BX.KLT.DINV.WD.GD.ZS,2.58851936306874,2.17844751407948,1.81783931129221,2.66083488771203,7.02979401438219,4.17238510059526,4.30867680626701,4.35627834630067,3.45627065154005,2.24433595561184,4.37269536127322,4.05728041313345,4.24252457969381,4.24107256687862,3.95939854860993,4.90164572903473,4.3931823276543,3.38083573220188,4.33058240931506,2.7588942895314,3.00175693787234,4.97124137726565,4.58478761240549,3.26725954832527,..
Colombia,COL,GDP per capita (current US$),NY.GDP.PCAP.CD,2472.99084035833,2428.92969771584,2311.94218760291,2818.57195413044,3456.06610874512,3789.85361217027,4769.926147194,5541.83629665898,5250.97292433518,6398.2958447102,7400.9940695669,8108.59838244229,8279.10255642981,8187.20824890084,6248.51490534512,5959.84250367574,6479.53231292429,6816.96818309544,6472.54544924705,5339.68711357943,6222.62164397614,6680.44506854481,7000.83660501046,7919.20886825345,..
Colombia,COL,Total natural resources rents (% of GDP),NY.GDP.TOTL.RT.ZS,3.898278216233,3.95007189063968,4.56302920257189,5.92813672580534,6.26115845587611,7.29062678619221,6.6997731158152,8.78822691726813,4.85703346033699,6.70109253013503,9.86049155221695,8.29683079092449,7.3843393604104,6.53057789835517,3.70587614553491,3.09947714544169,3.72823321108347,4.940258188938,4.30433092902696,2.55119417609951,5.32396445388134,..,..,..,..
Comoros,COM,"Portfolio equity, net inflows (BoP, current US$)",BX.PEF.TOTL.CD.WD,..,..,..,..,..,..,..,..,..,..,..,..,..,..,..,..,..,..,..,..,..,..,..,..,..
Comoros,COM,GDP (current US$),NY.GDP.MKTP.CD,372746486.166796,427360070.324544,546830040.540273,622679660.37137,655375095.906176,688498641.512529,795673152.867077,915659107.965823,905341172.70583,907978730.887844,1023086273.53336,1015843490.82374,1116224106.83728,1149587661.00693,966029600.862227,1012835493.19325,1077439756.59451,1178530633.24599,1187915408.87243,1218763671.26563,1272238390.85864,1222485532.31976,1326836543.00797,1440991455.45188,..
Comoros,COM,Trade (% of GDP),NE.TRD.GNFS.ZS,35.7572288509346,35.7571190335913,35.7569591176854,35.7570631253248,35.7574093238258,35.7572745739842,33.1561792127495,36.2185263542809,37.8969223253542,39.5501058029898,40.00094857244,40.8104424089423,39.2433304149929,39.2358244169194,37.8049520714563,37.1328797158337,40.164358921352,42.9961533369453,42.2680785372908,33.7299346029218,42.0677236368446,50.3887704814699,45.6837789196272,44.3731767499027,..
Comoros,COM,"Foreign direct investment, net inflows (% of GDP)",BX.KLT.DINV.WD.GD.ZS,0.307423421152582,0.100716007387665,0.145062208685244,0.108010654825932,0.0852741893191707,0.11306053010776,0.966721983950354,0.507893616352291,1.52866108214525,0.91966985988271,2.25967654324554,1.02133818400059,0.379103082802071,0.407499039358216,0.511029838634196,0.352458395658835,0.363776536091142,0.48130680430061,0.362046315267837,0.318014572633564,0.316353618234776,0.337727307705265,0.403422329791574,0.492716315085539,..
Comoros,COM,GDP per capita (current US$),NY.GDP.PCAP.CD,681.163857619963,764.61349832543,959.691049354812,1072.28409029621,1105.78796866788,1138.47908404345,1289.73631056361,1455.02768595586,1410.30516959473,1386.5742428453,1531.43789372951,1490.31511351281,1603.32797107303,1615.71723662012,1329.37048235986,1365.48403444497,1423.9248027797,1527.40527125285,1510.23218151592,1519.34665556206,1554.97289190153,1465.479642862,1560.27378476855,1662.75663312504,..
Comoros,COM,Total natural resources rents (% of GDP),NY.GDP.TOTL.RT.ZS,1.27343022376926,1.37514673190594,1.65536751885293,1.23259320703783,1.29730854580131,1.26530963882956,1.58338531970231,1.71669245535594,1.74911916314292,1.59344239758779,1.63354218561465,1.91653686564634,1.84106336379863,1.97695678379704,2.46576426845081,2.50675650816682,2.36385311111587,1.55194278873705,1.48652356146246,1.59920965443734,1.62843413378353,..,..,..,..
"Congo, Dem. Rep.",COD,"Portfolio equity, net inflows (BoP, current US$)",BX.PEF.TOTL.CD.WD,..,..,..,..,..,..,..,..,..,..,-2900000,..,..,..,..,-15649.6975837073,-10153156.1247035,-7415370.28837727,-29562176.9624087,-5576996.3,-2660966.76635029,665533.544390348,433219.65,176151.586260488,..
"Congo, Dem. Rep.",COD,GDP (current US$),NY.GDP.MKTP.CD,7438189100.33333,8728038525.14034,8937567059.87754,10297483481.223,12609728573.1032,15484044534.5783,18374807772.5429,22723488723.3641,18607259480.5447,24161641931.0331,26392379641.765,30029369928.7318,34891189160.3002,38352980552.8665,40179574490.3032,38600224214.4728,37537521565.5308,46659954092.4862,46845900350.0332,46691989748.9186,59067289573.5102,70422346142.2023,69843655425.2929,70962185790.7094,..
"Congo, Dem. Rep.",COD,Trade (% of GDP),NE.TRD.GNFS.ZS,25.0419375138391,29.3168456429821,54.0313561776419,49.3364146254994,51.0276749145565,44.7667089929736,72.9983031777719,72.9527093196566,63.0860045505312,80.9975153909582,83.4133637998303,66.7056747465748,72.5557545139014,74.1131729382021,57.7539236163245,68.0083342860132,65.9184525277578,72.5591739081336,60.9143523742792,61.0284707727916,75.3870523860732,85.8221691879958,86.7400581798289,100.554088317275,..
"Congo, Dem. Rep.",COD,"Foreign direct investment, net inflows (% of GDP)",BX.KLT.DINV.WD.GD.ZS,1.37428477040761,2.1493797198493,4.37764234247167,3.97216281770058,1.42746926673699,1.65396062655392,9.83955871746128,7.59918523525185,-1.30701676006767,11.3498081290486,6.04729215599495,9.62926566877035,4.86537109127196,3.90992337722209,2.90127515060918,2.41546438746157,2.79181852942997,3.01664160584951,2.88391132652101,3.20844071096691,2.84027556004194,2.00131622839817,3.40082269757578,4.10789956662809,..
"Congo, Dem. Rep.",COD,GDP per capita (current US$),NY.GDP.PCAP.CD,142.678142604412,162.38052907429,161.491553524396,180.664764963633,214.539740473519,255.445229568751,294.101615124419,352.900363371995,280.178991035792,352.400398754692,372.514273875789,409.931424783784,460.370334930107,489.175952097319,495.826633014883,459.765036590388,431.052559128788,518.169626875371,504.00419142286,486.425572682256,595.743074403567,687.738587554685,660.21205238997,649.383338556725,..
"Congo, Dem. Rep.",COD,Total natural resources rents (% of GDP),NY.GDP.TOTL.RT.ZS,18.4200094895652,18.8676859222972,29.5533566420657,24.0864214623167,23.7428655133964,24.0258161811706,25.7637080243213,28.4584070916592,28.261800820164,25.9608846428413,28.8830474855316,27.1229704627568,25.746219512295,24.5568779878184,20.1093927301662,20.5721227000572,24.7656558437341,18.4167757889728,12.7500585788424,15.9281973313702,38.8272665239082,..,..,..,..
"Congo, Rep.",COG,"Portfolio equity, net inflows (BoP, current US$)",BX.PEF.TOTL.CD.WD,..,..,..,..,..,..,48053.4469514935,127802.678710266,644278.624708823,139451.900048327,-161273.679862842,27421.0678539142,1901196.02172632,1237449.98409299,..,501176.486436793,..,..,75093314.5311189,31821482.5524857,..,..,..,..,..
"Congo, Rep.",COG,GDP (current US$),NY.GDP.MKTP.CD,2796704604.03812,3034250923.97726,3503723087.74483,4656974940.12721,6650001680.48544,8072305029.06514,8782703436.70188,11649857673.4436,9723299915.25312,13148396211.5955,15655383576.6515,17692911296.3044,17958720699.0868,17919321078.0284,12434793867.3568,10931328150.8478,11834473039.3645,14773900288.5135,13976637779.9763,11468687464.0046,14825690210.9157,15817030154.6941,15321055822.5167,15719986076.6464,..
"Congo, Rep.",COG,Trade (% of GDP),NE.TRD.GNFS.ZS,130.732481081873,135.45607107226,156.861777335368,131.368198717322,119.552892262402,125.600762974491,148.586625395069,133.108486659608,135.552365681975,124.064754399607,124.591742710141,97.444435145443,93.0028633915235,104.197620103417,117.320721558581,122.259818284021,94.6170952583422,100.583216779714,91.5757547930374,69.3066247188397,85.5462031552188,98.1613366922001,96.2103944039618,93.1881220839752,..
"Congo, Rep.",COG,"Foreign direct investment, net inflows (% of GDP)",BX.KLT.DINV.WD.GD.ZS,-4.84426109284501,6.59456506726084,6.28014568176251,1.90162065209621,12.0498455846018,18.4459801245354,16.216555026587,16.7210018165878,12.2288862499697,11.5772952217296,1.90783479461617,-0.391399397519283,10.4621010083708,16.1339951694307,34.4182561027248,0.46296936341342,37.3227748739474,29.2086100198947,-10.214754646531,-17.2921171034228,-2.15982873741865,3.36508336137956,4.0889721782705,3.83980276481754,..
"Congo, Rep.",COG,GDP per capita (current US$),NY.GDP.PCAP.CD,854.598314408095,905.538135544704,1016.82363412143,1306.10136324599,1799.05158366154,2103.5821381211,2206.47101863414,2832.09177777643,2271.15219175966,2946.55798067708,3396.16505817952,3732.32737320389,3697.41705884249,3601.2365808718,2439.35189403696,2093.10728558843,2211.63309874797,2694.43413191427,2488.42466724916,1993.586671931,2516.16255145432,2620.83804267402,2477.97845544866,2482.2489948456,..
"Congo, Rep.",COG,Total natural resources rents (% of GDP),NY.GDP.TOTL.RT.ZS,48.0984534986102,46.645011436159,39.3172945315231,40.0820482272883,48.0989114251068,53.3147620920685,47.4870837640152,52.6445029945798,35.5779092675085,43.9398414162223,51.8437302128778,41.3573491386651,33.1448495573332,27.6582312920434,15.885704604199,17.0000392659621,29.8063807729514,42.6682046537325,39.2430391553175,26.2181324216101,37.7125480946685,..,..,..,..
Costa Rica,CRI,"Portfolio equity, net inflows (BoP, current US$)",BX.PEF.TOTL.CD.WD,5745187.95613278,5882424.9297437,6056550.76421488,6288665.40428712,6646092.24523591,6985665.44239052,7394977.44391098,7840639.38664806,8087969.49376748,8087241.64201968,8551683.57709153,8928930.90795253,13760062.4584832,7625086.38778482,1487486.55771597,42186713.7701074,53273626.7696409,54339099.3050337,55425881.2911343,56534398.916957,87665086.8952961,129418388.633202,172006756.405865,175446891.533983,..
Costa Rica,CRI,GDP (current US$),NY.GDP.MKTP.CD,15976174336.9721,16578820687.2881,17271760506.9483,18610594846.2083,20040642476.9817,22715540324.3032,26884700709.3146,30801745700.4514,30745714312.6417,37658616951.8038,42762613698.9636,47231655431.7355,50949668841.6696,52016408854.2658,56441920820.5194,58847019609.6549,60516044656.5206,62420164991.5374,64417670521.3545,62395610760.0492,64960725734.1965,69243626028.5936,86497941439.0174,95350423176.5962,..
Costa Rica,CRI,Trade (% of GDP),NE.TRD.GNFS.ZS,80.852758718109,80.4139443360039,83.3277075355642,85.2564771965872,89.2226638923224,89.8145546136931,86.4565958439349,86.4015127113254,69.7593177251535,67.512089684107,68.6391465074016,67.0485392950976,64.0664105879442,65.1912420532368,60.753561939521,62.1784781768295,65.0719537438815,66.945342016636,65.7605300176622,60.1398862509533,70.7816423027085,82.2275325353143,72.4719990801769,71.3310137687617,..
Costa Rica,CRI,"Foreign direct investment, net inflows (% of GDP)",BX.KLT.DINV.WD.GD.ZS,3.89233617537996,4.36202694033196,4.48353970316272,5.8231265333186,7.62843539507747,7.92850433097117,8.33742597856098,7.90900698278232,5.25151067245965,5.06371170213526,6.39172539644787,5.70866124854743,6.29127735209415,6.23293662208767,5.23639457671538,4.45296211770326,4.83327522078441,4.829438721344,4.22094016659811,3.37043523313038,5.53072986406838,5.4175310653788,5.4191807109794,5.55680052586902,..
Costa Rica,CRI,GDP per capita (current US$),NY.GDP.PCAP.CD,3985.12984506207,4067.71851429092,4173.14856415514,4431.0117207843,4703.00721784778,5256.59640859159,6137.71199925542,6937.24261596055,6832.69829924138,8265.78820275582,9276.39107511347,10126.9991024177,10803.2401962173,10911.497878334,11714.7105980732,12091.0301606154,12317.0902771304,12590.2493781614,12884.6859951989,12394.0493969492,12838.1185358931,13625.9008491328,16942.0268119375,18587.1532203482,..
Costa Rica,CRI,Total natural resources rents (% of GDP),NY.GDP.TOTL.RT.ZS,1.05121844888149,0.981118861036768,1.02044880139504,1.00110593588162,1.12142978712725,1.49198409303492,1.63840228211153,1.48654911478283,1.2301475943504,1.62716715850808,1.26384990129987,1.2425772572914,1.34122901696494,1.387670718648,1.13397448273593,1.23322083330008,1.13383955527767,0.945537295658598,0.759689840900586,0.904748239780319,0.763407374189705,..,..,..,..
Cote d'Ivoire,CIV,"Portfolio equity, net inflows (BoP, current US$)",BX.PEF.TOTL.CD.WD,..,..,..,..,13881571.8838844,1560500.8000681,1648111.13158172,1938652.27991722,2247831.6064152,2231542.62248555,..,30441420.1321146,1162179.46376028,32805828.4070243,-11603.2886754581,8359573.16987818,24047597.8448731,15445530.857718,12347465.8629962,20849047.5896757,15102086.1010079,-190650.341511775,2148145.36933895,26735591.1951871,..
Cote d'Ivoire,CIV,GDP (current US$),NY.GDP.MKTP.CD,16810537043.8407,18054383320.8474,21251754340.4305,23510575681.3686,24036918703.1747,25281413263.3712,28760090953.3081,34078240293.2559,33886813250.2036,34936307980.063,36693710801.3976,36302302877.2977,42760235484.6093,48843005613.7091,45815005169.2651,48407761036.8238,52512343996.69,58522477786.6889,60382894697.3557,63027852805.4204,72794636653.7793,70922824813.9102,80780312569.1646,87113179149.284,..
Cote d'Ivoire,CIV,Trade (% of GDP),NE.TRD.GNFS.ZS,53.1141047180447,55.9019482275388,53.260060681877,58.1182963035946,62.8209360402806,63.690377061452,61.4309423484426,61.9406212969499,66.6729037469185,67.472940081257,64.7159030611345,70.3010893191249,58.3526792527234,53.6804175610344,52.7153604615931,47.5663138935656,48.6596050387177,46.040028237159,44.6604105830795,41.9426318190526,45.1140327762435,52.8663910413483,48.8170039103332,51.2640379409119,..
Cote d'Ivoire,CIV,"Foreign direct investment, net inflows (% of GDP)",BX.KLT.DINV.WD.GD.ZS,1.62207726789971,1.17744492416162,0.778244315036861,1.20362782194335,1.45218108383072,1.38823180058485,1.54311664780089,1.37441880759786,1.17339078576713,1.02606239201511,0.822954277239134,0.909737108884904,0.953203642314205,0.899528920528967,1.07914154751206,1.19375800859004,1.85673486381973,1.05998699614336,1.40583048179048,1.13111245703154,1.91282655892028,2.2547265327193,3.07641433618414,3.58346670744132,..
Cote d'Ivoire,CIV,GDP per capita (current US$),NY.GDP.PCAP.CD,924.727294962066,967.815864415991,1111.17135087887,1199.82524528546,1197.74616979415,1230.43056838584,1367.53817722326,1583.97066701372,1540.45393569596,1553.54887048143,1596.62826565998,1546.9460184731,1786.15862031324,1991.36539423404,1814.71855088017,1862.59597081287,1964.29930338343,2130.86619381144,2141.76836170115,2179.72934832935,2455.98127641148,2333.37128301259,2591.9659048119,2727.8935220697,..
Cote d'Ivoire,CIV,Total natural resources rents (% of GDP),NY.GDP.TOTL.RT.ZS,2.32208785748223,2.45890647990383,2.64883554896755,2.49321707811937,3.71197677716882,5.60158447625658,4.9838724678869,5.56200251854781,3.87323197312723,4.33013803473931,5.53239950172039,5.36757176448081,4.15503587681362,3.41935511091434,3.07259669730878,3.23053071841614,3.38876801583982,3.10996909544373,2.95827158248838,2.59163858078542,4.73502206212113,..,..,..,..
Croatia,HRV,"Portfolio equity, net inflows (BoP, current US$)",BX.PEF.TOTL.CD.WD,13087175.6114134,33269581.0469285,15004806.104416,176586181.834954,112880374.042466,408880789.817194,441791120.24143,-110046696.398808,25346068.6290555,181792542.260191,4047720.21128941,-149034469.468356,-59235455.0481723,-47806975.6836826,11303147.7738383,11559780.06321,34017915.8560788,12391637.5000003,-27020602.4891784,-147810572.567157,-8042691.3419913,-32613321.685606,-20217533.9934627,95241455.9704189,..
Croatia,HRV,GDP (current US$),NY.GDP.MKTP.CD,23066883849.6467,26757722428.6781,35245317001.8224,41836292157.3335,45013119281.806,49583544860.0759,59290621398.1561,68472854617.2831,62315996674.7984,58975205417.3439,62889007657.3899,57548115904.416,59846265181.8502,59606934500.9957,50998893384.8289,52650714171.8617,56182782585.9052,61667925219.0755,61466721186.3116,57959843541.3699,69002365163.3368,71196498671.1145,85624153964.0987,92983810328.9088,..
Croatia,HRV,Trade (% of GDP),NE.TRD.GNFS.ZS,79.4405856034588,81.1609977960211,81.4432514353208,81.6444126603338,81.4923355714118,83.5170835916925,83.262210381268,82.0790791060076,69.7015578897439,72.6467039932668,77.783952809242,79.0075493058138,80.9188132002026,85.2166241319216,90.6522705485118,92.1392009356077,97.2445256540374,99.0848546362534,101.394766564216,89.5480523143212,102.328697150799,125.410877974694,107.278314008304,104.912326073253,..
Croatia,HRV,"Foreign direct investment, net inflows (% of GDP)",BX.KLT.DINV.WD.GD.ZS,4.4945739209067,3.66542521482355,5.23880665324196,3.14124376125562,4.03155518239355,6.74944057100655,7.8356534436636,7.66671719087897,4.92586080575553,2.61983048198582,1.98600595263882,2.54586969790822,1.59393965737626,5.34793327281585,0.95816964866459,2.99037748818897,3.24019258507582,2.66912322417943,6.47286243805983,2.53925892567448,7.42754516764421,5.51626974323097,3.90300483680134,4.87780112464328,..
Croatia,HRV,GDP per capita (current US$),NY.GDP.PCAP.CD,5364.83824691607,6219.58164143945,8190.11135193887,9718.97322801967,10443.5278353294,11501.2099669894,13755.8321073292,15888.0606949392,14474.6519774194,13729.7654965022,14691.558296292,13507.7805260991,14134.9474982889,14186.7295493276,12283.7840620053,12820.1653893008,13901.7878144679,15460.3669595491,15563.5987295029,14807.5608543265,17788.7865816658,18465.5414420364,22184.2279304842,24050.4397933135,..
Croatia,HRV,Total natural resources rents (% of GDP),NY.GDP.TOTL.RT.ZS,1.00782506278861,0.768646694448941,0.697994961736429,0.662508301948664,0.719261359710503,0.92569028122449,0.917435702753136,1.10056698717934,0.778726740521708,0.917408126030443,1.29394046574726,1.2944420673614,1.1084798242986,0.867348745330344,0.698157062296322,0.511310613664342,0.658339390527416,0.773060031000923,0.619466125649912,0.439094632914067,0.681198197003712,..,..,..,..
Cuba,CUB,"Portfolio equity, net inflows (BoP, current US$)",BX.PEF.TOTL.CD.WD,..,..,..,..,..,..,..,..,..,..,..,..,..,..,..,..,..,..,..,..,..,..,..,..,..
Cuba,CUB,GDP (current US$),NY.GDP.MKTP.CD,31682400000,33590500000,35901200000,38203000000,42643836100,48835925925.9259,54262870370.3704,56302129629.6296,57481481481.4815,59562962962.963,68990000000,73141000000,77148000000,80656100000,87132800000,91370407900,96850649700,100050036100,103427600000,107352000000,..,..,..,..,..
Cuba,CUB,Trade (% of GDP),NE.TRD.GNFS.ZS,29.3610963815873,24.7293133475239,26.5871335777077,31.3114153338743,39.3613744331974,37.1880142882062,37.9676096642032,44.917220748508,32.9139819587629,40.2919413008332,46.9604290476881,45.8662036340766,44.3238969253902,39.2741528539069,31.6138124793419,27.2691132420785,26.2224363787618,27.0835484486147,22.8208911354416,15.6829868097474,80.0237703083904,93.8607755890525,120.533878427187,124.863238865053,..
Cuba,CUB,"Foreign direct investment, net inflows (% of GDP)",BX.KLT.DINV.WD.GD.ZS,..,..,..,..,..,..,..,..,..,..,..,..,..,..,..,..,..,..,..,..,..,..,..,..,..
Cuba,CUB,GDP per capita (current US$),NY.GDP.PCAP.CD,2842.96704310394,3005.21104247868,3202.78109865637,3399.21962893402,3786.33799225291,4329.98265964383,4807.43888960684,4986.12436479175,5089.23519757167,5272.26755824835,6104.46105236166,6470.83673392653,6828.36428245396,7146.70459051328,7727.91997207998,8110.55874283616,8610.60829605429,8911.46205998726,9232.26115935183,9605.27914559614,..,..,..,..,..
Cuba,CUB,Total natural resources rents (% of GDP),NY.GDP.TOTL.RT.ZS,1.17627917876909,1.36767488938968,1.92021874871511,2.70599089783315,2.637736541097,3.74613117909438,6.72039794760689,3.18662044497083,1.7631346184052,2.69060313010367,2.92694825350704,2.18752036209115,1.71188160483376,1.66734771791981,0.693800859230045,0.469100172114536,0.66367803344131,1.10185419907902,0.920750895009186,0.565351678337536,..,..,..,..,..
Curacao,CUW,"Portfolio equity, net inflows (BoP, current US$)",BX.PEF.TOTL.CD.WD,..,..,..,..,..,..,..,..,..,..,..,..,..,..,..,..,-1452709.03910615,-520207.888268156,5953597.56424581,217360.865921788,23144.0223463688,617095.318435754,-2058467.51396648,..,..
Curacao,CUW,GDP (current US$),NY.GDP.MKTP.CD,2143450726.25698,2160784692.73743,2202117374.30168,2237160502.7933,2344637262.56983,2457581731.84358,2593831508.37989,2833476145.2514,2869153184.35754,2951342793.29609,2930092237.27161,3012836256.55523,3033568606.16651,3059406995.39666,3058779211.89831,3024690188.01683,3033433248.15988,3046364819.53197,3026124115.73275,2534327592.49914,2739594359.5908,3075180834.72417,3281419347.37053,3561178196.20713,..
Curacao,CUW,Trade (% of GDP),NE.TRD.GNFS.ZS,..,..,..,..,134.911459782692,144.555511068893,146.049122473292,166.739541731544,144.702341659916,143.932211823816,172.923417836707,183.236460764441,166.406148932184,164.359817499142,148.31381621544,139.052978198311,139.812449178121,155.268858003963,..,..,..,..,..,..,..
Curacao,CUW,"Foreign direct investment, net inflows (% of GDP)",BX.KLT.DINV.WD.GD.ZS,..,..,..,..,..,..,..,..,..,..,2.40614386605524,2.31350889001072,-0.0497229528681824,2.26501702747432,4.78739209486991,4.39991505278562,5.69261131262937,4.16644113125828,6.71586643004897,6.14534824657672,6.23861045205909,5.71077944316966,4.16291089883125,4.347105970852,..
Curacao,CUW,GDP per capita (current US$),NY.GDP.PCAP.CD,16609.8454536485,16723.6925253468,16695.7351137757,16671.3403391655,17032.3356620744,17400.1637780186,18005.7165850772,19423.3352430175,19540.2476579348,19847.2310127979,19426.3264002202,19809.8223170482,19721.292182955,19623.0300713664,19361.8129630226,18944.0962772875,18938.2440965187,19119.1244887029,19220.6865793075,16299.8134349902,17795.5826616182,20057.1404747175,21217.8110321785,22832.8953958667,..
Curacao,CUW,Total natural resources rents (% of GDP),NY.GDP.TOTL.RT.ZS,..,..,..,..,..,..,..,..,..,..,0,0,0,0,0,0,0,0,0,0,0,..,..,..,..
Cyprus,CYP,"Portfolio equity, net inflows (BoP, current US$)",BX.PEF.TOTL.CD.WD,88899028.9901779,-3832305.97176055,-82886.419303226,-13886100.1488906,13211550.8223915,45974475.4654809,1439477.77706311,-2163451376.42768,705484896.170907,433872909.296315,681376176.071465,445366141.869507,447646293.519668,1552352030.93451,1192242636.21906,741506582.729689,-336033590.171098,10267870198.4773,228300811.397714,-6902489127.527,1560554164.55585,1427558842.91259,-1079638209.33866,1419484340.71863,..
Cyprus,CYP,GDP (current US$),NY.GDP.MKTP.CD,10397898907.1038,11420228846.1538,14547329558.3239,17320551250,18433412510.8817,20072754986.8272,23968727073.6381,27844646257.507,26048179949.1741,25799940077.6075,27641549301.6561,25047436974.6819,23959712860.8331,23225918259.9824,19909278416.8575,21046462280.5979,22946570628.7576,25754001367.5448,26196667099.5303,25555093854.2968,30372642502.4897,31218038929.0919,35075423857.0996,37634533331.8902,..
Cyprus,CYP,Trade (% of GDP),NE.TRD.GNFS.ZS,131.849067868114,123.64133212338,114.004632981485,113.903613489207,111.917065271958,109.806498040343,111.275122844623,112.925930874708,102.7910918992,108.901699269523,110.617131287039,112.344273297273,120.926200639389,130.84436307939,137.276426477193,139.022098457248,148.013355558135,147.623567410054,150.506169561162,160.66871645997,176.82773681987,205.753543745524,190.740788408329,190.40287092076,..
Cyprus,CYP,"Foreign direct investment, net inflows (% of GDP)",BX.KLT.DINV.WD.GD.ZS,9.08590170377257,9.66223830535239,6.24270945639917,6.459620091748,6.30362669067508,9.32556556614527,9.57345612845137,44.545975103769,252.667773383487,125.272737889577,151.736934875441,289.858110901793,108.090316098148,233.165753265091,137.220682764776,15.8272269765313,184.054282581805,307.086731038445,431.788470101997,-296.013199232631,21.8171172987561,0.172623612662826,-63.1546692723109,-133.824278977736,..
Cyprus,CYP,GDP per capita (current US$),NY.GDP.PCAP.CD,14821.44921875,16093.2158203125,20252.24609375,23792.619140625,24959.26171875,26729.28125,31244.87890625,35397.296875,32236.44921875,31105.02734375,32485.798828125,28991.935546875,27764.73046875,26993.103515625,23088.44140625,24280.056640625,26247.44921875,29120.375,29227.173828125,28130.341796875,32937.83984375,33231.04296875,36623.69140625,38674.29296875,..
Cyprus,CYP,Total natural resources rents (% of GDP),NY.GDP.TOTL.RT.ZS,0.00987827702334223,0.0109470392404487,0.00789406967300194,0.00877046492863859,0.00193200965790521,0.00186320101838702,0.00764839042080836,0.0195934764177584,0.0272664916801355,0.0445722498723438,0.0717517642796192,0.072728856527206,0.0449091633428491,0.0348718589179378,0.0198578971713362,0.00147131380581406,0.0053914863858221,0.00469231201910547,0.00361325176711909,0.0079310862289615,0.0127645649104764,..,..,..,..
Czechia,CZE,"Portfolio equity, net inflows (BoP, current US$)",BX.PEF.TOTL.CD.WD,616412331.901038,-264829396.371626,1104498773.8367,737515980.40199,-1540404347.94646,268481217.478074,-268398548.888633,-1124482881.08342,-310913551.368888,-231446454.2476,-1719212.4008482,-148254157.928473,106353419.366467,270186911.099268,181276958.757743,392219690.799721,855814498.920391,110292067.673044,-105190673.837628,140988591.652504,-47646161.6825461,-137277763.189713,991665706.307064,1825643771.28323,..
Czechia,CZE,GDP (current US$),NY.GDP.MKTP.CD,68135304463.9641,82607869609.574,100435924704.881,120147899983.657,137264185596.1,156236258386.589,190040702286.917,236506264753.95,206971882704.716,211168667286.27,231429378717.312,210363223087.728,213024360541.119,210911285077.683,189107698561.919,198160659303.939,221563575696.217,251992360762.236,256794209028.77,251109660602.536,290972714482.313,301831228325.556,345059295659.911,347034062928.479,..
Czechia,CZE,Trade (% of GDP),NE.TRD.GNFS.ZS,98.5368737300189,90.8792715456582,94.6468600665608,113.173975970415,121.191287316105,127.051015055016,129.876739504889,123.904809929948,113.049254784875,126.756480116798,136.750855542438,145.480195396935,145.502230624961,156.415122826886,154.018400997633,148.547004664435,147.750834854762,145.141717890789,138.154609993871,128.780430305965,137.378116302868,144.011494109397,131.892598295876,131.484981069952,..
Czechia,CZE,"Foreign direct investment, net inflows (% of GDP)",BX.KLT.DINV.WD.GD.ZS,8.27868500809023,10.2854716819753,2.01250274928445,5.34629831368761,10.0027291342114,4.56488300562003,7.26984053281639,3.72734017480649,2.54701925348654,4.81502985527419,1.80994155301699,4.48424380759869,3.45386726376292,3.83510153423089,0.898913491904098,5.47566421423918,5.07066240955503,3.30353998283407,4.18705737619001,3.39114066226469,4.43029524586196,3.02937517288668,3.4462419046487,3.76083530894919,..
Czechia,CZE,GDP per capita (current US$),NY.GDP.PCAP.CD,6669.07494847497,8101.26018588111,9852.45677945801,11782.5546676117,13442.4916284309,15259.0788162004,18452.6532812196,22774.7045076205,19817.4215836554,20160.4355077059,22049.1080788682,20014.0354015165,20260.4954999375,20038.4163180257,17931.5987670768,18753.9686718096,20913.197632212,23705.9329811299,24062.7190013343,23472.8915454417,27696.4619527544,28282.2236715857,31761.5944102491,31823.3078290564,..
Czechia,CZE,Total natural resources rents (% of GDP),NY.GDP.TOTL.RT.ZS,0.778678694450316,0.47003867905998,0.416967463955133,0.888200041529852,0.76785403178025,0.764905941611277,0.695946015888964,1.53373245830398,0.70108342596168,0.965734444102689,1.07008711032612,0.640579925432997,0.382852117100547,0.345428962074698,0.314061907144002,0.310276297011828,0.372292874562504,0.389418621280193,0.399790319341053,0.416571327081177,0.394999591152656,..,..,..,..
Denmark,DNK,"Portfolio equity, net inflows (BoP, current US$)",BX.PEF.TOTL.CD.WD,860708503.550931,590808585.696708,1388818715.50749,1561578511.78497,-3005402545.37818,-5453371472.46045,2607505093.14652,2786768005.78475,7219564433.95164,8765936487.69756,-2250776406.48878,4571351230.19536,10054826060.6577,6829978364.72336,-609235523.235803,4993774407.17729,4920964177.36363,-11183662776.7806,4782241960.3237,5249359535.72383,7017347451.31836,-5924342254.96165,-7023827276.2948,851321222.099556,..
Denmark,DNK,GDP (current US$),NY.GDP.MKTP.CD,164881594415.341,178788209558.311,218421193436.252,251986155630.852,265150087711.985,283386151543.687,320213157595.018,354979471960.142,322619152194.594,322345594075.47,344315595263.175,326792574244.963,344631016965.12,352832602064.452,301758922337.637,312181849372.233,331610593961.988,355293374912.393,345401473012.615,355631021931.621,406110162088.054,400114306337.077,404651706117.557,424524722037.047,..
Denmark,DNK,Trade (% of GDP),NE.TRD.GNFS.ZS,83.922664599029,84.4845925538271,80.7613001763544,82.0077308240144,89.3987952460671,97.4298607727841,100.047674594039,104.470310168489,89.3948566562728,94.3877282319057,102.012930474308,104.362280505171,103.612813249189,103.210859225139,105.130362453899,101.452783808643,104.215676920442,108.813985501909,111.891475065653,104.433432671151,112.321472697291,131.995824909071,129.625337431278,131.765030975207,..
Denmark,DNK,"Foreign direct investment, net inflows (% of GDP)",BX.KLT.DINV.WD.GD.ZS,5.63216582111414,2.47818532882922,0.542449723524164,-3.49390841296768,4.8451921902896,0.841695783435792,3.68799602330786,0.617279543987987,1.17142791849018,-3.56794135328115,3.93792637361731,-5.00312031968255,0.197410828523168,1.86415567840611,0.61075067778712,2.49983169836595,1.08780490285886,2.46670057625106,-1.10067098319484,0.363874538682217,4.18538817542322,6.9048667972729,2.0346382929142,4.29658848924698,..
Denmark,DNK,GDP per capita (current US$),NY.GDP.PCAP.CD,30768.4775471112,33257.1622586509,40519.0974905924,46625.050098011,48925.8076698784,52119.1787984282,58631.6566433635,64616.6657583663,58412.7472358513,58104.5445594981,61809.737898222,58443.7747103968,61377.5940590412,62520.4509747011,53094.0133607574,54500.9260410217,57521.5514992225,61324.7665045565,59404.2663247723,60985.4885601514,69340.7334922138,67781.0940939514,68043.5466971243,71026.4832271897,..
Denmark,DNK,Total natural resources rents (% of GDP),NY.GDP.TOTL.RT.ZS,1.23299491333174,1.17562784999384,1.10244846958108,1.30912670625197,1.72068305179766,1.82155048329142,1.60947260771918,2.10773304572988,1.18379214338833,1.21806959470816,1.63537891856148,1.52209845823621,1.17608346343677,0.983209243067839,0.521484568638432,0.342477974632511,0.470200711781742,0.587862611976543,0.446224762644461,0.162332732247836,0.33866438619955,..,..,..,..
Djibouti,DJI,"Portfolio equity, net inflows (BoP, current US$)",BX.PEF.TOTL.CD.WD,..,..,..,..,..,..,..,..,..,..,..,..,..,..,..,..,..,..,..,219478283.376753,-199458702.12299,-1125.35941166361,-20015361.1559691,..,..
Djibouti,DJI,GDP (current US$),NY.GDP.MKTP.CD,572417440.820162,591122039.601398,622044665.515049,666072101.777505,708633194.726566,768873684.032838,847918929.107984,999105339.267729,1049110684.72493,1128611700.3618,1239144501.77525,1353632941.5207,2044440443.16654,2220637966.25047,2424391785.43897,2604955228.70117,2762581334.22612,2913464658.08768,3088851450.30694,3144136196.6228,3392796953.08939,3562814908.76149,3898447007.38798,4152145939.98458,..
Djibouti,DJI,Trade (% of GDP),NE.TRD.GNFS.ZS,..,..,..,..,..,..,..,..,..,..,..,..,347.720317058403,298.564535821251,268.363456254629,213.071998607921,305.967966403468,300.398900523844,320.93923036418,225.744871323723,263.477728733891,302.285409231545,285.902043800644,241.237463098287,..
Djibouti,DJI,"Foreign direct investment, net inflows (% of GDP)",BX.KLT.DINV.WD.GD.ZS,0.592742006829803,0.580649337298248,2.28673980374562,5.78669482576557,3.13326292887826,14.0839401368509,23.0388936446947,22.785843817934,9.2325515288363,3.23415329697175,6.37538483893525,8.1261509172004,13.9893763417185,6.88983261287099,5.93271216592944,6.1420623506391,5.97013597143086,5.83497725047345,5.66550441566635,5.03254315668511,4.91482788768696,5.24930012962196,3.51446231641349,1.63337101411676,..
Djibouti,DJI,GDP per capita (current US$),NY.GDP.PCAP.CD,742.133791107063,743.013270420348,764.634465224597,806.261652944964,844.4483573908,898.464628136774,969.573220191902,1119.15233346969,1150.9375857489,1213.23352553429,1306.34552844977,1400.19357858954,2075.94498424748,2214.62084142432,2376.12554719873,2510.4300076241,2618.95521147369,2718.08338799203,2837.16902340932,2844.88810647853,3025.91126413549,3133.25779772463,3381.29779710722,3552.72335079222,..
Djibouti,DJI,Total natural resources rents (% of GDP),NY.GDP.TOTL.RT.ZS,0.415974590900068,0.454277724249501,0.623059168138342,0.573154706409986,0.539507984654084,0.616385691846383,0.523310116566421,0.790439021922725,0.743212074330782,0.838156180608274,0.888463490648047,0.945907199473507,0.526727088783967,0.788998443214345,0.662618364843773,0.484424417766637,0.571398008790601,0.278959298930402,0.358531614173272,0.322148755925581,0.277110490356489,..,..,..,..
Dominica,DMA,"Portfolio equity, net inflows (BoP, current US$)",BX.PEF.TOTL.CD.WD,-788.310831644748,1697.75385365136,6122.32656781659,22271.8621334538,12769.6007035671,-20307.2173558628,-33045.4790859961,39181.3657025251,38480.882167567,19494.8178082809,16309.9642248033,-2531.1335564701,-127756.050699588,..,..,..,..,..,..,..,..,..,..,..,..
Dominica,DMA,GDP (current US$),NY.GDP.MKTP.CD,377462962.962963,375200000,373318518.518519,396711111.111111,391455555.555556,416674074.074074,444685185.185185,480003703.703704,515618518.518519,519859259.259259,532081481.481481,520355555.555556,545325925.925926,572255555.555555,583177777.777778,612711111.111111,563355555.555555,628244444.444444,644259259.259259,528944444.444444,562911111.111111,623062962.962963,659311111.111111,688881481.481481,..
Dominica,DMA,Trade (% of GDP),NE.TRD.GNFS.ZS,..,..,..,..,..,..,..,..,..,..,..,..,..,..,..,..,..,..,..,..,..,..,..,..,..
Dominica,DMA,"Foreign direct investment, net inflows (% of GDP)",BX.KLT.DINV.WD.GD.ZS,3.87696994458447,5.34525004766951,8.39561947401853,6.49739806247027,4.83084578819671,6.28236832373597,9.08254423496638,11.7112903770296,11.0100917882515,10.9887086593887,9.48510899097882,10.823245661111,7.09315981024728,2.15759020953855,1.22782053461875,6.89801855079428,4.02538103514499,12.4606230458607,9.78484788732394,4.31749235024332,5.0343144105378,2.71598643499556,7.2826833844529,8.70431929375585,..
Dominica,DMA,GDP per capita (current US$),NY.GDP.PCAP.CD,5527.51527300496,5488.02784969357,5447.44011496284,5778.83306546506,5695.22442394675,6055.78109574854,6459.03503689609,6971.32633839289,7487.49010395154,7549.61964680375,7705.40717248319,7528.51001990155,7822.21797211398,8131.74876096735,8282.59874702141,8802.56172041363,8224.64896571414,9215.3085405645,9491.14995962374,7827.74842680426,8376.40414141113,9323.66089490562,9912.96212766668,10405.2787777582,..
Dominica,DMA,Total natural resources rents (% of GDP),NY.GDP.TOTL.RT.ZS,0.0242728754618539,0.0221389612774031,0.0228107663152698,0.0220286901534381,0.0216343439628061,0.0286807337863141,0.0270653732412566,0.026123998947793,0.0219865512592661,0.0491548799650004,0.0412282999821639,0.0414520814234463,0.0539374373872897,0.0651451844425706,0.0474677077229137,0.0602343950060558,0.0559454272358846,0.0348243046150246,0.0284260300710226,0.0462893309270096,0.0330678676450178,..,..,..,..
Dominican Republic,DOM,"Portfolio equity, net inflows (BoP, current US$)",BX.PEF.TOTL.CD.WD,..,..,..,..,..,..,..,..,..,..,..,..,..,..,..,..,..,..,..,..,..,..,..,..,..
Dominican Republic,DOM,GDP (current US$),NY.GDP.MKTP.CD,25601823687.5742,27137440786.2562,21403167848.1444,22322387382.494,35777560683.9366,37879830084.2627,43965458508.5056,48091433554.186,48223781476.8909,53801053352.5005,57948261615.957,60561635555.6383,62555417414.582,67014329099.5549,70966782572.4386,75552902635.7075,79070274743.1658,84994732049.3461,89146130744.723,78546672406.8291,94850719516.7127,113478087134.8,120456239153.739,124282245638.568,..
Dominican Republic,DOM,Trade (% of GDP),NE.TRD.GNFS.ZS,70.5105678080061,68.7232829028777,84.4495031861592,81.3514229381911,61.6535587358027,63.7664826351505,61.229259153164,61.4285058325394,50.6509376792025,56.0573964175321,59.0692578401698,58.5062536731089,56.8137658014945,55.6601041506633,52.3471238667007,51.7306571245477,50.7595355508472,52.3351709577013,50.912982200697,44.7331613466756,51.9500227303115,54.3781976712844,49.8436131764417,51.7835143952326,..
Dominican Republic,DOM,"Foreign direct investment, net inflows (% of GDP)",BX.KLT.DINV.WD.GD.ZS,4.24930666375932,3.41225986375611,2.88055489904245,4.18629057899448,3.12598170087694,4.0356569620282,5.12424998266344,5.67335967834237,3.51548540591409,3.38320513554667,3.79217588020774,5.64036946601582,2.55757225532805,3.55938801753347,3.13851060913817,3.33024928523507,4.55025610026855,3.22902365102652,3.17366550445317,3.13265976088131,3.53154938314388,3.56897098132173,3.94375586800192,3.6013993607877,..
Dominican Republic,DOM,GDP per capita (current US$),NY.GDP.PCAP.CD,2935.89367312668,3065.60329524196,2383.26171780393,2451.69161616569,3878.31206735244,4055.14270347371,4649.64558875814,5023.58513403515,4973.95186999952,5478.62470398954,5826.51014109195,6013.81965002603,6136.59429329301,6496.45166971142,6800.95309395474,7160.44200982307,7412.71571571512,7882.98221584944,8183.01623600375,7135.22273255899,8527.0754858205,10104.2449349081,10630.431743829,10875.6618443092,..
Dominican Republic,DOM,Total natural resources rents (% of GDP),NY.GDP.TOTL.RT.ZS,0.0227890061773118,0.0276477786257098,0.541632394719868,1.21413014952002,0.721035390362793,1.6062343112117,2.52804800376544,0.234147045628384,0.123503913034202,0.172400177111422,0.340210817624619,0.446840708804603,1.02972097005091,1.03750954514513,0.535347858231712,1.2819479321571,1.03534454096242,0.868889463505184,1.05544444208182,1.23931109405337,2.07711318519727,..,..,..,..
Ecuador,ECU,"Portfolio equity, net inflows (BoP, current US$)",BX.PEF.TOTL.CD.WD,926997.4,1301426.17,9171385.91,1424315.8,1564516.15,72224.86,481568.2,1360690.3,2438424.67,406400.32,1960724.64,4619536.13,2205412.14,761801.68,1826990.24,6042600.98000001,4078658.88999998,5940522.43000002,1516089.74999999,1184480.88800001,2728114.26,1876351.91999999,5635304.30440001,902658.950000017,..
Ecuador,ECU,GDP (current US$),NY.GDP.MKTP.CD,23127055000,27054197000,30965208000,35194947000,40278849000,45690762000,49848725000,61139438000,60094978000,68151329000,78986648000,87735048000,96570334000,102717794000,97209558000,97671433000,104467486000,107478961000,107595830000,95865473000,107179074000,116133121000,121147057000,124676074700,..
Ecuador,ECU,Trade (% of GDP),NE.TRD.GNFS.ZS,56.128486744205,54.7966439366136,52.3575426975979,56.0745467239942,61.9581507902572,65.8423556166562,68.8505854462677,74.5902963648439,57.3473460627608,65.7773849135062,70.0356837525249,67.0029290916898,63.4333003342414,61.4263766217565,47.8280397077826,40.5344917996647,43.6177233172817,48.0093476154836,48.0828494933307,43.9893109378389,53.261275610573,61.880792818786,56.9977535649091,57.2031395531255,..
Ecuador,ECU,"Foreign direct investment, net inflows (% of GDP)",BX.KLT.DINV.WD.GD.ZS,2.32873824691471,2.8951552675912,2.81449236195545,2.37801066697343,1.22499487397379,0.594056305145447,0.388921736574003,1.7294958127597,0.513570185696715,0.243419054034351,0.817966548837347,0.646739602691481,0.752903273859877,0.751953401658059,1.36067004574537,0.78469808886928,0.605279629548276,1.29342873266166,0.915058228783613,1.16754746598289,0.607511454080008,0.759467924339618,0.39702767894988,0.355365031150455,..
Ecuador,ECU,GDP per capita (current US$),NY.GDP.PCAP.CD,1791.30359685037,2059.1585535974,2315.62215223014,2586.20914663347,2909.02606014388,3243.67010359339,3478.92488770671,4194.75750661981,4053.36331139298,4520.30959039763,5153.6916424375,5634.08393191094,6109.29031510341,6405.79979300441,5976.1596805651,5917.63771271481,6233.32244797718,6303.91886658338,6205.05765246766,5463.64515348598,6061.32350181711,6515.58528418336,6737.84748379638,6874.705739766,..
Ecuador,ECU,Total natural resources rents (% of GDP),NY.GDP.TOTL.RT.ZS,9.40733648144871,8.38814722027282,8.74010782962713,12.5726365426945,16.8498380565704,18.3894115217757,16.9001920320212,18.9618727793611,9.26408283902812,11.7907315375663,16.5773760059007,14.5265186334151,12.8813253368088,11.5903571785583,4.63202397853143,3.75806780861528,4.98372023451617,7.0964207852671,5.82070104913459,2.92430668533391,6.69943720189179,..,..,..,..
"Egypt, Arab Rep.",EGY,"Portfolio equity, net inflows (BoP, current US$)",BX.PEF.TOTL.CD.WD,39200000,-216900000,36800000,26100000,729400000,501900000,-3198900000,-673600000,393000000,1724400000,-711300000,-983400000,-431400000,484900000,13500000,609500000,224300000,220300000,-12000000,-1996900000,-1486100000,-1385600000,-252900000,-269099999.999999,..
"Egypt, Arab Rep.",EGY,GDP (current US$),NY.GDP.MKTP.CD,96684636118.5984,85146067415.7303,80288461538.4615,78782467532.4675,89660339660.3397,107426086956.522,130437828371.278,162818181818.182,189147005444.646,218983666061.706,235989672977.625,279116666666.667,288434108527.132,305595408895.265,329366576819.407,332441717791.411,248362771739.13,262588632526.73,318678815489.749,383817841547.099,424671765455.704,476747720364.742,395926075163.006,389059911003.566,..
"Egypt, Arab Rep.",EGY,Trade (% of GDP),NE.TRD.GNFS.ZS,39.8104265402844,40.9870678279229,46.1796407185629,57.8199052132701,62.9526462395543,61.5185365063947,65.077873254565,71.6806253489671,56.5534446363462,47.9363500745898,45.2556341623514,40.7117692721084,40.373038056332,36.9201877934272,34.8459429600229,30.2465490514505,42.8321343581608,45.9110196733959,41.1240171551108,32.1262555667523,29.8569734808122,36.9831048772713,40.4504007720031,39.6007520873733,..
"Egypt, Arab Rep.",EGY,"Foreign direct investment, net inflows (% of GDP)",BX.KLT.DINV.WD.GD.ZS,0.527384722609423,0.759753233043019,0.295683832335329,1.59083618380383,5.99551598885794,9.34856726566294,8.87633606337272,5.8314126186488,3.54835118019574,2.91601657550141,-0.204542848807527,1.00234071774049,1.45343420769727,1.50925042253521,2.10258128401326,2.43856278142762,2.98301550917695,3.10040077579187,2.82732944960686,1.52462948997172,1.20617861055665,2.39118080969079,2.48546398363597,11.9719350883142,..
"Egypt, Arab Rep.",EGY,GDP per capita (current US$),NY.GDP.PCAP.CD,1295.1374184163,1116.82884626213,1031.27556291284,991.255689145253,1105.53920713903,1298.97900203124,1547.74170735909,1896.21594269779,2161.63964573927,2455.08194645282,2590.64384891965,2996.0677072015,3025.52563552448,3133.39102265541,3306.98159414141,3270.6287768197,2395.10333299491,2484.70315630508,2962.98892023003,3511.11381026379,3827.35415374308,4233.30783744856,3456.78968456253,3338.47371395895,..
"Egypt, Arab Rep.",EGY,Total natural resources rents (% of GDP),NY.GDP.TOTL.RT.ZS,6.46938580220137,7.30037527584326,9.13743176464721,11.3771125904479,14.464485213491,14.8463875493972,13.5101746020733,15.5824855619458,9.1307819389596,9.45061556541184,12.3388401952225,10.7454978351353,9.78188256424924,8.43222797439408,4.12906894708286,3.20908060820144,5.69886428656261,7.59656355901849,5.72496131230483,3.25774327235436,5.1391200748227,..,..,..,..
El Salvador,SLV,"Portfolio equity, net inflows (BoP, current US$)",BX.PEF.TOTL.CD.WD,2400000,-2400000,..,..,..,..,..,..,..,..,..,..,..,..,..,..,..,..,..,..,..,..,..,..,..
El Salvador,SLV,GDP (current US$),NY.GDP.MKTP.CD,12282533600,12664190300,13243892200,13724810900,14698000000,15999890000,17011750000,17986890000,17601620000,18447920000,20283780000,21386150000,21990960000,22593470000,23438240000,24191430000,24979190000,26020850000,26881140000,24921190000,29043140000,31870120000,33853940000,35364960000,..
El Salvador,SLV,Trade (% of GDP),NE.TRD.GNFS.ZS,65.8907385362251,65.9190907767708,68.23698247861,69.7822641767691,69.7158116750578,73.4555675070266,77.6210560347995,80.6659739399085,66.0711911744487,73.5372876725398,79.2766437025052,77.6485716222883,80.4511944908271,78.1044257477935,76.5602707370519,72.8190933731491,74.3046511916519,75.6336168879956,76.0420130991468,66.4595069497083,81.8450759800765,88.7011093776867,81.7147723425988,84.6596461582312,..
El Salvador,SLV,"Foreign direct investment, net inflows (% of GDP)",BX.KLT.DINV.WD.GD.ZS,2.2707041485317,3.71125187529755,1.06615183714648,2.64681242347754,3.47761600217717,1.50707286112592,9.11434743633077,5.0206011155903,2.09486399547314,-0.613406192808089,0.603930846788838,2.01123945886672,1.11490857279595,2.2408951362935,2.10997804482034,1.98198031581358,2.01688451540263,1.58620478716365,2.59024369040438,1.55101998611342,2.7560499827498,0.0823187568481088,1.89928827474734,2.61241857793703,..
El Salvador,SLV,GDP per capita (current US$),NY.GDP.PCAP.CD,2058.04459070452,2115.41187355626,2207.83089518069,2285.68907438892,2447.39140845394,2665.61807194853,2830.65693770733,2983.24829577976,2910.18651752011,3040.07300952878,3330.60049486653,3497.91256915509,3582.26694005169,3666.01248913873,3790.34089108162,3901.34014965811,4020.12671373919,4183.54620971358,4320.11671534627,3997.19279583709,4642.60743101342,5074.60210221806,5365.44491399171,5579.65969165029,..
El Salvador,SLV,Total natural resources rents (% of GDP),NY.GDP.TOTL.RT.ZS,0.485786941180763,0.470738093792746,0.464556781953447,0.452387405870909,0.546622489459469,1.10993470507458,1.02476871768865,1.1698028573412,0.715439137322185,1.02874215933074,0.832361782908174,0.771015636279707,0.938918673106463,1.0550593254644,0.850742982932215,1.0221138126124,0.88816041131789,0.663649690465912,0.562349124959244,0.764177304476048,0.535264947589614,..,..,..,..
Equatorial Guinea,GNQ,"Portfolio equity, net inflows (BoP, current US$)",BX.PEF.TOTL.CD.WD,..,..,..,..,..,..,..,..,..,..,..,..,..,..,..,..,..,..,..,..,..,..,..,..,..
Equatorial Guinea,GNQ,GDP (current US$),NY.GDP.MKTP.CD,1461139022.02954,1806742742.27311,2484745935.09329,4410764338.66733,8217369092.65224,10086528698.8604,13071718758.7373,19749893536.3204,15027795173.2187,16314443436.2903,21357343668.9447,22388344143.9131,21948834283.7856,21765453081.9826,13185496881.0174,11240808847.8878,12200913878.9827,13097012133.6159,11364133549.7478,9893816007.7398,12215878032.7166,13687643435.6249,12337550583.754,12765777677.0622,..
Equatorial Guinea,GNQ,Trade (% of GDP),NE.TRD.GNFS.ZS,..,..,..,..,131.02447181321,118.532782368937,134.083789857569,128.688006601458,122.212077110801,144.668225001248,114.37734663649,116.675422472364,106.893284926066,104.379198671388,98.8780591680756,92.6007307237942,102.428258251803,103.645681622953,94.8787924253545,77.9278846441807,76.9666485998527,81.8130161368099,61.443281519042,60.5414510975907,..
Equatorial Guinea,GNQ,"Foreign direct investment, net inflows (% of GDP)",BX.KLT.DINV.WD.GD.ZS,64.3841007471897,17.899145375458,27.7605754478919,7.72914723671237,9.36000539014064,4.65478286948259,9.50702132548057,-4.01962840224965,10.8879553596521,16.7581567258275,9.24740468952516,4.4007560526439,2.65594378481707,0.771291915530887,9.00761663149669,15.6154447046738,3.1541343035206,-1.10304372116447,7.22811929659373,-0.0916985922610923,4.59725955429429,10.1419330984832,1.14918183344023,1.47277889961866,..
Equatorial Guinea,GNQ,GDP per capita (current US$),NY.GDP.PCAP.CD,1948.61145907844,2264.21065580365,2930.60183743733,4901.30127408119,8673.9026086535,10184.8841248541,12616.9532942011,18210.5552970599,13232.5019378102,13720.1658723222,17198.2136668275,17308.5723924575,16304.0713196418,15548.6624656619,9068.91003238645,7453.19797948517,7809.10465655488,8102.47084834031,6804.14923073888,5764.05502912947,6945.63069794539,7589.29964909381,6677.793435386,6745.40013244916,..
Equatorial Guinea,GNQ,Total natural resources rents (% of GDP),NY.GDP.TOTL.RT.ZS,..,..,..,..,56.289114416548,53.9325201023447,50.1443326959341,46.4378660078331,27.7370036664958,36.311150239718,37.6841563581666,39.0027634245776,33.3474569225038,27.1072398964958,17.5005073478909,16.4599653575836,21.9589067386853,27.8023533090755,25.4372801609757,16.6815988795919,23.500064053404,..,..,..,..
Eritrea,ERI,"Portfolio equity, net inflows (BoP, current US$)",BX.PEF.TOTL.CD.WD,..,..,..,..,..,..,..,..,..,..,..,..,..,..,..,..,..,..,..,..,..,..,..,..,..
Eritrea,ERI,GDP (current US$),NY.GDP.MKTP.CD,752371688.743186,729321680.154324,870248267.550163,1109054005.43971,1098424685.66169,1211161879.6748,1317974491.05691,1380188800,1856695551.21951,1589515447.15447,2065001626.01626,..,..,..,..,..,..,..,..,..,..,..,..,..,..
Eritrea,ERI,Trade (% of GDP),NE.TRD.GNFS.ZS,72.0627109589752,76.5901636574451,74.0078242901552,65.570906849032,61.1060310218073,45.2608460537354,34.5595595326375,30.5609500494496,27.9721416148149,37.4714654565691,47.3937901188684,..,..,..,..,..,..,..,..,..,..,..,..,..,..
Eritrea,ERI,"Foreign direct investment, net inflows (% of GDP)",BX.KLT.DINV.WD.GD.ZS,1.61245168864149,3.12155398906868,2.87271930691421,2.17335313535463,0.130327551691687,1.26949256396085,0.546785999949131,2.82570036794966,4.9011804838025,5.72501513985957,1.8886183675912,..,..,..,..,..,..,..,..,..,..,..,..,..,..
Eritrea,ERI,GDP per capita (current US$),NY.GDP.PCAP.CD,325.409161513593,304.775756465092,348.950327077742,426.840947887032,412.753079199423,447.997404727201,480.44762365456,490.066956003333,642.92572288007,539.699512069686,688.68165957684,..,..,..,..,..,..,..,..,..,..,..,..,..,..
Eritrea,ERI,Total natural resources rents (% of GDP),NY.GDP.TOTL.RT.ZS,4.51420535244362,3.09853412022536,4.52985692591209,3.2592329853456,3.27617159606179,2.81942129990668,3.96277101960281,4.28450780281294,2.40173936826907,2.52187707517148,26.9562621368195,..,..,..,..,..,..,..,..,..,..,..,..,..,..
Estonia,EST,"Portfolio equity, net inflows (BoP, current US$)",BX.PEF.TOTL.CD.WD,31870523.6609464,53344219.5251252,127764333.200307,183030291.702345,-1344980740.87359,334083296.93658,328004636.64567,-261036781.939834,-100126067.421863,98007566.8870127,-28485423.1685534,-122050215.426942,18234866.451498,-57880310.2891201,-40866657.0570053,45639687.6952781,101939586.149947,-74949185.1309911,-23519998.8598743,201953383.450635,-781388240.841157,697657087.768221,205818873.934328,8494019.04514572,..
Estonia,EST,GDP (current US$),NY.GDP.MKTP.CD,6250218422.70164,7370119619.4782,9876595528.45528,12148595031.0559,14109491356.7964,17025671810.3124,22450264166.4385,24342935403.5447,19633984440.1223,19524355419.038,23303915794.7569,23237406116.3988,25451032780.7573,27055689003.0038,23311847750.9394,24561027787.7896,27469461919.1189,31222632740.7247,31873748770.0313,31820771493.8974,37201101170.5847,38226641740.29,41470344395.1086,43130419829.35,..
Estonia,EST,Trade (% of GDP),NE.TRD.GNFS.ZS,126.546640067292,123.28234538757,122.744772807796,129.949500077661,135.912792115107,136.620737662645,133.980829235754,136.681988157836,116.759079859802,143.671762256978,166.7460724339,169.156067773865,164.601632156916,157.953944842229,148.507157123558,147.7462327097,144.635650944133,143.485224864735,140.352147998549,137.392641283846,160.471922305927,175.68711950524,154.592617111149,151.037702410455,..
Estonia,EST,"Foreign direct investment, net inflows (% of GDP)",BX.KLT.DINV.WD.GD.ZS,9.48590177311271,4.58926418891502,10.5121715393056,8.94665953048459,21.6702241581922,10.3265683442585,13.5105132723156,8.12253971916627,9.50544171137007,13.2770330129027,4.80240449251588,7.6916567949516,4.31393930629533,6.58511618123403,-3.06910519292015,3.7692325610639,6.31892721219604,4.08015832167199,9.76819364646981,12.0147752855703,20.2291128645653,4.52988372813183,12.540812828973,-7.97097840452121,..
Estonia,EST,GDP per capita (current US$),NY.GDP.PCAP.CD,4502.66614992392,5343.18310760735,7205.40703313243,8916.0728274602,10414.6381183565,12641.4800976473,16745.4308011148,18205.9064113446,14712.4494217916,14663.7041018705,17555.5455239426,17568.2137969714,19310.3874900757,20581.7898991695,17722.1557669523,18666.3736521706,20851.5223496861,23618.1361254581,24021.2501413306,23933.9939421065,27951.1659277744,28340.3826549406,30264.0064885057,31428.3547816104,..
Estonia,EST,Total natural resources rents (% of GDP),NY.GDP.TOTL.RT.ZS,3.07450444050124,2.45691096430562,2.15205960424891,1.59775319590382,1.64237514078297,1.6462991032879,1.57597594549786,2.09539172697282,1.57891685450342,1.55961226751735,1.78519042769438,1.97052610513419,1.79924267656066,1.76557781311429,1.44592002735328,1.24687276023764,1.73343641223467,2.01785330968871,1.80772963579084,1.43024326219824,1.72122598420606,..,..,..,..
Eswatini,SWZ,"Portfolio equity, net inflows (BoP, current US$)",BX.PEF.TOTL.CD.WD,-2538569.04891357,-2003273.64538374,-64245.3555686303,265182.901508082,757312.682654903,5499184.76311242,954954.072642084,43852706.2376153,-6603982.98954232,4739645.94764666,..,..,..,..,..,..,..,..,..,..,..,..,..,-13880.6729568057,..
Eswatini,SWZ,GDP (current US$),NY.GDP.MKTP.CD,1502870485.88122,1393945030.65105,2149632433.27703,2710331785.24986,3097946371.06311,3215307900.74767,3391122887.17476,3235921170.5095,3525213502.43118,4360714358.88708,4722912047.32265,4747813067.26006,4463396204.01995,4285065665.03168,3908217914.21824,3722306116.72872,4462640651.49219,4643751059.28203,4617018958.69086,4134677809.50096,4807069277.20114,4746660273.50829,4621191261.84214,4858885840.77236,..
Eswatini,SWZ,Trade (% of GDP),NE.TRD.GNFS.ZS,..,..,..,..,..,..,..,..,..,..,..,..,85.2034551274939,91.6200186943398,88.2620944023684,89.3584874439935,86.8801420302976,85.4927768173538,86.6407948477595,84.0140188426878,89.9313874866569,92.5715871298334,99.7246110815617,107.480621053879,..
Eswatini,SWZ,"Foreign direct investment, net inflows (% of GDP)",BX.KLT.DINV.WD.GD.ZS,1.95160425482532,6.66778898222294,-2.8000452332194,2.56728759984033,-1.48002383468155,3.764215946629,1.10564693422697,3.26736558419805,1.86388312281576,3.11096766561026,2.08998856482498,0.557730516305156,1.83246466722921,0.601685882709023,0.805945191942897,0.721382841978235,-1.2917821060433,0.670381040235302,2.7717218211659,0.938105324268348,2.34790226144325,0.281255609924273,0.608772714416035,1.55448906259813,..
Eswatini,SWZ,GDP per capita (current US$),NY.GDP.PCAP.CD,1429.85630359447,1315.73634647994,2015.21743065251,2525.5640452625,2871.06877437449,2964.95865200682,3109.11097608864,2946.8606613746,3189.79679956637,3922.74039390733,4225.06049411911,4224.54789174487,3949.94310039907,3771.07228381938,3419.82276559528,3238.17611961364,3853.09956569679,3972.65450620357,3913.14577547336,3466.56936278145,3984.00229174306,3894.1620089869,3755.52111232464,3909.55892378182,..
Eswatini,SWZ,Total natural resources rents (% of GDP),NY.GDP.TOTL.RT.ZS,3.46238536598299,4.47317674745905,2.85629396804877,2.36992798917747,2.05352202116111,2.01403860027349,2.65465043431262,3.77519043420084,2.67177186311795,2.3895930131961,2.64276236861755,4.18067033297096,4.50064467722075,3.43977917921013,3.40740844429257,4.60471033148777,4.03940046980401,3.14380015317315,3.2760764754406,3.38164464300091,2.99915237990705,..,..,..,..
Ethiopia,ETH,"Portfolio equity, net inflows (BoP, current US$)",BX.PEF.TOTL.CD.WD,..,..,..,..,..,..,..,..,..,..,..,..,..,..,..,..,..,..,..,..,..,..,..,..,..
Ethiopia,ETH,GDP (current US$),NY.GDP.MKTP.CD,8231326016.47494,7850809498.16803,8623691300.04079,10131187261.4421,12401139453.9738,15280861834.6024,19707616772.7996,27066912635.2228,32437389116.038,29933790334.3418,31952763089.33,43310721414.0829,47648276605.0123,55612228233.5179,62103418181.8182,68475871209.607,76366081766.6667,83337901071.9697,91834517112.628,98676811061.4035,109070960371.859,123140304666,135874093202.492,149740297952.986,..
Ethiopia,ETH,Trade (% of GDP),NE.TRD.GNFS.ZS,..,..,..,..,..,..,..,..,..,..,48.232935411689,45.3979041835072,41.4717870807625,40.7410841498626,39.6561241449515,34.8990210816111,31.1036494929016,31.1993689777881,28.8152939288346,24.0061143401794,24.3450574647644,26.5954996967313,20.5982015072652,17.4004358583187,..
Ethiopia,ETH,"Foreign direct investment, net inflows (% of GDP)",BX.KLT.DINV.WD.GD.ZS,4.24475958430851,3.2480726995032,5.39212251252315,5.38041579859625,2.13780093729558,3.5682352741624,1.12647092519686,0.400997134132688,0.682729366934427,0.963030625359937,1.96735663905254,0.643172898229037,2.82040845857162,3.33569111068815,4.22926466080082,6.0502150951561,5.26039764214773,4.03228222144798,2.77536541541531,2.42792592797614,3.90520609771909,2.9803331590978,2.40146315358044,2.68582028016447,..
Ethiopia,ETH,GDP per capita (current US$),NY.GDP.PCAP.CD,118.457204255261,109.593813612988,116.800491132777,133.169812538096,158.243458082465,189.345737521418,237.146255996319,316.410475118075,368.574712267445,330.619412798644,343.024942351887,452.101031885754,484.039833104062,549.986577082588,597.912113218663,641.651523286233,696.348429076216,739.702022272086,793.473247210264,829.790982547947,893.00983544905,982.103161506992,1055.81091592527,1133.88279681719,..
Ethiopia,ETH,Total natural resources rents (% of GDP),NY.GDP.TOTL.RT.ZS,18.1488127694134,23.1893231496073,36.1413210442662,27.810993348368,23.4931936600342,18.828854826567,21.9115368349794,18.7793493652542,16.4317377452986,15.8199957578791,17.4282532150132,14.9281805721075,14.0104012014584,13.3844820157845,12.1932229078984,11.2339790417281,9.87787063669115,6.36887574699294,5.50373971369559,5.49770060254135,5.86707347361267,..,..,..,..
Faroe Islands,FRO,"Portfolio equity, net inflows (BoP, current US$)",BX.PEF.TOTL.CD.WD,..,..,..,..,..,..,..,..,..,..,..,..,..,..,..,..,..,..,..,..,..,..,..,..,..
Faroe Islands,FRO,GDP (current US$),NY.GDP.MKTP.CD,1160268212.07291,1275093689.27107,1501941580.88903,1724770770.83393,1759739599.22694,2017680834.89917,2339015313.29513,2489873249.62815,2296065170.05552,2331796784.36009,2505740669.27039,2427200388.91831,2690110520.92548,2914012679.27277,2573905971.05459,2813278868.78208,2980057377.87967,3188600927.46688,3266432734.22819,3271813311.5831,3699551717.10561,3615241800.50058,3943131022.2291,4052937169.76536,..
Faroe Islands,FRO,Trade (% of GDP),NE.TRD.GNFS.ZS,104.904366916234,98.6231560125168,108.258290126639,93.415398908373,100.962759404909,97.3947177610908,99.5060041310306,103.496222535589,96.8608080332117,97.1824434582361,105.846453473678,117.157793662648,114.062282820929,106.142539193387,105.610671594387,104.552703002397,107.238908370178,106.874664759521,108.623245950251,96.2241937518396,103.488037146112,122.86334141193,113.336400780359,105.752803037623,..
Faroe Islands,FRO,"Foreign direct investment, net inflows (% of GDP)",BX.KLT.DINV.WD.GD.ZS,..,..,..,..,..,..,..,..,..,..,..,..,..,..,..,..,..,..,..,..,..,..,..,..,..
Faroe Islands,FRO,GDP per capita (current US$),NY.GDP.PCAP.CD,24879.7729617864,26937.6505602847,31269.6031997217,35647.5440400531,36389.081644098,41743.6812847661,48348.7393711011,51287.8911081663,47059.1947296738,47923.1515374991,51618.9907766392,50261.9616267693,55758.2083680611,60172.0632541664,52637.1903526574,56875.2803813296,59387.353086482,62526.4908515743,63068.2872688483,62243.1905561324,69415.1853254579,67058.2022648126,72465.3769660215,74119.6607553879,..
Faroe Islands,FRO,Total natural resources rents (% of GDP),NY.GDP.TOTL.RT.ZS,0,0,0,0,0,0,0,0,0,0,0,0,0,0,0,0,0,0,0,0,0,..,..,..,..
Fiji,FJI,"Portfolio equity, net inflows (BoP, current US$)",BX.PEF.TOTL.CD.WD,..,1653506.61510016,265590.649225941,-337323.472323946,..,..,..,..,..,..,..,..,..,..,..,..,..,..,..,..,..,..,..,..,..
Fiji,FJI,GDP (current US$),NY.GDP.MKTP.CD,1652462023.46215,1833279985.36741,2300492465.32276,2708078476.63012,2980403844.72096,3076305452.86506,3378314599.76402,3523185919.55826,2870624635.68032,3140166712.79624,3779411899.37483,3972028104.47328,4189967998.51424,4857104768.86844,4682479893.97558,4930213644.36653,5353469174.47838,5581425327.44397,5344907153.46698,4227719873.3865,4158873156.17978,4977861885.60316,5476673518.13788,5968125909.27126,..
Fiji,FJI,Trade (% of GDP),NE.TRD.GNFS.ZS,..,..,..,..,..,..,..,..,..,..,..,..,..,..,..,..,..,..,..,..,..,..,..,..,..
Fiji,FJI,"Foreign direct investment, net inflows (% of GDP)",BX.KLT.DINV.WD.GD.ZS,2.49941576652652,1.67309841241214,1.75225501277583,9.25370794256615,5.80296958864135,18.9830079707872,13.7414773077002,19.2785877551773,10.7423905992561,5.67141021084985,5.74582849158733,6.9816643965711,5.81824859099488,7.77972455296746,4.38599233241205,7.94325933214602,7.24021289135771,8.40038118168196,6.02971795135456,5.66217121930221,9.85590435372296,2.08084502833913,1.65373894455648,3.41161017865705,..
Fiji,FJI,GDP per capita (current US$),NY.GDP.PCAP.CD,1944.997414609,2136.56794118683,2655.58079586044,3097.19096651759,3377.69126953493,3455.10599907349,3762.74692789299,3899.92231512129,3164.13275408169,3449.14452883369,4139.60288609702,4341.40338748749,4572.44377544245,5293.35676680464,5097.53106864695,5363.79026679243,5826.84814459328,6085.41979485376,5842.07344577597,4620.6457238014,4536.73312110335,5414.12092119088,5926.20586394763,6425.74151715712,..
Fiji,FJI,Total natural resources rents (% of GDP),NY.GDP.TOTL.RT.ZS,1.07343983857448,0.989507047320979,1.03387640421008,0.87757995038836,0.947750804242416,0.974664114288517,0.715096151401214,0.880454237005127,1.17588302712276,2.20907223915836,1.96316771746732,2.02960687281076,1.35539287248447,1.17576954969857,1.040825064872,1.01936465398214,1.26650249477929,1.19164257504239,1.15438142466978,1.45148578020456,2.25290361305504,..,..,..,..
Finland,FIN,"Portfolio equity, net inflows (BoP, current US$)",BX.PEF.TOTL.CD.WD,3961620581.25598,2529047511.51175,-596749695.866862,104601935.351725,4986280189.20615,5594111116.79471,5643143853.0303,-1253814221.58173,-290309354.847133,-887490493.939403,-348377998.410441,3704722116.78659,3659653579.32715,5831758682.9908,4235005829.89026,14357609392.0991,10375827451.2443,10972321306.3004,-3279784144.83217,7646341481.10048,6191086682.17886,3106158692.62717,-4008574466.00193,19287385211.4002,..
Finland,FIN,GDP (current US$),NY.GDP.MKTP.CD,129519672868.898,140360963811.765,171612867735.686,197458297639.769,204859368790.661,217044068234.117,256360251537.648,285698662071.094,253480783439.453,249429613683.334,275126915515.565,257443384492.969,270268036626.275,273478528954.901,233210733506.25,238777818792.608,253846138440,273869255596.078,267014821129.411,270000311606.226,294223210496.119,280253099309.34,295021982462.75,298696961297.656,..
Finland,FIN,Trade (% of GDP),NE.TRD.GNFS.ZS,70.2841376639721,69.3209377526273,68.0715029595159,70.967802899062,76.5889740444293,82.0005669294983,82.8631608209175,86.1896598765527,70.1279335295898,75.4612085231229,78.7159444486606,79.4303765882482,77.485171771574,74.6277719754196,71.9618253787014,71.7222101178859,75.9387822310041,79.1436148422846,80.5641502947367,72.1845955995888,79.7892781913782,94.5625340522667,85.5633906057585,83.4601015353507,..
Finland,FIN,"Foreign direct investment, net inflows (% of GDP)",BX.KLT.DINV.WD.GD.ZS,2.48974555634763,5.76697056308707,3.47606211936874,3.43216639798219,5.30500837470056,2.1374386449528,8.57406338234925,6.7927004343529,-3.48204515637954,4.89959763196754,-2.18405747554129,1.91512248449208,-1.83489440736896,6.41537482088507,7.5380054292281,2.18951964860612,6.66136555422276,-3.84456657280518,6.09707710249334,-0.939114055968044,8.01406291677223,4.66691154081507,-0.0389119475535467,2.92666706920425,..
Finland,FIN,GDP per capita (current US$),NY.GDP.PCAP.CD,24965.202996776,26989.389260959,32920.0857192568,37768.1334202029,39049.8703780223,41214.0187765069,48473.0240091455,53769.4726240385,47478.3495310999,46506.2919016566,51060.3242589767,47551.6740841369,49691.0145200739,50073.7760815871,42560.3456767103,43451.2562442158,46085.0174739036,49654.2497035329,48358.1807773701,48828.6846862799,53099.1351400148,50440.560224974,52834.2916752703,53149.7671934051,..
Finland,FIN,Total natural resources rents (% of GDP),NY.GDP.TOTL.RT.ZS,0.37056723983058,0.420392710098672,0.373953038327913,0.300645302149173,0.29800251042124,0.373378489658387,0.414692568635928,0.387209365736691,0.333184977389939,0.504266194230253,0.532649114502575,0.577535778021198,0.498563334062492,0.483087058776792,0.445868402403852,0.410118656271692,0.453771651187102,0.563372986587861,0.365206984679912,0.289254242774969,0.448312840515242,..,..,..,..
France,FRA,"Portfolio equity, net inflows (BoP, current US$)",BX.PEF.TOTL.CD.WD,13653519968.4522,-4373749805.95215,20740730722.2085,31812511341.8471,64143820093.2782,94019158285.3696,-10376854661.7169,-18174535622.8909,67030746670.8589,-5013616080.88983,8350894597.29143,37063042089.4043,55910005157.5524,23096832297.8634,17684565957.7068,11746034442.7351,48522005005.6935,-18681302000.5288,-11337639029.8207,8976588441.61677,72985629612.1652,-19054752567.1401,-12285177530.1403,28417546614.5479,..
France,FRA,GDP (current US$),NY.GDP.MKTP.CD,1370376677298.86,1492427756382.43,1835095983049.09,2109792297237.03,2192146403028.17,2317861544690.82,2655816911866.56,2926802941585.86,2700075882518.98,2646230027988.34,2870408553990.28,2683007095787.23,2816077607875.26,2861236112552.42,2442483452642.5,2470407619777.13,2588868323334.71,2781576320884.39,2722793515171.76,2647926055110.05,2966433692008.09,2794788137066.94,3056250648138.29,3160442622465.08,..
France,FRA,Trade (% of GDP),NE.TRD.GNFS.ZS,56.8932328560722,55.1325248503102,52.5988822870657,53.7497648292028,55.8228361241299,57.8692775292673,58.1525611309659,59.1797928411748,52.1991123027613,56.587555247796,60.6056354816406,61.6589570771102,61.8192338733962,62.1992669379507,63.5046871956484,63.3427564383351,65.3958481559711,66.8022607812266,66.4289771741449,58.8388907240647,63.788482630872,75.9630077981996,70.6261450610225,68.1081875443744,..
France,FRA,"Foreign direct investment, net inflows (% of GDP)",BX.KLT.DINV.WD.GD.ZS,3.65899790543177,3.45413596292302,2.30782482603352,1.68777447237363,3.8837306583925,3.40646118259263,3.15449449926763,2.32326700027606,0.682311492843145,1.46961673029144,1.54005293306163,1.22790071519382,1.18823404938295,0.176974174772525,1.76596182973896,1.44200321416196,1.68928072199317,2.78594184568695,1.96486943301562,0.731471704018579,3.30405312221271,4.0180319137717,0.590645170561014,1.64700185498585,..
France,FRA,GDP per capita (current US$),NY.GDP.PCAP.CD,22331.7948343036,24144.5727019529,29479.5222101175,33644.9282220364,34696.3718316971,36431.5658906555,41486.1907828787,45464.8181385158,41728.0884164132,40694.8211697025,43929.7840873812,40863.5814412333,42669.1795111893,43148.0459288416,36702.4323733379,37024.2157133669,38687.1626407164,41418.1766484844,40408.2848574751,39169.8606000707,43725.0999521245,40988.6396406579,44700.1384177544,46103.0840855884,..
France,FRA,Total natural resources rents (% of GDP),NY.GDP.TOTL.RT.ZS,0.0631486455288891,0.0568378905466392,0.0512489501024358,0.0406259517392784,0.0417272985494137,0.0481575129756102,0.0484835332830561,0.0539800650065068,0.049458614730346,0.0546571274665138,0.0486924296380263,0.0483609619788124,0.0481698364814291,0.0462251783929265,0.040991340666787,0.0401901593813067,0.0362250443838789,0.0429051117731693,0.0337878193709454,0.0266318650223516,0.0325366370984223,..,..,..,..
French Polynesia,PYF,"Portfolio equity, net inflows (BoP, current US$)",BX.PEF.TOTL.CD.WD,..,..,..,..,..,..,..,..,..,..,..,..,..,..,..,..,..,..,..,..,..,..,..,..,..
French Polynesia,PYF,GDP (current US$),NY.GDP.MKTP.CD,3573808556.31268,3965405552.5203,4927780606.7707,5564109981.9138,5705052134.54253,5877997979.62266,6631156405.59637,7136741421.95908,6584557973.9375,6086644798.55982,6203940036.91982,5692858099.00217,6031827122.60663,6151996560.84289,5325846361.81186,5497036476.8031,5833352692.7995,6135116253.33452,6022276196.13871,5574821989.38239,5994931236.42282,5622688338.06317,6137447782.87066,6323716355.05009,..
French Polynesia,PYF,Trade (% of GDP),NE.TRD.GNFS.ZS,..,..,..,..,58.8757396449704,56.6132574828647,57.455468093766,58.0396477672874,51.6750777052154,54.0438821122259,56.2319854247632,57.8806819793666,56.0619675585513,56.2324578944225,55.6304686354336,53.6164949427793,54.5776905038178,65.0146628512067,63.3061124024003,45.8331834386023,52.9788183937695,69.5264023221442,71.672203765227,64.4688665693732,..
French Polynesia,PYF,"Foreign direct investment, net inflows (% of GDP)",BX.KLT.DINV.WD.GD.ZS,0.662843284040967,0.275657450690165,1.18132772419036,0.11538274817529,0.137052859567267,0.521428395296917,0.878420113685228,0.194543891308964,0.331741593749197,1.05647287708659,2.15733093027309,2.58568836654249,1.64472839380472,1.00664512234416,0.488319553216919,1.11959443206211,1.54351459172254,0.0967844740802214,0.21140096510623,-0.279061107774017,-0.427435261380748,-0.168607958150952,-0.105843018626247,-0.219284661446365,..
French Polynesia,PYF,GDP per capita (current US$),NY.GDP.PCAP.CD,14640.9360062298,16004.0583292112,19582.8936395312,21764.2203208782,21984.1936230719,22330.8676659055,24888.1781337361,26592.0262835732,24434.2197555208,22494.806706186,22831.5185348524,20846.5457478364,21955.6329264095,22258.6321384251,19166.9594761931,19690.0775734589,20826.9312492172,21925.616043938,21582.5892046801,19966.4838503859,21426.3854449835,20053.9569369322,21832.2831795569,22439.8838746025,..
French Polynesia,PYF,Total natural resources rents (% of GDP),NY.GDP.TOTL.RT.ZS,0.00109973288513005,0.00112832300291278,0.00134212901664791,0.00134167927665698,0.00161049592795588,0.00198941880824569,0.00251149008152981,0.00342826908429782,0.00338024749046429,0.00376946842807292,0.00445979228108619,0.00440591554696973,0.00393738902973948,0.00535731271800958,0.00480407187747372,0.00509988947957939,0.00585109251958065,0.00356522146444518,0.0033458094981088,0.0040573140478639,0.00357012625688161,..,..,..,..
Gabon,GAB,"Portfolio equity, net inflows (BoP, current US$)",BX.PEF.TOTL.CD.WD,..,..,..,..,..,..,-1550284.78291076,-11165.567929163,78358.9035184554,-143354.116802331,-5936005.82104031,462267.298648188,20241.274475802,-889940.721756848,4384144.32189578,..,..,..,..,..,..,..,..,..,..
Gabon,GAB,GDP (current US$),NY.GDP.MKTP.CD,5023265413.2623,5335451099.88223,6511903365.47554,7770219008.21293,9582783990.85345,10327598306.4575,12455409587.3371,15571348344.3379,12113699068.2517,14372593020.2885,18210307743.5816,17170464016.0593,17595744798.3398,18203966895.8433,14383107762.6952,14023890265.3665,14929487485.1623,16867326401.9626,16874405465.391,15342236163.9864,19444935097.2395,20440655695.1804,19388372070.9778,20895684425.6752,..
Gabon,GAB,Trade (% of GDP),NE.TRD.GNFS.ZS,83.6386132424108,84.7590815376223,80.3026082056312,81.7675371418698,83.9495998399241,88.6494092562519,85.1324791636578,88.9988725945748,83.5045774235636,89.1576627248353,90.4983773331323,92.3428089420545,90.6350361478645,73.5203290162438,73.9497814588281,70.1333810645308,75.0687404456638,77.0365976973024,73.4280894486644,70.1140546466012,85.3483122054007,92.0630888500131,91.478653318692,92.0468055151256,..
Gabon,GAB,"Foreign direct investment, net inflows (% of GDP)",BX.KLT.DINV.WD.GD.ZS,-2.00298894717111,0.0217546424549428,1.53052262034086,4.04069424179394,3.40362339596918,2.59310046782659,5.25722235465119,4.45376516954727,5.24757097949021,3.64540417621404,6.16978545780463,3.94472371225415,1.84153865698512,6.93864724297156,0.289976985604188,8.86815381799839,8.80157025688894,8.17598940777917,9.20409837955739,11.1881442291265,7.86436710820957,5.40389729406011,5.93517225575899,5.47750591310442,..
Gabon,GAB,GDP per capita (current US$),NY.GDP.PCAP.CD,3835.75718279727,3966.48001864663,4710.74862768151,5465.79193590708,6547.87613955186,6847.00985685394,8003.54289696049,9688.64519690633,7290.57526093114,8356.74662013345,10219.1139339454,9296.96587941088,9197.70106323947,9201.36276648105,7047.12654634355,6677.07003901644,6921.73373135624,7624.2775233771,7441.1786472281,6605.80346077565,8181.40914134656,8409.2074145028,7802.82433276138,8230.04311451151,..
Gabon,GAB,Total natural resources rents (% of GDP),NY.GDP.TOTL.RT.ZS,32.5167942663475,31.7271986277113,26.0570264508303,27.4567837566907,37.767344326428,37.655973866027,37.533512307082,41.0680827434693,27.7362590783372,35.6548863864577,39.1459946806966,40.6293332424739,32.806984483505,24.7540184011901,12.5534347249347,11.6621945364629,17.699784026005,21.16026297404,19.1754988018892,13.4988249621846,18.4933440925176,..,..,..,..
"Gambia, The",GMB,"Portfolio equity, net inflows (BoP, current US$)",BX.PEF.TOTL.CD.WD,..,..,..,..,..,..,..,..,..,..,..,..,..,..,..,..,..,..,..,..,..,..,..,..,..
"Gambia, The",GMB,GDP (current US$),NY.GDP.MKTP.CD,687410645.063943,578235309.327198,487038685.045496,961900651.423441,1027701067.55688,1054112487.74083,1279703047.0221,1561766955.73024,1450142508.57808,1543294926.87301,1409693596.93594,1415004738.26621,1375609453.43746,1229461721.40861,1378176608.93204,1484578885.97132,1504909462.69521,1670671327.81651,1813609692.49994,1812170891.19069,2014158842.14596,2204734527.88096,2382262184.68273,2404888749.21907,..
"Gambia, The",GMB,Trade (% of GDP),NE.TRD.GNFS.ZS,46.9292631865623,59.642950918834,68.8587930342232,49.9342995615683,50.0187233950976,50.374468581975,44.2938444656791,39.0890994561344,41.7773944257977,41.0125150279466,42.6397020468894,47.7006731141985,45.4619193623296,58.2579307752264,44.5223730803813,38.1140879565948,55.7335796090833,64.8124640003735,55.9979116186993,47.3955201736291,42.0979827971754,44.7219215369466,39.9620173231694,42.1706172274882,..
"Gambia, The",GMB,"Foreign direct investment, net inflows (% of GDP)",BX.KLT.DINV.WD.GD.ZS,5.16139810385096,7.4065003138309,3.75180060709964,5.77256282742027,5.22041688120703,7.79879790286452,6.10257365099724,4.53283904240458,2.72023911271176,2.40659689644853,2.55921826982754,2.91048196914862,4.96800325180048,1.8718835765044,5.22255647330922,4.70370236790454,4.27524164277035,4.89653501762191,3.9194379121789,10.4612755737217,12.5026201279668,10.4995860985808,8.62799548703865,9.66186331873299,..
"Gambia, The",GMB,GDP per capita (current US$),NY.GDP.PCAP.CD,459.803068381399,376.531026962584,308.719123437587,593.285346326581,616.483657865348,614.544307904464,724.726407242432,859.127671411226,774.888030908091,801.033372714536,710.608411468152,692.579361628102,653.862713272743,568.00453558864,619.536364296461,650.056501323611,642.522641296331,696.219806960615,738.186751987483,720.335143352133,781.890925169531,836.244875868476,883.024111719809,871.340291776294,..
"Gambia, The",GMB,Total natural resources rents (% of GDP),NY.GDP.TOTL.RT.ZS,2.48956240559623,3.54757628277213,6.12286065692919,2.5497949802114,2.63182573752435,2.72961175784069,3.04093237747013,3.18489288621072,3.29749846666455,3.03032430579774,4.46743879941924,5.78123297887422,5.90666401996967,5.2409154628157,5.55888177634649,6.56105812711213,6.49323709656864,2.72252448983926,2.81390983977653,3.03439304457224,2.85673041093642,..,..,..,..
Georgia,GEO,"Portfolio equity, net inflows (BoP, current US$)",BX.PEF.TOTL.CD.WD,..,..,..,..,2500000,142508594.73,33715081.94,114705688.94,11674011.09,-22020531.07,-7182776.41,73576360.3,1312865.78,209590686.96,4851885.7,-3578495.22,-1986241.95,4453497.72,-6022708.6,1058268.97,1900114.64,2285927.71,2496092.99,175770.01,..
Georgia,GEO,GDP (current US$),NY.GDP.MKTP.CD,3219462262.0075,3395766677.67315,3991377904.13162,5125365191.98664,6410912049.87105,7745250733.95067,10172931088.5655,12795145130.9103,10766920065.8251,12426907967.1578,15475290469.2869,16894392033.2256,17517660143.6859,17966015109.3043,15223796148.8396,15444548901.9637,16473125375.0684,17902544880.6471,17638337116.9126,16010869215.68,18853115588.8106,24984568959.605,30777833600.6515,34189423544.9955,..
Georgia,GEO,Trade (% of GDP),NE.TRD.GNFS.ZS,63.3299250824094,71.6291255364807,77.6333765369391,79.0407459055607,84.5295975354749,89.125374368197,88.3934140686603,86.2982243681487,78.1930390303569,81.6733870603639,85.4659350932986,89.7348800946338,93.8139137895532,94.9506979383393,97.0163115086257,94.9262528383443,102.584277697146,109.847740556266,117.810080239714,92.8910841752194,101.60090754891,114.695437688718,107.151179161579,103.456471449056,..
Georgia,GEO,"Foreign direct investment, net inflows (% of GDP)",BX.KLT.DINV.WD.GD.ZS,3.41273251705983,4.72348885200524,8.39036166616402,9.61361623129554,7.06775086735302,15.1240361672901,18.5993001881899,12.5221905619449,6.13732507746039,7.41065931415781,7.56100540937968,5.73087327277528,5.97432640298838,10.2241873429056,11.3986492046024,10.746989399988,11.7183676491747,7.28401976586955,7.92523222582948,3.47997036066188,6.84360165773215,9.03652531888906,6.86202066832702,4.68837813919395,..
Georgia,GEO,GDP per capita (current US$),NY.GDP.PCAP.CD,801.98383707929,853.526171868939,1010.03151630868,1305.04748557208,1642.78359414797,1996.02013272284,2635.36650276116,3324.7537205015,2822.68939668797,3281.72930937343,4119.66818307193,4530.69533409431,4712.00229382665,4830.33486170249,4086.6223465965,4143.40125686315,4418.75206546679,4804.0546040444,4741.2832715876,4300.85701291207,5083.60695484577,6729.84659930283,8283.66960652261,9241.49122313713,..
Georgia,GEO,Total natural resources rents (% of GDP),NY.GDP.TOTL.RT.ZS,0.5482714496053,0.565805015307112,0.783502656243139,0.809468508496354,0.775238184123894,0.954778536519933,0.920367017577998,0.782966178122998,0.792323959767413,1.33825248615574,1.89851691683121,1.08428994137279,0.797121774570139,0.522067118215896,0.53409410608162,0.572435838705115,0.472314027913239,0.451235879680756,0.603605792551493,0.925523673088172,1.38946631019879,..,..,..,..
Germany,DEU,"Portfolio equity, net inflows (BoP, current US$)",BX.PEF.TOTL.CD.WD,76890620967.9197,13823426043.9609,25249417533.9526,-7881311243.18104,22064839908.3239,35648298963.8876,76962834218.9175,-68625797941.1023,20837407671.2393,4762461883.98264,-5501286728.9299,-2528212392.54079,15293848772.652,2688987138.64616,20854937638.7276,-8195206605.90619,-4039382213.62282,-43162890335.5035,-13244525796.6448,-17659244079.4221,-7214361527.12912,-10744584569.2912,-16682742417.2123,-7768508014.61031,..
Germany,DEU,GDP (current US$),NY.GDP.MKTP.CD,1966381496641.73,2102350798305.89,2534715518349.01,2852317768061.78,2893393187361.87,3046308753670.58,3484056680854.91,3808197720125,3478545516683.59,3467093769666.67,3823575803793.78,3596483233406.25,3807023797050.99,3964870735760.77,3425099578746.09,3536787895179,3765351626105.89,4055433215301.96,3959894794039.21,3941398957073.94,4355251953410.78,4201021706478.62,4562207532490.28,4685592577804.69,..
Germany,DEU,Trade (% of GDP),NE.TRD.GNFS.ZS,59.5592863682118,58.3325687248129,58.9145442942507,62.9064909465164,66.9531024934321,72.7591934646234,74.8838416816798,76.1131665945746,66.1391275757126,73.8852351200263,78.433002901442,79.3316495670315,77.5860288576931,76.8483516336234,77.7565815686922,76.0059902166055,77.4548394742448,79.1252260463654,79.0732427175683,72.9335327120137,79.9195348609851,88.7857542130501,81.9625483787634,79.0907305894936,..
Germany,DEU,"Foreign direct investment, net inflows (% of GDP)",BX.KLT.DINV.WD.GD.ZS,2.89610853662771,2.43861371432105,2.5802310174772,-0.715503012520614,2.06799391408494,2.87049561649648,1.4594247021417,0.81284475683707,1.63004671127687,2.48154528887853,2.55089499875415,1.8196411156431,1.76515036525359,0.437762571704246,1.82239938063641,1.64365840117303,2.88914588414184,4.00082875273687,1.9056930139782,4.48523547812751,2.93002168676674,2.07605246190373,1.69740103499567,1.01586176558023,..
Germany,DEU,GDP per capita (current US$),NY.GDP.PCAP.CD,23878.3641471651,25486.5942008748,30711.1022511331,34566.7359143735,35084.4363546269,36980.3349948954,42350.9217211489,46379.1647953479,42471.8868625226,42396.9665976293,47630.9761883572,44718.0159214069,47206.8353514242,48959.5991203133,41929.7549110722,42948.9381932694,45553.9341495339,48916.1686612154,47656.199739747,47394.8734504469,52349.2459994422,50506.5179638543,54776.7668235491,56103.7323182554,..
Germany,DEU,Total natural resources rents (% of GDP),NY.GDP.TOTL.RT.ZS,0.131528983850298,0.104825753269086,0.0963792384818933,0.138403613195226,0.138854594958633,0.163910635584427,0.170900169099195,0.305968628578443,0.158934708555447,0.195522369883906,0.228554942117436,0.1648561931117,0.12505562713457,0.0973612592499159,0.0760120087289006,0.0642202510440344,0.0682636663146081,0.0847654608298758,0.0926260316690242,0.0767453976974352,0.0770848993139744,..,..,..,..
Ghana,GHA,"Portfolio equity, net inflows (BoP, current US$)",BX.PEF.TOTL.CD.WD,..,..,..,..,..,..,..,..,534537000,18140000,..,..,..,..,..,..,..,..,..,..,-40424552.4614335,-21373635.5606327,-9279759.10791064,-53309339.5265678,..
Ghana,GHA,GDP (current US$),NY.GDP.MKTP.CD,5314872854.4405,6166197847.85031,7632723555.66221,8881417906.71432,10744568381.4456,20885037596.6963,24827339138.4906,28679383241.0729,26048720005.5233,32197655566.5347,39336668080.559,41271701060.954,62845721959.827,54678533805.9064,49436806230.4839,56144179397.8516,60385409434.8567,67259353965.6087,68352629246.1555,70008243859.8666,79514204730.3979,73919003209.9866,80547146878.3843,82308110386.4641,..
Ghana,GHA,Trade (% of GDP),NE.TRD.GNFS.ZS,110.045854160811,97.4892431746551,97.2871457139532,99.6703343472122,98.1715141146279,64.5190542439152,65.3543222852532,69.5142256111434,71.5947385281523,75.3778157916824,86.2954538549695,93.1680351286831,60.7593219028775,63.8365624430783,76.5212709243242,67.8769994445865,70.5483652904116,67.9585174644902,76.824802732152,66.5754987162431,62.7078309128346,70.1154557958907,64.3878615281647,69.7884227390592,..
Ghana,GHA,"Foreign direct investment, net inflows (% of GDP)",BX.KLT.DINV.WD.GD.ZS,1.68056701347756,0.955694277966518,1.7916409392104,1.56810546990152,1.34923986570129,3.04529018468516,5.57118876952139,9.46643908231485,9.10808669100415,7.84948455261709,8.2558797134245,7.98251565917851,5.13479660884921,6.15120635162518,6.45737614178894,6.20782671803196,5.39035841681501,4.4440435772374,5.67619931009197,2.67937438514205,3.18633188953992,1.93240124339233,1.63794208213468,2.14505298599888,..
Ghana,GHA,GDP per capita (current US$),NY.GDP.PCAP.CD,263.542156494853,297.46164468774,358.39927142073,406.132105329565,478.611909191028,906.441027564887,1050.12461524926,1182.65761256016,1047.70430093586,1263.89251760539,1507.43573198753,1543.77524235764,2294.79584693743,1949.90832923846,1722.77282833606,1912.47991339951,2012.28662641265,2195.32166016377,2186.65822682613,2195.45481659987,2445.18662529344,2229.89122647803,2383.90410483418,2390.77237652715,..
Ghana,GHA,Total natural resources rents (% of GDP),NY.GDP.TOTL.RT.ZS,12.746063574387,13.4249078896054,15.6197723814453,12.3974101450175,11.7318044619005,7.57618461499477,8.82815308813168,9.16190193076971,10.8115826827154,10.1146292384946,16.0706874677608,15.8226771827735,10.8892140729202,12.249534681472,10.5635168212992,8.64980290681468,10.3700404312643,9.7904078745383,9.76736656039863,8.48657958474163,13.3474845007777,..,..,..,..
Gibraltar,GIB,"Portfolio equity, net inflows (BoP, current US$)",BX.PEF.TOTL.CD.WD,..,..,..,..,..,..,..,..,..,..,..,..,..,..,..,..,..,..,..,..,..,..,..,..,..
Gibraltar,GIB,GDP (current US$),NY.GDP.MKTP.CD,..,..,..,..,..,..,..,..,..,..,..,..,..,..,..,..,..,..,..,..,..,..,..,..,..
Gibraltar,GIB,Trade (% of GDP),NE.TRD.GNFS.ZS,..,..,..,..,..,..,..,..,..,..,..,..,..,..,..,..,..,..,..,..,..,..,..,..,..
Gibraltar,GIB,"Foreign direct investment, net inflows (% of GDP)",BX.KLT.DINV.WD.GD.ZS,..,..,..,..,..,..,..,..,..,..,..,..,..,..,..,..,..,..,..,..,..,..,..,..,..
Gibraltar,GIB,GDP per capita (current US$),NY.GDP.PCAP.CD,..,..,..,..,..,..,..,..,..,..,..,..,..,..,..,..,..,..,..,..,..,..,..,..,..
Gibraltar,GIB,Total natural resources rents (% of GDP),NY.GDP.TOTL.RT.ZS,..,..,..,..,..,..,..,..,..,..,..,..,..,..,..,..,..,..,..,..,..,..,..,..,..
Greece,GRC,"Portfolio equity, net inflows (BoP, current US$)",BX.PEF.TOTL.CD.WD,1829580820.16252,1401823671.10821,2569957959.10189,4295632150.42931,6291552284.3934,7529044536.35392,10865161081.0273,-5253944421.92542,763810123.878287,-1459783718.20057,-354450272.412196,-66396584.7524787,3134350087.20215,11266425042.4982,7002071002.04207,553857881.653414,494484199.060621,-173333990.531133,-43772712.9437218,-690815477.929215,2469399327.48918,-37905383.2176652,1649013631.62042,2165598197.70924,..
Greece,GRC,GDP (current US$),NY.GDP.MKTP.CD,132050474720.03,150253800085.865,196930509813.384,234979615898.225,242315668619.405,269073415333.676,314226996944.108,351121399546.485,326829054686.306,296417644404.034,283228079776.041,238841140018.233,236556279640.705,233911581521.062,194567373678.099,193097239005.87,200381103984.298,213298873494.394,207305649887.019,191362985554.861,218303801895.326,217990189600.69,242946187738.269,256238371778.118,..
Greece,GRC,Trade (% of GDP),NE.TRD.GNFS.ZS,56.8576339551067,50.0533371904633,47.8943121550822,49.825317672568,50.3555334391407,51.1047465834807,54.5256818189044,57.1052836264926,46.3779593986083,50.9225181997227,56.2929957941907,62.3942117351318,62.9547272215374,66.4335364513677,65.2716454619318,63.6575490882866,70.8824967397253,79.2379908638706,80.5900949510457,70.2937464580745,88.0126654490379,108.121843229922,92.4710882947018,89.7765279446168,..
Greece,GRC,"Foreign direct investment, net inflows (% of GDP)",BX.KLT.DINV.WD.GD.ZS,0.00151553151660002,0.0227485404811931,0.71501703822218,0.914091172780157,0.284127006962334,2.01112523714783,0.622837777539062,1.6328960526629,0.846404808815716,0.179789223267027,0.38562256563474,0.695897838082299,1.24506178790059,1.15314480305525,0.652184629866422,1.3975055397238,1.7162955046024,1.88723349665643,2.41172201156202,1.72637818314203,3.0165221032062,3.69648293387112,1.94366777616511,2.6312519942121,..
Greece,GRC,GDP per capita (current US$),NY.GDP.PCAP.CD,12156.9572824221,13782.195640943,18020.612039764,21449.2552764245,22054.1315756886,24416.0232970275,28440.7625328955,31695.8331092209,29425.4573200263,26653.0488008626,25504.7866510124,21624.346052551,21573.3449762805,21474.7257123892,17980.7298238137,17919.2426377048,18631.9930129293,19873.4015238771,19335.3602002969,17886.733165236,20654.7001960815,20886.5243087629,23343.7103964562,24626.1481858973,..
Greece,GRC,Total natural resources rents (% of GDP),NY.GDP.TOTL.RT.ZS,0.100438252898655,0.0501776299825581,0.0384061803009328,0.159020771049669,0.132002912694051,0.19079103863882,0.322972796513128,0.347201010426443,0.120220920285001,0.271313475376967,0.357427754438088,0.234074144784244,0.161354239227532,0.12477838312053,0.0713511198951637,0.0905977627072228,0.107741216363758,0.107923693978732,0.0704760678864166,0.0388459707205932,0.0875219452812631,..,..,..,..
Greenland,GRL,"Portfolio equity, net inflows (BoP, current US$)",BX.PEF.TOTL.CD.WD,..,..,..,..,..,..,..,..,..,..,..,..,..,..,..,..,..,..,..,..,..,..,..,..,..
Greenland,GRL,GDP (current US$),NY.GDP.MKTP.CD,1086170703.9816,1169136716.03557,1558759823.08169,1822499769.23938,1849802648.36391,2013106929.50031,2249811295.6608,2499092314.41875,2529963903.22685,2503167187.49305,2684461375.46585,2609678486.36749,2684946990.12448,2842065708.35962,2499113022.81675,2707139544.46695,2851613679.03433,3055782146.15957,2997309971.87623,3089625554.40473,3293578467.57327,3152334771.77992,3326543974.39193,..,..
Greenland,GRL,Trade (% of GDP),NE.TRD.GNFS.ZS,..,..,87.2971972810315,88.1524357295282,99.7079265489358,89.6938562419079,94.9670539629143,107.37322125158,85.7573657356888,110.472368234124,130.547942353994,100.978401084907,95.9116681587586,87.0885837878503,83.1013810084573,85.8376729204278,84.2072558673104,89.7766906266033,92.1907515607492,82.6595028892583,83.6838572277142,93.3651328766632,91.8900994375821,..,..
Greenland,GRL,"Foreign direct investment, net inflows (% of GDP)",BX.KLT.DINV.WD.GD.ZS,..,..,..,..,..,..,..,..,..,..,..,..,..,..,..,..,..,..,..,..,..,..,..,..,..
Greenland,GRL,GDP per capita (current US$),NY.GDP.PCAP.CD,19265.5191468738,20657.9506323097,27466.6494525504,32030.9987915109,32489.7277309899,35457.6297578214,39780.9441368721,44366.7858688175,44918.8413832155,44277.1993400972,47186.8759969388,45936.9562817724,47535.4883792376,50485.2244135291,44536.3549705377,48181.7453541266,50765.7494665372,54545.135857765,53309.2035905065,54812.6661771023,58135.9939910203,55635.0006491223,58498.9707973609,..,..
Greenland,GRL,Total natural resources rents (% of GDP),NY.GDP.TOTL.RT.ZS,0,0,0,0.224900454263183,0.335434255722259,0.809512759350298,0.672343416976473,0.844947976042771,0,0,0.114611409396534,0.353875743048762,0.0190935869044509,0,0,0,0,0,0,0,..,..,..,..,..
Grenada,GRD,"Portfolio equity, net inflows (BoP, current US$)",BX.PEF.TOTL.CD.WD,..,..,..,..,..,..,..,..,..,..,..,..,..,..,..,..,..,..,-106295.185185185,-623551.111111111,-25787.037037037,..,..,..,..
Grenada,GRD,GDP (current US$),NY.GDP.MKTP.CD,520444185.185185,540336925.925926,591018407.407407,599118592.592593,695555555.555555,698700666.666667,758683592.592593,825976037.037037,771275555.555555,771014814.814815,778655555.555555,799881481.481481,842618518.518518,911496296.296296,997007407.407407,1061640740.74074,1125685185.18519,1166514814.81481,1213485185.18519,1043411111.11111,1122222222.22222,1224007407.40741,1336418518.51852,1371918518.51852,..
Grenada,GRD,Trade (% of GDP),NE.TRD.GNFS.ZS,..,..,..,..,..,..,..,..,..,..,..,..,..,..,..,..,..,..,..,..,..,..,..,..,..
Grenada,GRD,"Foreign direct investment, net inflows (% of GDP)",BX.KLT.DINV.WD.GD.ZS,17.2109605555303,14.4083748207884,16.7656355887062,21.0923990279235,11.7331857542313,14.7018185551416,21.7777169094036,17.4857564898281,14.0935303304599,7.21829642572972,11.0347999232425,6.22764121735725,15.4729269608086,9.18674323761499,15.4731884681937,10.3063305270724,13.6164508332703,15.9441349586327,17.1914579677146,13.5399655332758,13.5644762706271,13.3138087097027,16.4807317512533,11.9486288193338,..
Grenada,GRD,GDP per capita (current US$),NY.GDP.PCAP.CD,4819.50776653843,4984.47405931447,5427.96377252312,5480.26117644588,6338.56011405358,6344.0383771432,6864.54816771858,7448.2040563865,6932.56472176781,6909.60169568597,6947.38136096464,7092.71985352677,7424.80212287327,7986.33421210788,8694.12438005692,9221.23461079424,9751.42661155932,10083.021279225,10462.7929159533,8968.55890108484,9617.28902905373,10469.3867012856,11414.4781691181,11705.0902976658,..
Grenada,GRD,Total natural resources rents (% of GDP),NY.GDP.TOTL.RT.ZS,0,0,0,0,0,0,0,0,0,0,0,0,0,0,0,0,0,0,0,0,0,..,..,..,..
Guam,GUM,"Portfolio equity, net inflows (BoP, current US$)",BX.PEF.TOTL.CD.WD,..,..,..,..,..,..,..,..,..,..,..,..,..,..,..,..,..,..,..,..,..,..,..,..,..
Guam,GUM,GDP (current US$),NY.GDP.MKTP.CD,..,3394000000,3569000000,3869000000,4213000000,4238000000,4397000000,4658000000,4828000000,4949000000,4984000000,5265000000,5399000000,5610000000,5799000000,5901000000,6013000000,6051000000,6355000000,5916000000,6234000000,6910000000,..,..,..
Guam,GUM,Trade (% of GDP),NE.TRD.GNFS.ZS,..,68.8862698880377,64.023536004483,68.0020677177565,66.4372181343461,72.7701746106654,79.4632704116443,78.2739373121511,72.0173985086993,72.0347544958577,77.7889245585875,76.7521367521368,79.5332468975736,78.3600713012478,71.3398861872737,70.4117946110829,69.2665890570431,72.9631465873409,78.0645161290323,63.6747802569304,61.8383060635226,71.8668596237337,..,..,..
Guam,GUM,"Foreign direct investment, net inflows (% of GDP)",BX.KLT.DINV.WD.GD.ZS,..,..,..,..,..,..,..,..,..,..,..,..,..,..,..,..,..,..,..,..,..,..,..,..,..
Guam,GUM,GDP per capita (current US$),NY.GDP.PCAP.CD,..,20909.9590302806,21877.3178371553,23618.8266894573,25631.9776108052,25709.9351488422,26605.4324214756,28112.2316573422,29054.0581201519,29719.7967836082,29926.2052442913,31653.7506538168,32530.7593121483,33900.1486530583,35165.7014644795,35930.6594898711,36779.0078903909,37195.9503070464,39274.9431424899,36482.9363953675,38074.8793745801,41833.1517132825,..,..,..
Guam,GUM,Total natural resources rents (% of GDP),NY.GDP.TOTL.RT.ZS,..,0,0,0,0,0,0,0,0,0,0,0,0,0,0,0,0,0,0,0,0,..,..,..,..
Guatemala,GTM,"Portfolio equity, net inflows (BoP, current US$)",BX.PEF.TOTL.CD.WD,..,..,..,..,..,..,..,..,..,..,..,..,..,..,..,..,..,..,..,..,..,..,..,..,..
Guatemala,GTM,GDP (current US$),NY.GDP.MKTP.CD,18405220247.4412,20444205991.025,21576351798.9145,23577298094.6571,26783389293.922,29744246827.1839,33567850824.1039,38503720224.3166,37126148264.6383,40676578423.4871,46876006272.2387,49593929487.1263,52996420177.4409,57852159007.6243,62186066547.6566,66053408205.8838,71653780740.4226,73328356007.6152,77172331693.4093,77719468248.3666,86455522272.7383,95641446500.6523,104368755054.601,113199581158.203,..
Guatemala,GTM,Trade (% of GDP),NE.TRD.GNFS.ZS,70.6690331769476,67.1048115244645,67.0023391862425,70.2148723581872,67.1036996082037,67.9119237396616,69.0013643101763,65.1787305213103,58.0406869738673,63.1251925746222,65.0470510420457,61.9594193352042,56.6852490208198,55.0832735945126,49.8934517710689,46.3727344722496,46.0694033463258,47.0116852699223,45.5167341512863,41.1407594507716,49.2611494576228,54.4310384820058,48.2970707467356,47.344196760267,..
Guatemala,GTM,"Foreign direct investment, net inflows (% of GDP)",BX.KLT.DINV.WD.GD.ZS,-5.088199966054,-4.97449876130187,0.0903239703402523,1.36317570702825,2.01617500337249,2.13587522888421,2.55959192771149,1.89952208705823,1.34627822535543,2.71030706792051,1.87038244023626,2.82256297187213,2.87216286478145,2.43302117698753,1.93508794944894,1.28045862124744,1.39328931381397,1.25790065429015,1.51707073546928,1.29230382378627,4.19448571319716,1.51615526851124,1.58123029170621,1.63251851384265,..
Guatemala,GTM,GDP per capita (current US$),NY.GDP.PCAP.CD,1537.68663578252,1669.33517469705,1722.54701910774,1840.91184884,2046.46611650758,2225.1234753878,2458.81573919384,2763.05988172926,2611.64632773352,2805.25960237322,3168.98370607705,3286.61959336267,3444.15802275864,3689.14510410202,3893.50533299068,4060.13784737643,4324.99768915601,4352.94593289707,4511.99839552697,4477.61785000665,4912.62240414681,5358.70156997677,5758.32760847852,6150.02571438505,..
Guatemala,GTM,Total natural resources rents (% of GDP),NY.GDP.TOTL.RT.ZS,1.51688956267975,1.49552331731967,1.55532613964599,1.45629547212597,1.55562794751834,1.93392564321639,1.95055907491986,1.93184237870205,1.63784143444565,2.6452084845277,2.86196592041548,2.18105907544831,2.18983261245163,2.98111660499136,1.78572375354011,2.01829626064269,1.50289202380162,1.19385178218072,1.14790981503494,1.35250209053897,1.92928512463796,..,..,..,..
Guinea,GIN,"Portfolio equity, net inflows (BoP, current US$)",BX.PEF.TOTL.CD.WD,..,..,..,..,..,..,..,..,..,..,..,..,..,99766.471545625,-2251185.08942359,396018.276648003,530000,-460000,-40000,-80000,..,1578000,3120000,9580000,..
Guinea,GIN,GDP (current US$),NY.GDP.MKTP.CD,4125527603.22908,4301608752.51396,5025167975.26363,5300767960.51572,4282468636.90501,4220019845.26341,6281918226.34408,6964179983.17212,6716905339.73136,6853467145.53089,6785137203.33153,7638044556.84656,8376613539.28278,8778473372.82124,8794201742.84609,8595955222.49719,10324668271.1362,11857030366.7891,13442861496.4454,14088693742.9464,17069115737.8259,19910452541.9219,22407615556.0571,25008678293.4084,..
Guinea,GIN,Trade (% of GDP),NE.TRD.GNFS.ZS,40.1878781394378,38.0284032674396,35.0751269891585,34.5950959210535,47.9377003917167,69.3862937148949,71.1210322265015,64.1842433909581,69.8153454158123,73.5465739340387,85.9546732708386,86.6743318322581,80.4264477180461,76.7719658952305,72.4427307469345,111.839467415368,101.251633768429,88.984111543709,78.4153132285974,115.765259518929,115.195532789356,94.1652726931221,95.829526758227,97.7778177312748,..
Guinea,GIN,"Foreign direct investment, net inflows (% of GDP)",BX.KLT.DINV.WD.GD.ZS,0.0406493462481599,0.697413496345229,1.57141015760488,1.8469021984972,2.45185683545098,2.96207137841546,6.14302807033806,5.48348837799648,1.3552372021911,..,14.0905035719922,7.92820721970247,0.00226821971801587,-0.840221306496811,0.605767981893699,18.8280094343567,5.59427174638354,2.97511256265365,0.330286821832839,1.25171292113785,1.15770496278309,3.30630355394451,5.86822813302221,5.60537419672227,..
Guinea,GIN,GDP per capita (current US$),NY.GDP.PCAP.CD,483.085120214741,495.916073559269,566.48540588068,584.897740538081,463.17768685098,446.980554135013,650.148575304743,703.532825784369,662.185914665575,659.235326211315,636.694958747648,699.353377212197,748.455020824734,765.146999389279,747.356966759448,711.996509782316,833.598621691121,933.273615633705,1031.34146480732,1053.66097696415,1244.96550477914,1416.59612011764,1555.49375806861,1694.95375862193,..
Guinea,GIN,Total natural resources rents (% of GDP),NY.GDP.TOTL.RT.ZS,12.0823443635609,12.1114517779361,14.8963920119094,14.1598705167376,21.0874675395337,17.7856920060446,16.2933051533271,15.2239654800407,15.5855333124984,15.2920806038969,18.1995114826407,16.6316633604097,14.2501576757042,14.9319543061707,14.1138586026586,18.1063644814226,18.9531246230915,13.7023759938136,4.65794341633325,4.8276880509577,4.51955879028644,..,..,..,..
Guinea-Bissau,GNB,"Portfolio equity, net inflows (BoP, current US$)",BX.PEF.TOTL.CD.WD,..,649939.263896628,344115.437017369,..,..,..,210001.314507362,..,-210001.778959986,2660016.1121958,..,..,..,-95587.7238868833,..,..,..,..,-226143.555965572,..,..,..,..,..,..
Guinea-Bissau,GNB,GDP (current US$),NY.GDP.MKTP.CD,412610871.509121,466773711.235579,553614800.145707,582169841.298304,639776040.688424,634781901.251494,753162998.015113,952667544.037289,890167833.369849,940112538.936436,1157074319.19388,1049412177.11413,1109682824.13594,1135250721.0374,1152384166.79638,1245074264.10396,1469978606.12143,1554133593.91699,1596227316.34846,1705057581.09946,1908094558.33981,1859601384.05928,2127688181.12014,2218393804.54798,..
Guinea-Bissau,GNB,Trade (% of GDP),NE.TRD.GNFS.ZS,47.5832172774612,39.6760635550924,38.0334709318917,43.192131633446,45.7842315450716,48.7605033860226,46.2445284700147,45.1388893744724,43.5957474099206,43.5145876385454,48.6174602066373,44.1280665609795,39.9574617805787,46.8696583055238,54.3703755891285,54.3006730474711,56.9137475938811,55.0195890357005,49.9435101361017,42.8853856881523,44.8094556831993,45.7584952252858,40.4745452891609,38.8065847890015,..
Guinea-Bissau,GNB,"Foreign direct investment, net inflows (% of GDP)",BX.KLT.DINV.WD.GD.ZS,0.0958805556532383,0.759522998746594,0.723518172893491,0.329050599325975,1.35867358840187,2.81783767413937,2.49217201872461,0.695948347275502,2.12209420424558,2.79117647230681,2.16270009395862,0.631297914892102,1.76984840814073,2.54152912247103,1.61191900956541,1.92748272635559,1.06744396733032,1.32316927565873,4.48925285290298,1.23102714227173,0.971111377767191,1.16465840634171,1.18124925655384,1.20132689112583,..
Guinea-Bissau,GNB,GDP per capita (current US$),NY.GDP.PCAP.CD,327.138431972397,362.034574570354,419.78486611807,431.376557669634,463.073962650452,448.513075469701,519.069789794741,640.210331101753,583.190020139094,600.194298540768,719.539573498937,635.461653303881,654.304534409417,652.022501029449,645.066837207039,679.665386626818,783.123186602022,808.531613218504,811.216425885129,846.915855715971,926.780921081233,883.199131457831,988.087886357022,1007.74151728028,..
Guinea-Bissau,GNB,Total natural resources rents (% of GDP),NY.GDP.TOTL.RT.ZS,11.0270151878701,12.5778661904573,17.8267671662477,14.1311490985512,13.3963690749939,13.3637311240334,16.7234362875899,15.9806489073256,17.1974480172831,14.9307329026999,13.2487755763413,17.1198567468218,16.9399233052409,18.6987838921976,19.8714177012089,18.7015046109056,15.9857332638944,9.88886799180997,9.94740073583492,11.1515860354561,10.4285037712862,..,..,..,..
Guyana,GUY,"Portfolio equity, net inflows (BoP, current US$)",BX.PEF.TOTL.CD.WD,..,..,..,..,..,..,..,..,..,..,..,..,..,..,..,41350000,60690000,68350000,118560000,47980000,98790000,71140000,90259580,..,..
Guyana,GUY,GDP (current US$),NY.GDP.MKTP.CD,712167450.162898,726131434.715338,743063950.317749,787814379.183843,824880550.343965,2379817990.6918,2730971595.39574,3025187433.33637,3165663152.73351,3432912516.92427,3691384317.52178,4063088535.76331,4167800928.83553,4127660151.8087,4279840193.7046,4482697336.56174,4748174334.14044,4787636997.85343,5173760191.84652,5471256594.72422,8041362110.31175,14718388489.2086,16918503597.1223,24662709832.1343,..
Guyana,GUY,Trade (% of GDP),NE.TRD.GNFS.ZS,199.577000730114,196.72507835983,189.162485631386,200.725286901642,194.350757310172,..,..,..,..,..,..,..,..,..,..,..,..,..,..,..,..,..,..,..,..
Guyana,GUY,"Foreign direct investment, net inflows (% of GDP)",BX.KLT.DINV.WD.GD.ZS,7.86331922179128,6.0044226038902,3.51248368176644,3.80800361007364,9.31043894391441,4.30285006670754,5.58043153055629,5.88393294374128,5.18058909263255,5.76769722571896,6.68583866568761,6.8398706440639,4.81209139842568,5.75992305097648,3.21740985101614,1.29386384235538,4.46995182690347,25.7279321835024,51.9994680084664,23.4509659519186,27.8124987352703,-20.3619575428882,-6.70884466235383,34.9900722943113,..
Guyana,GUY,GDP per capita (current US$),NY.GDP.PCAP.CD,931.574723847673,950.866932470993,973.742598054188,1033.31030902188,1084.06541388904,3135.60553528326,3608.28685240188,4008.9628671603,4209.13230624565,4581.76179693492,4947.22170589917,5444.39751913913,5556.91231156932,5472.68820452237,5640.41560569466,5870.87823759835,6178.6650437298,6048.38697180418,6405.82443444562,6775.70939096303,9860.87014834386,17913.4928066879,20473.7002190617,29675.2443873316,..
Guyana,GUY,Total natural resources rents (% of GDP),NY.GDP.TOTL.RT.ZS,12.9135305064194,12.7851274638831,16.9482275121693,21.1992807952769,20.9115520318379,9.70635226744027,10.8075151625848,10.3635572947513,10.7158376277662,14.592203974554,16.5317662843372,16.5328031367272,13.9424805340938,10.7965827875901,8.56443283798628,16.0895528527279,13.161642595363,6.60863781746129,5.96249594118667,13.8985430832365,33.6832711741997,..,..,..,..
Haiti,HTI,"Portfolio equity, net inflows (BoP, current US$)",BX.PEF.TOTL.CD.WD,..,..,..,..,..,..,..,..,..,..,..,..,..,..,..,..,..,..,..,..,..,..,..,..,..
Haiti,HTI,GDP (current US$),NY.GDP.MKTP.CD,6331970324.31022,6205847213.6351,5071947798.27263,6087360684.2969,7030149730.33692,7638739122.67242,9228637767.69009,10432962634.8748,11597002834.7786,11859312725.1448,13008746038.8867,13708925477.1304,14902488604.2421,15146883497.6331,14849629308.6025,14069277526.2278,15093357161.1498,16403864617.8458,15016090929.5125,14508222518.3018,20944387975.7051,20253551920.5516,19850585722.3241,25224154990.7946,..
Haiti,HTI,Trade (% of GDP),NE.TRD.GNFS.ZS,27.569933019116,24.9396784759828,37.1973434444641,33.7809703531059,34.9651045038228,37.0570704128996,34.2825489611293,36.1450381454244,33.0964998246108,44.7215241260457,44.1635704019387,40.2582414988129,40.3325097562551,42.3515259071619,41.9457381172044,41.4109022161974,42.0745477868911,45.1385763027223,44.5687187758294,37.4138801252638,37.0465594645645,36.529550283828,30.7854236995359,22.2478853726107,..
Haiti,HTI,"Foreign direct investment, net inflows (% of GDP)",BX.KLT.DINV.WD.GD.ZS,0.0694886389960982,0.0918488613041635,0.272084819262136,0.0969221359795515,0.369835650694654,2.10244121995639,0.807269738778004,0.285633151798952,0.478313239983432,1.50093014768549,0.91476918408797,1.13794476642421,1.0865204500402,0.653599798370867,0.711667596569424,0.745596209929376,2.48360915333592,0.640093066153268,0.499464210439719,0.17231607778598,0.244929572826407,0.194598953085393,0.119129583029912,0.0792936453462934,..
Haiti,HTI,GDP per capita (current US$),NY.GDP.PCAP.CD,748.821159844528,720.969568042522,578.995291079709,683.185298155273,775.845704056916,828.805700289589,984.566983448521,1094.66058421644,1196.8528706018,1209.72733503094,1312.03953552013,1361.39396587374,1457.83221179626,1460.18898613914,1411.12684746796,1318.40268167953,1395.23945184461,1496.38048970156,1352.17204191532,1290.32538667383,1841.33189337222,1760.62635668777,1705.75808460999,2142.62330526788,..
Haiti,HTI,Total natural resources rents (% of GDP),NY.GDP.TOTL.RT.ZS,0.383295015006936,0.396885022338016,0.518316847636601,0.415056574952732,0.353534370526786,0.474483984535321,0.403575652806683,0.399712731958641,0.337463725935536,0.665741356287765,0.530247287448995,0.493447395435744,0.586507266755589,0.699288591917661,0.574767533630933,0.790216838420377,0.657342723836906,0.44034486815939,0.443318678876138,0.577844130610775,0.327641965983974,..,..,..,..
Honduras,HND,"Portfolio equity, net inflows (BoP, current US$)",BX.PEF.TOTL.CD.WD,..,..,200000,..,..,..,..,..,..,..,..,..,..,..,..,..,..,..,..,..,..,..,..,..,..
Honduras,HND,GDP (current US$),NY.GDP.MKTP.CD,7651162302.3456,7858255412.86038,8230391346.67228,8869299234.3377,9757012696.56212,10917477066.1429,12361257680.5627,13881731875.7466,14587496229.1811,15839344591.9842,17710275685.4074,18528554397.5695,18499729214.904,19756533971.8698,20979791685.416,21717604952.1835,23136247990.5977,24067750760.499,24882225741.8119,23352232483.755,28144331506.6149,31426041806.7985,34355805527.9795,37093565854.0437,..
Honduras,HND,Trade (% of GDP),NE.TRD.GNFS.ZS,115.943071737954,117.997454450299,122.248277175534,135.461758741854,136.489768018486,133.13183510432,135.070634917917,135.748955193053,96.9050060188904,109.441838241682,122.216902597337,121.188215808285,116.306049247436,112.97509728471,107.26440535424,99.8157169505924,101.813111079622,103.551162215452,99.4599779937589,88.0008563836292,103.372643459918,112.698524913966,98.7919798336365,91.1101585856976,..
Honduras,HND,"Foreign direct investment, net inflows (% of GDP)",BX.KLT.DINV.WD.GD.ZS,4.04940697578742,3.6562173778393,4.74055553954205,6.67606399673031,6.16028277171203,6.57287305327357,7.82223281251053,8.65020371949481,3.38987200238321,3.83460574737835,5.88681418228473,5.83610988955542,5.77862113948416,8.62899693066618,6.27594328427599,5.28156973350556,4.10592046689605,5.99386120691106,3.83846408231678,1.0106822391556,2.84361329738544,2.41292398026651,3.16136364280263,3.52903749551745,..
Honduras,HND,GDP per capita (current US$),NY.GDP.PCAP.CD,1132.1648753329,1132.49965345317,1156.08162681357,1215.13995412761,1304.70039153826,1425.84780051892,1577.73789197407,1732.49062702803,1781.15703614674,1893.32722662035,2073.66121088074,2126.03474686503,2081.12843527945,2179.88171977271,2271.20265980349,2307.34468351082,2413.0076562942,2464.64241531918,2502.32744328073,2307.61494319511,2735.14751503977,3003.28996826399,3227.45762509776,3426.43483328923,..
Honduras,HND,Total natural resources rents (% of GDP),NY.GDP.TOTL.RT.ZS,1.43828418297597,1.37053917605775,1.21682443039075,1.17065229457115,1.19616286119396,1.9388652088634,1.66136160268053,1.20679031927745,1.16441147896911,2.36463288147641,1.7044807548954,1.63060548730794,1.78208817924239,2.2661279184441,1.56846231223826,2.01566335667541,1.72906722467945,1.07184110988038,0.916855208806467,1.23326098347167,1.22455313744521,..,..,..,..
"Hong Kong SAR, China",HKG,"Portfolio equity, net inflows (BoP, current US$)",BX.PEF.TOTL.CD.WD,-850612654.569527,1395954418.84424,5775967763.1857,1987997275.19399,9968666710.9675,14467901545.8406,43594072642.2197,17385162402.1155,9448668267.83449,18480391617.723,6049373487.84313,28949637682.4791,8714203739.87061,17647860182.1572,-42525252982.2083,2501207283.66784,10309410737.3371,-2397377611.86151,1928772866.83378,-4161505978.05921,1427873150.86407,5128509028.93356,-1036863278.85564,62303864.668799,..
"Hong Kong SAR, China",HKG,GDP (current US$),NY.GDP.MKTP.CD,169404327616.605,166348866131.028,161385558801.811,169099768875.193,181569311742.213,193535442896.365,211596944503.8,219278749139.734,214047795659.045,228638668727.291,248513617677.287,262628865879.697,275696879834.966,291459995978.893,309385622601.348,320860317562.562,341273289534.466,361731070995.726,363074545072.389,344943149590.058,368954169748.818,358679533984.718,381043026173.935,406863396487.342,..
"Hong Kong SAR, China",HKG,Trade (% of GDP),NE.TRD.GNFS.ZS,240.848977626932,255.996457369342,292.454655919737,326.841054589054,342.689209524653,359.208661184248,362.14946363969,376.656806171877,348.397554309339,404.770560908659,421.854706554386,430.568530415663,442.620019127299,425.975871734797,389.405949263639,371.727231773253,376.795666734722,376.892773545026,353.743521139731,350.679705044448,402.459681454463,384.881143223724,353.007500147482,359.506710667464,..
"Hong Kong SAR, China",HKG,"Foreign direct investment, net inflows (% of GDP)",BX.KLT.DINV.WD.GD.ZS,18.4716176291754,4.05644798053661,11.5049681043857,13.1249372796878,22.5606006200286,23.2008118497036,29.358179802523,30.570763400766,25.3568166432836,36.174608362048,38.684029536737,28.5144344855168,27.8775202185389,44.5506957088126,58.5183725103253,41.5318364506118,36.8375516616862,26.8255240590301,16.0571325877868,34.0497513548395,37.1838191639948,34.127375983385,32.0136011857385,30.924624334882,..
"Hong Kong SAR, China",HKG,GDP per capita (current US$),NY.GDP.PCAP.CD,25230.3780910304,24665.8362318216,23977.1734120477,24928.1003722551,26649.637724155,28224.0951563146,30593.9511738646,31515.5292103443,30697.5383861641,32550.136489179,35142.4879344543,36730.796195815,38403.7777145477,40315.3739510191,42432.1619740441,43734.1980702999,46160.429791493,48537.5668888343,48359.0011950597,46109.2299946609,49770.5642374739,48825.8441873536,50562.3633144379,54074.6928519479,..
"Hong Kong SAR, China",HKG,Total natural resources rents (% of GDP),NY.GDP.TOTL.RT.ZS,0.000583448601205964,0.000657691895480615,0.000974241299658627,0.00102021918538856,0.000619914123345892,0.000665683842649037,0.000902723649257638,0.00145921493633856,0.00139045653813043,0.00207769698047783,0.00836942973155063,0.00233967746770346,0.00380877580925821,0.0173546989496714,0.00132324181590028,0.00136992350320175,0.00161903902082238,0.00106133601917033,0.000885726237364786,0.000887798126199827,0.000992608591579756,..,..,..,..
Hungary,HUN,"Portfolio equity, net inflows (BoP, current US$)",BX.PEF.TOTL.CD.WD,142371941.021023,-162622735.351615,275861633.265325,1481728891.24558,12019442.7045851,985237354.940942,-4969953198.7252,-197119279.892213,665203186.926199,-325211474.233601,177628299.811197,746172897.974247,25037714.0616066,-324870579.963653,774221274.395321,-102657014.329243,-141835643.7957,82924803.1771204,231999006.065684,-578553464.22503,-824952768.511069,-1617010655.24069,277853893.524285,146315373.47421,..
Hungary,HUN,GDP (current US$),NY.GDP.MKTP.CD,53800068065.7969,67636468625.0428,85190469121.074,104015363080.271,113098237570.929,115604111412.139,140123326896.329,158228265915.534,130807441076.16,131898737241.166,141712804953.868,128470269689.958,135646053778.582,141128696412.321,125244126623.289,128983560865.293,143335098991.862,161184691013.835,164936682033.992,158468487754.196,183282685440.486,177002580544.155,213240316634.648,222722738925.641,..
Hungary,HUN,Trade (% of GDP),NE.TRD.GNFS.ZS,130.903714236387,118.269335242555,116.787088540862,123.615686104174,128.004810647538,149.231531568461,155.60143236807,158.453224115619,145.30587733019,157.838960085896,166.754347209897,166.17569860957,164.476024791467,168.358355086413,167.290738494524,163.97194450015,165.032855840268,162.700858777925,159.925556464831,154.527002936377,159.187527332834,185.000204092698,158.385747467469,146.504561505902,..
Hungary,HUN,"Foreign direct investment, net inflows (% of GDP)",BX.KLT.DINV.WD.GD.ZS,7.54426473166249,5.38678090915431,4.88025299452782,4.36291277823616,24.3060288068427,16.1574876503265,50.4065230275136,47.2364211896638,-2.28280495631194,-15.8854380283338,7.45442145492381,8.30549850772091,-2.74986395257086,9.1265022330579,-4.3672559097876,53.8467636785015,-8.6313549623639,-40.1082460169744,59.5775493833952,105.635755544096,18.2639108972104,-1.08324491969383,-33.1910318158223,-27.9229280333136,..
Hungary,HUN,GDP per capita (current US$),NY.GDP.PCAP.CD,5280.94887987063,6658.04494326809,8410.09248198479,10291.2694721409,11212.2046968994,11478.4891640501,13934.605460375,15762.6322515113,13051.1831777184,13189.8433874768,14211.460557822,12950.1594488143,13739.4620151401,14352.501883174,12782.9412577973,13215.8605277789,14736.1668157258,16605.0570511887,17012.8598553199,16386.9308821258,19030.628130329,18428.028825614,22230.6277875187,23292.3263882478,..
Hungary,HUN,Total natural resources rents (% of GDP),NY.GDP.TOTL.RT.ZS,0.684989297945054,0.45421890497725,0.418114307449232,0.449426242668097,0.409312455814952,0.543296413793284,0.466808154363912,0.659685571385385,0.474511486110666,0.502154293766183,0.675554220375786,0.61841992081818,0.507806206790584,0.403352372971262,0.285147410110642,0.227029691782411,0.282558589313256,0.347622949150536,0.303895061476493,0.204655214271402,0.402362635857113,..,..,..,..
Iceland,ISL,"Portfolio equity, net inflows (BoP, current US$)",BX.PEF.TOTL.CD.WD,95964516.5506651,54481446.850746,-45947372.4693213,300927971.174035,82707411.4574384,1164763680.34671,211223279.429703,-1989193408.71764,-76789834.430455,17715659.4538117,3101714.43789116,-15491555.9969564,-18828180.787225,-89604348.0660901,-53292379.3410695,12732204.9173835,398646114.208543,173776743.538203,670336148.107924,-29210531.742131,-80576992.2366112,27238269.6872557,-68591989.4437235,311309708.446024,..
Iceland,ISL,GDP (current US$),NY.GDP.MKTP.CD,8323401820.48477,9416199699.54736,11564687741.9859,13963943244.0018,17146410560.5279,17671649843.2602,21960110030.4426,18247921360.2599,13212543837.5133,13922711576.5124,15394005872.149,14943757823.3226,16244319958.6808,18052183514.8695,17700486957.1907,21083713310.457,25060086487.8901,26677652544.3499,24985687022.0452,22034665040.7901,26234872402.457,29166102877.2755,31677891896.7861,33255181468.9382,..
Iceland,ISL,Trade (% of GDP),NE.TRD.GNFS.ZS,73.9395325755249,68.7108314689249,67.4009987460124,69.7326204452496,71.2106793861355,76.6308537686708,73.6249668831341,81.9027481853952,89.00144405735,92.4901528110187,100.133252648313,102.433137099998,97.6980221861272,95.2879194201667,94.8888027460231,87.7600165983392,86.3585336945067,88.934996973139,83.7923659518443,68.6550233460548,76.2317249850944,93.0487199615013,87.4049419122047,85.9671932681303,..
Iceland,ISL,"Foreign direct investment, net inflows (% of GDP)",BX.KLT.DINV.WD.GD.ZS,1.9636895563517,0.976035937953064,2.8998206651811,5.40905235148605,18.042727115684,21.9365764797895,31.2938758397836,6.59629631732958,0.48127099169328,1.84577695426496,7.19083904863249,6.85345908435807,2.90937107233191,4.24755010057716,6.47308431453939,-5.05739639771987,-27.9324374411863,-2.33423231382448,-2.22712995709055,-3.98671122506617,1.52832650765088,4.74021987239207,5.96687940296223,8.51889361391957,..
Iceland,ISL,GDP per capita (current US$),NY.GDP.PCAP.CD,29208.1981853568,32749.379004627,39944.2104095591,47809.6073050042,57783.7745608117,58172.1426656622,70483.0117228535,57489.3399795216,41483.7843682814,43776.4677400475,48254.953927254,46594.9869146614,50173.3360061057,55140.364935793,53505.6964079339,62854.0906407932,72976.3729990975,75633.8651351915,69296.3144361601,60127.9393575616,70425.4064277273,76350.4550416502,82138.7892973557,86040.5309851288,..
Iceland,ISL,Total natural resources rents (% of GDP),NY.GDP.TOTL.RT.ZS,0,0,0,0,0,0,0,0,0,0,0.000381433858879967,0.000359195529289947,0.000366094154813878,0.000347132787240568,0.000299591985536916,0.000252335387007271,0.000217386585292874,0.000196537396162221,0.000108843842062041,0.00010879409889394,0.000106967737793307,..,..,..,..
India,IND,"Portfolio equity, net inflows (BoP, current US$)",BX.PEF.TOTL.CD.WD,2949583338.55138,1063391576.38028,8216187274.33701,9053979533.38133,12151206547.739,9509114657.71346,32862817217.0827,-15030005084.7087,24688929527.5495,30442226311.2953,-4048294106.03908,22809104593.4461,19891607286.6921,12369281294.9453,1932581388.28164,2336743636.48133,5928064111.04438,-4361005877.37179,13768516396.8703,24854054527.0627,5223337684.68153,-16572089325.951,21427093556.532,-827440000.00004,..
India,IND,GDP (current US$),NY.GDP.MKTP.CD,485440139204.171,514939140318.756,607700687237.318,709152728830.775,820383763511.445,940259888787.721,1216736438834.96,1198895139005.92,1341888016994.9,1675615519484.96,1823051829894.55,1827637590410.41,1856721507621.58,2039126479154.52,2103588360044.94,2294796885663.16,2651474262755.45,2702929641648.74,2835606256558.19,2674851578587.27,3167270623260.47,3346107287730.93,3638489096033.86,3909891533858.08,..
India,IND,Trade (% of GDP),NE.TRD.GNFS.ZS,25.9932547534365,29.5086629350614,30.592436132908,37.503814059447,42.0016696148691,45.7244804992652,45.686268679348,53.3682204392226,46.2728696428837,49.2552064974161,55.6238800135298,55.7937217287511,53.8441319466777,48.9221857470669,41.9229138658647,40.082485713276,40.7424969545225,43.6169693323889,39.9054035306442,37.7581053292768,45.4230887840446,50.0752701498882,44.9928422877561,44.6492935069676,..
India,IND,"Foreign direct investment, net inflows (% of GDP)",BX.KLT.DINV.WD.GD.ZS,1.05638020993358,1.01156946489919,0.605887857091792,0.765596855110284,0.886098378458823,2.13016842534495,2.07339404668754,3.6205232354017,2.65159033235479,1.6350340943491,2.0020634629993,1.31293453035323,1.5162764665975,1.69565958990806,2.09211521443253,1.9373641224439,1.50731583255894,1.55821483801456,1.78482633957161,2.40620322673636,1.41217101040888,1.49248825904,0.771919134264091,0.694133152879562,..
India,IND,GDP per capita (current US$),NY.GDP.PCAP.CD,450.357900514128,469.149928973927,544.143133545002,624.258826510066,710.488080408949,801.668353659022,1021.88707706826,992.519584923828,1094.94974598436,1347.51939071367,1445.46127486037,1429.32199520032,1432.84397512195,1553.88396075118,1583.99815907985,1707.50892912243,1950.10468280866,1966.25455171679,2041.42863698585,1907.04251637669,2239.61384367482,2347.44829434623,2530.12031278204,2694.73780859961,..
India,IND,Total natural resources rents (% of GDP),NY.GDP.TOTL.RT.ZS,2.43620876424905,2.34136271190342,2.22671508998187,3.16931675641458,3.6587436038218,3.93368584480297,4.44228487841539,7.10934832396732,3.36239161008031,4.49751864332879,5.30507567095095,4.02383769335832,3.67308833438322,2.81368985123428,1.77764002432658,1.74839023532939,1.98393401607656,2.25531632110711,2.01224538396897,1.78466920695081,3.15934537555664,..,..,..,..
Indonesia,IDN,"Portfolio equity, net inflows (BoP, current US$)",BX.PEF.TOTL.CD.WD,442090511.951674,876551079.950157,1130491110.54075,2042529155.79576,-165274363.215091,1897589871.98469,3558960000,322475762.752472,787278950.178064,2131563489.22089,-326105110.985514,1697641605.94174,-1855985297.89967,3259252152.57698,-1546734907.5414,1318638513.09509,-2537669049.154,-3668291224.97045,-396875903.703115,-4361642808.59923,3131025823.32856,670936188.035,264695146.205131,-1032145703.04032,..
Indonesia,IDN,GDP (current US$),NY.GDP.MKTP.CD,160446947784.909,195660611165.183,234772463823.808,256836875295.452,285868619196.085,364570515618.357,432216737774.861,510228634992.258,539580085612.401,755094157621.936,892969104563.171,917869913332.649,912524136718.018,890814755533.537,860854232686.214,931877364037.698,1015618744159.73,1042271532988.63,1119099871350.2,1059054842698.48,1186509691086.73,1319101183380.15,1371169301563.62,1396300098190.97,..
Indonesia,IDN,Trade (% of GDP),NE.TRD.GNFS.ZS,69.7932075256238,59.0794617663723,53.6164937473016,59.761294836691,63.9879358688635,56.6571268148867,54.8292499782075,58.5613996312961,45.5121213687054,46.7012738758737,50.1800131841104,49.5828982992627,48.6373726752893,48.0801755855227,41.9376402415294,37.4213418023318,39.3554970704606,43.0743089552002,37.6277775357108,32.9721754002427,40.2047582749671,45.4646701959453,41.3362868707652,42.572647301834,..
Indonesia,IDN,"Foreign direct investment, net inflows (% of GDP)",BX.KLT.DINV.WD.GD.ZS,-1.85568619300523,0.0741516383181159,-0.254256320381005,0.738243979887563,2.91611483313067,1.34794264068931,1.6030105718879,1.82632902403998,0.90391941965406,2.02517914569356,2.30298429381592,2.30978031853073,2.55135633401058,2.81997260412102,2.29761639380441,0.487372471368879,2.01948919812582,1.81428979349441,2.23336204282241,1.81058402027127,1.7878556314554,1.87264100861425,1.57116694173474,1.73855500774354,..
Indonesia,IDN,GDP per capita (current US$),NY.GDP.PCAP.CD,732.307093405708,881.002913569131,1043.2105838671,1126.84004447173,1238.21447629488,1558.31562847163,1823.21976255073,2124.55483920618,2218.48541852977,3065.68348377765,3579.46442466152,3632.27254030331,3566.60284506078,3441.06808464008,3288.22269725538,3521.46943457574,3798.88326174526,3860.95353090726,4106.94856160358,3853.70288774146,4287.17313995098,4730.83484836107,4876.30774512252,4925.43048751861,..
Indonesia,IDN,Total natural resources rents (% of GDP),NY.GDP.TOTL.RT.ZS,9.29197183116353,7.28595475221916,7.1428118800621,9.12075209301056,10.3253531632848,9.40722899701392,9.75766253508312,11.10028650133,6.42593139928445,7.13560902238893,8.5631139337506,5.94561486320563,5.38990903395495,4.79162103687978,3.08136736381978,2.66818993930963,3.08016177152276,4.21663374449654,3.23583967668836,2.43866732275102,5.15704008451705,..,..,..,..
"Iran, Islamic Rep.",IRN,"Portfolio equity, net inflows (BoP, current US$)",BX.PEF.TOTL.CD.WD,..,..,..,..,..,..,..,..,..,..,..,..,..,..,..,..,..,..,..,..,..,..,..,..,..
"Iran, Islamic Rep.",IRN,GDP (current US$),NY.GDP.MKTP.CD,126878750295.944,128626917503.72,151911222119.488,187754571247.666,224970371324.67,265602187403.643,349736591832.418,406070949553.875,414059094949.063,487069570463.768,629082257472.368,644019315003.54,500399839839.877,462284793280.825,409191686496.677,478618064870.999,510239893417.645,411903303606.044,347988400957.999,280934329279.723,407350685583.335,422662261525.665,457510482317.483,475252089215.416,..
"Iran, Islamic Rep.",IRN,Trade (% of GDP),NE.TRD.GNFS.ZS,40.535566479523,48.1726865520657,50.6791057753261,51.3138573265888,54.4404952635536,53.1673587143845,49.8873069225934,48.2294027741438,43.6995802243585,43.7706437371399,41.2194147918578,44.0893466807452,47.0867179194755,45.3514201413161,39.42258866118,39.8772417738866,43.1556931383906,56.6153496142829,48.5917712137038,43.8844674905013,42.672379536261,48.9183508223052,49.3935500960203,52.0621306794348,..
"Iran, Islamic Rep.",IRN,"Foreign direct investment, net inflows (% of GDP)",BX.KLT.DINV.WD.GD.ZS,0.321660450664957,2.73611498145264,1.89418626211609,1.61769687939769,1.28425430112768,0.872560020177082,0.5769461352122,0.487596567096289,0.720530462050838,0.74916862626536,0.679834574763516,0.723850091355471,0.609501593960532,0.45545387401938,0.500987695412685,0.70452835935243,0.983654956177998,0.576106085876311,0.433347777066285,0.47769170946132,0.34982143161472,0.354893288694741,0.310885408088419,0.304914200880697,..
"Iran, Islamic Rep.",IRN,GDP per capita (current US$),NY.GDP.PCAP.CD,1881.02266635283,1891.25756091033,2208.99636552406,2672.4226651404,3132.0508192007,3618.91601364428,4687.99166260718,5377.4115072957,5415.52280553446,6291.19443655454,8025.68743364356,8114.08099831877,6222.74194840326,5672.06372896319,4952.73355532178,5710.59947089104,6000.93346404409,4783.01067340237,3997.4935449585,3202.50003502169,4605.14881318992,4721.20437099984,5049.29931642754,5190.16959024821,..
"Iran, Islamic Rep.",IRN,Total natural resources rents (% of GDP),NY.GDP.TOTL.RT.ZS,24.0565282820387,22.901560055169,24.1803070892105,27.2443648124195,34.4823160181386,34.7791285091133,29.1825071901049,33.5227511829978,20.3362743181973,23.0680430493324,25.3461464486072,21.1187189284557,24.9467390294435,24.8607811408678,15.2302994765894,13.1358103039789,17.4677964309489,34.2395948033408,27.8006661533715,23.2391718001181,30.4480600937139,..,..,..,..
Iraq,IRQ,"Portfolio equity, net inflows (BoP, current US$)",BX.PEF.TOTL.CD.WD,..,..,..,..,..,..,..,8500000,2900000,56500000,169000000,7000000,55900000,25000000,-15080000,-8890000,800000,9200000,-2900000,8200000,..,100000,-6100000,200000,..
Iraq,IRQ,GDP (current US$),NY.GDP.MKTP.CD,36176430128.8057,32928454672.4246,21921569478.8163,36633669269.3981,50065104667.8159,65147051918.0219,88837057319.5179,131614434153.505,111657580326.315,138516722649.573,185749664444.444,218002476129.472,234637675128.645,228415656174.957,166774104959.102,166743557747.671,187217660050.676,227367469034.031,233636097800.338,180898797516.874,209691945713.103,287372232137.931,268881051643.549,279641257615.385,..
Iraq,IRQ,Trade (% of GDP),NE.TRD.GNFS.ZS,126.780255976775,119.762047746987,154.234525288266,120.233977121676,115.742540308642,89.6505198581778,74.092853105498,81.0555432665835,78.6873788189898,73.4974796202443,72.1713282233655,73.6086845912812,67.4100184095672,68.9824868569036,69.5917685983115,54.588320188677,59.7809123923157,65.8017917701083,68.9899384202806,57.742316395146,61.5032683117218,68.75879409409,69.4613207990167,70.7087434748943,..
Iraq,IRQ,"Foreign direct investment, net inflows (% of GDP)",BX.KLT.DINV.WD.GD.ZS,-0.0183987197639496,-0.00099002520234575,4.56171717525217,0.818918786960291,1.02925980764254,0.587900739517653,1.09391286623188,1.40995173662765,1.43142990859109,1.00796493975113,1.12086339764167,1.55961531280073,-0.995279210263068,-4.45521124532956,-4.54159235443502,-3.75180911604806,-2.68799428357231,-2.14854834807913,-1.31640616709339,-1.58049696252586,-1.25770209772783,-0.726653366772653,-1.99474822313262,-2.73525447039729,..
Iraq,IRQ,GDP per capita (current US$),NY.GDP.PCAP.CD,1435.695683789,1266.15961275094,817.887862499622,1328.37157628292,1762.39360423421,2276.55435744086,3128.99010329066,4542.96609046032,3714.71205987194,4461.75196161555,5775.54229080293,6477.59618450955,6650.35282247395,6249.39226978969,4440.14189252367,4334.42096404188,4759.2846435467,5646.68932074742,5671.8568632942,4295.18945121228,4868.49431080783,6520.73154560584,5965.31835077761,6073.61032342708,..
Iraq,IRQ,Total natural resources rents (% of GDP),NY.GDP.TOTL.RT.ZS,49.5653017649245,46.9721057272114,53.2980916080186,64.7757532260062,65.3184967985808,63.7269526475673,53.2166911072318,55.6857288439596,39.5126626033864,43.5682899383508,51.1945404105542,49.8510176490635,45.579366576846,46.8543961454295,37.5037172137922,33.2189217237902,39.2005542312932,46.1477869076682,40.609902398822,27.4170131896725,43.4458576871878,..,..,..,..
Ireland,IRL,"Portfolio equity, net inflows (BoP, current US$)",BX.PEF.TOTL.CD.WD,..,..,..,..,93559705352.4005,160496886260.738,138369942090.435,-8038287833.07023,30830352206.7415,152312399788.744,85238242670.9482,109212911810.961,99808746024.1474,244834376504.747,201887140188.399,137404818133.568,316485812938.051,103092663740.679,284565141083.405,219020587657.712,339441354658.912,101639917279.706,165860971208.244,382049649287.081,..
Ireland,IRL,GDP (current US$),NY.GDP.MKTP.CD,109346669229.695,128596035288.401,164670771259.602,194372115041.065,211876989655.907,232180617162.279,270079279419.5,275447471451.063,236443115853.695,221732824603.484,240975871046.644,226921827888.137,242924245718.756,266490442124.309,302101388556.271,305431252708.748,348355212568.515,395780319816.603,407211793800.713,436009027818.948,530394123829.763,548341794599.09,567372737459.116,609157459747.205,..
Ireland,IRL,Trade (% of GDP),NE.TRD.GNFS.ZS,174.840711101871,163.719329359615,146.531474021275,146.587496370071,148.175564253129,150.021785809265,153.396847068025,160.039420132474,173.591474874665,190.08027278672,186.304879179038,190.355682317985,199.742586224446,211.181602002085,223.702938290642,239.708527798768,233.304083346711,222.453716000399,257.652772910421,258.780437026252,231.032350863586,237.755419559378,239.649627585111,246.169874857401,..
Ireland,IRL,"Foreign direct investment, net inflows (% of GDP)",BX.KLT.DINV.WD.GD.ZS,8.82598474922644,22.8030331294708,13.8344483636902,-5.4573737070047,22.1832694953892,9.50555829114517,22.1915415030247,8.45449268903961,22.827608853053,17.0242973051905,9.83474085171317,25.5993064499855,29.8612971089447,39.3649751606697,74.8169261487244,26.1253590357369,20.4170966260237,20.3601504375203,7.67467578422042,8.0934578228257,14.6537815105934,-6.48790793588936,-24.6702589530642,0.791076186083952,..
Ireland,IRL,GDP per capita (current US$),NY.GDP.PCAP.CD,28282.409882073,32705.4345565698,41203.5295847568,47754.2023194244,50933.0216095589,54329.1618599624,61396.417461176,61353.1065629523,52133.0906162544,48623.9666422487,52613.8540355689,49335.8408099555,52537.6108648692,57214.5379785709,64250.1385181257,64129.5571542383,72161.4047531385,80804.1123164826,81827.6688873996,86514.0706108754,103783.446284479,105190.685952731,106818.917130804,112894.953240805,..
Ireland,IRL,Total natural resources rents (% of GDP),NY.GDP.TOTL.RT.ZS,0.0566582045310828,0.0475809059335846,0.0356363486219039,0.0549131558913933,0.0636046148237513,0.309124322700795,0.285066705996576,0.0396359171524907,0.0448352849146384,0.108587847065061,0.0962427963966132,0.058557220023201,0.0370891175584479,0.0353958706182933,0.0187707084805869,0.0652248713159719,0.112833072357874,0.126075695067046,0.0671703776701016,0.0367626864571587,0.10098823103923,..,..,..,..
Isle of Man,IMN,"Portfolio equity, net inflows (BoP, current US$)",BX.PEF.TOTL.CD.WD,..,..,..,..,..,..,..,..,..,..,..,..,..,..,..,..,..,..,..,..,..,..,..,..,..
Isle of Man,IMN,GDP (current US$),NY.GDP.MKTP.CD,1668684324.16871,1891002697.84173,2252620408.16327,2802206151.59282,3032411026.94919,3422733202.4501,4466350655.89909,5928791505.35144,5486921247.07323,5920369789.50182,6565667052.79737,6690228371.66909,7001175622.71266,7708454412.32126,7084800892.22284,6846377563.00683,6979788333.50279,7491649455.92717,7314967866.28289,6684225641.02564,7931193222.06405,7431257410.92713,..,..,..
Isle of Man,IMN,Trade (% of GDP),NE.TRD.GNFS.ZS,..,..,..,..,..,..,..,..,..,..,..,..,..,..,..,..,..,..,..,..,..,..,..,..,..
Isle of Man,IMN,"Foreign direct investment, net inflows (% of GDP)",BX.KLT.DINV.WD.GD.ZS,..,..,..,..,..,..,..,..,..,..,..,..,..,..,..,..,..,..,..,..,..,..,..,..,..
Isle of Man,IMN,GDP per capita (current US$),NY.GDP.PCAP.CD,21819.7123825606,24471.0798814847,28861.6178062918,35564.6023910146,38135.8597885858,42627.5089352891,55040.2437046236,72276.7741329461,66156.105656847,70587.3140283741,77808.8579649376,79329.2034347434,83207.6588430451,91885.4528718026,84753.5187422732,82025.9454509241,83481.3038489014,89393.8244248812,87127.5517977404,79513.5330346598,94299.969348965,88328.548125887,..,..,..
Isle of Man,IMN,Total natural resources rents (% of GDP),NY.GDP.TOTL.RT.ZS,0,0,0,0,0,0,0,0,0,0,0,0,0,0,0,0,0,0,0,..,..,..,..,..,..
Israel,ISR,"Portfolio equity, net inflows (BoP, current US$)",BX.PEF.TOTL.CD.WD,-611000000,1328000000,-108000000,3940000000,2255000000,3970000000,3620000000,2153000000,2122000000,-622000000,-733000000,290000000,2712000000,3600000000,4521000000,3560000000,-3000000,-8380000000,-3170000000,-5648100000,10970200000,687300000,-217600000,5737300000,..
Israel,ISR,GDP (current US$),NY.GDP.MKTP.CD,135002039612.906,125332331883.997,131408914824.005,140047984605.087,147519922009.047,158900547825.306,184681214673.45,221231658862.876,213403181852.86,239679036634.372,268094998225.028,263589172712.391,298478070673.058,315017088116.716,303469434072.296,321940971558.016,358451839052.991,376299083108.497,400645216358.857,410768352657.612,489851549972.347,525181008025.57,512184638998.974,540379921261.681,..
Israel,ISR,Trade (% of GDP),NE.TRD.GNFS.ZS,62.139584755155,65.4711054145982,66.8817503698504,74.9731995265147,78.3242613769325,78.4352889718463,78.8371062996628,75.380922305658,61.67564796397,65.6330798689153,68.9094378497374,69.9650250827043,64.1340511293501,61.7133541160002,58.897971915566,57.7990316850783,56.2801142540924,58.7437542387448,56.325348642584,51.2366737920366,54.9016842006986,60.6448526742952,57.9903207136983,54.4520002969727,..
Israel,ISR,"Foreign direct investment, net inflows (% of GDP)",BX.KLT.DINV.WD.GD.ZS,1.31205425123863,1.26264306760422,2.52798678419127,2.10420736029139,3.26627070729098,9.05944013221796,4.76393877718242,4.64409119960907,2.15877755898524,2.91418894955553,3.22758725723671,3.42096752579402,3.96752765564861,1.9201815482971,3.73553271836246,3.72366398162517,4.71262751632939,5.71739368118438,4.33363467004394,5.1047506129271,3.86849852798664,4.35725962102686,3.15712318737314,2.73472411141711,..
Israel,ISR,GDP per capita (current US$),NY.GDP.PCAP.CD,20966.3052667971,19076.4584298321,19643.4690380742,20568.0694088834,21286.8388636595,22527.2619795719,25721.2594077311,30269.217773489,28508.4938886475,31439.0887027614,34522.5215979073,33321.4300881602,37034.3161080785,38343.3046626235,36213.1041481958,37671.5389138798,41138.470964272,42362.6652754196,44250.6313628073,44575.5719045492,52270.9040241956,54949.621556429,52003.7200729997,54176.6844383302,..
Israel,ISR,Total natural resources rents (% of GDP),NY.GDP.TOTL.RT.ZS,0.0011401524186069,0.00121323080572722,0.00094938677372319,0.0355017759427314,0.0596259989806162,0.105792513747818,0.128587398678532,0.386322234932509,0.309661455072217,0.173972024779987,0.280630419352341,0.270058995740021,0.262662457508262,0.240636647906702,0.225690565978892,0.184759592739644,0.175795530138224,0.243287805206997,0.189655855195189,0.272440677318125,0.441424749575518,..,..,..,..
Italy,ITA,"Portfolio equity, net inflows (BoP, current US$)",BX.PEF.TOTL.CD.WD,5532878401.4329,-195332565.861668,5267865255.75733,25228561271.7538,10684408706.0276,21624246685.1933,-6053289518.04272,-29048904094.3315,20932315524.6521,3817204297.69117,6058146005.52637,20840769994.7954,17094800377.9861,28087940287.8913,13938985122.3463,-678679469.155195,19720516803.183,-5903011839.9178,18587217286.1199,-3143918842.804,5090109759.81248,-12600746940.2733,3893302521.7816,4132187305.05062,..
Italy,ITA,GDP (current US$),NY.GDP.MKTP.CD,1172041488805.87,1281746271196.04,1582930016538.82,1812808753294.75,1864982261286.85,1958563654385.64,2222524108127.65,2417508414187.19,2209484319012.65,2144936254535,2306974020278.21,2097929495121.68,2153225581941.46,2173255507985.84,1845428048839.1,1887111188176.93,1970720904584.71,2099435266458.67,2019606796583.53,1907481094079.23,2179207773596.09,2104067630319.46,2316727999333.18,2380825077243.59,..
Italy,ITA,Trade (% of GDP),NE.TRD.GNFS.ZS,49.8632723203495,47.8713186791542,45.9940859777074,47.2663923891771,49.1221742288618,52.9235429597012,54.8280415572531,54.2142548956671,45.1414765721604,51.6621118138339,54.4722149449288,54.8844952702204,54.0341846317499,54.4545299332032,55.4356858148221,54.4321467018313,57.5829940274911,59.2749835128154,58.6941902594738,53.9394839042764,60.3019776202798,72.0165023032697,65.1071778763174,62.8237685119526,..
Italy,ITA,"Foreign direct investment, net inflows (% of GDP)",BX.KLT.DINV.WD.GD.ZS,1.26941636801649,1.34499006490549,1.23649728851371,1.10881762156492,1.9711754818286,2.91006549515942,2.9684958153757,-0.393031898243064,0.751632233908177,0.462974196548407,1.49396922230512,0.00166359418160288,0.907076904789878,0.783743281747353,0.720886367724088,1.35957350873308,0.44334154868577,2.10769610409512,1.77066894209208,-0.893869914296462,1.20474315612308,2.94181405797187,1.8137542726883,1.13001784266315,..
Italy,ITA,GDP per capita (current US$),NY.GDP.PCAP.CD,20570.4385917862,22451.3964379368,27577.5700319855,31348.1901841445,32062.723833669,33537.1286994269,37826.1754554823,40828.5795580937,37099.6133958219,35856.8625485539,38432.3742820019,34854.3949441965,35701.6746002376,36028.3494022349,30639.8829751432,31391.5692898108,32844.115660604,34904.1081923834,33812.788724868,32091.4866621366,36852.5425414951,35653.9042103495,39277.0838783918,40385.3413957669,..
Italy,ITA,Total natural resources rents (% of GDP),NY.GDP.TOTL.RT.ZS,0.102721225949045,0.0896298707679109,0.0826115695211021,0.077743539369532,0.10163496355748,0.12265392810522,0.116804781880987,0.151794975884094,0.0907628030750462,0.107793453561972,0.156005817179348,0.169645844218462,0.155477399468545,0.138451592682719,0.0819093188563771,0.0473051811205066,0.0639986448910056,0.0992013245530201,0.0824926231070219,0.0559705463881882,0.112009125283042,..,..,..,..
Jamaica,JAM,"Portfolio equity, net inflows (BoP, current US$)",BX.PEF.TOTL.CD.WD,..,..,..,..,..,..,..,..,..,..,..,53867814.9386279,-13931739.7629184,138132815.077581,71829388.6973756,33200000.0817715,251271252.461352,180976187.093093,257160505.450091,260747221.468966,130374617.744527,-32691735.6415058,4091928.6525914,103653665.579395,..
Jamaica,JAM,GDP (current US$),NY.GDP.MKTP.CD,9194727831.07318,9719009494.84779,9430234810.78586,10174664853.9476,11243865777.7131,11930179089.8855,12799600047.1845,13709401520.0326,12120458114.8318,13220549908.2494,14444661522.1463,14807086555.5283,14264205152.6126,13899217679.9219,14963589915.5912,14898999754.1229,15783583236.675,16855447986.2221,17026269262.5307,15000214216.2439,15963885376.3537,18813516805.214,21418804319.6395,22014397089.7689,..
Jamaica,JAM,Trade (% of GDP),NE.TRD.GNFS.ZS,..,..,..,..,..,..,..,..,..,..,..,..,..,..,..,..,..,..,..,..,..,..,..,..,..
Jamaica,JAM,"Foreign direct investment, net inflows (% of GDP)",BX.KLT.DINV.WD.GD.ZS,6.26989738675835,4.56630894573429,7.2479637433656,5.49763452709418,5.67333342894728,7.06060472344707,6.34318590681939,10.0413036123443,4.00285728105842,1.4052035043033,1.19599317121359,2.79145695894721,3.81898294324016,4.18835617241287,6.18152374482186,6.22844979056863,5.63139063640052,4.59566903085149,3.90817004443178,1.76731178461616,2.00753132739669,1.69418617103882,2.29897160435092,1.38581813054415,..
Jamaica,JAM,GDP per capita (current US$),NY.GDP.PCAP.CD,3503.55026688858,3680.64551727724,3549.70758394618,3807.56293124552,4184.43974867497,4417.00127135363,4716.48612542727,5029.80095281745,4428.38153333557,4809.977380312,5232.63644918132,5340.83333232158,5124.21301411137,4975.11325459872,5339.30718256806,5302.29553353854,5605.43541173019,5976.90362644337,6030.68896415921,5299.04530804283,5625.67806271236,6626.47502388538,7542.40084275345,7753.8006955432,..
Jamaica,JAM,Total natural resources rents (% of GDP),NY.GDP.TOTL.RT.ZS,1.52237979807368,1.22819587304474,1.24749541822483,1.88693412740829,2.23829379024811,3.34935566603225,3.50487798321465,3.01994685420205,1.93833915588278,1.66861545913939,2.25616145768344,1.83117834623622,1.78135528369404,1.78235182739347,1.26600183802715,1.28914557442918,1.52838623760003,1.72957545790371,0.364234398807819,0.32243252555047,0.457652062306756,..,..,..,..
Japan,JPN,"Portfolio equity, net inflows (BoP, current US$)",BX.PEF.TOTL.CD.WD,39100776785.6178,-16689552683.0966,87775125021.2093,98279635804.7707,131315273751.34,71437018625.5921,45454662461.4817,-69691958098.9389,12431826605.5295,40328237340.0433,5644539995.81052,34941063883.5548,169753009829.742,32969269487.1727,11272390991.9653,-44844850859.3356,16471994748.8411,-41678881715.7543,30895270058.7907,-80451873640.9795,18637246307.2619,-8289793060.56092,25135296918.8012,13129481654.5234,..
Japan,JPN,GDP (current US$),NY.GDP.MKTP.CD,4374711694090.87,4182846045873.61,4519561645253.53,4893116005656.56,4831467035389.8,4601663122649.92,4579750920354.81,5106679115127.3,5289493117993.89,5759071769013.11,6233147172341.35,6272362996105.03,5212328181166.18,4896994405353.29,4444930651964.18,5003677627544.24,4930837369151.42,5040880939324.86,5117993853016.51,5054068005376.28,5039148168861.22,4262463317796.53,4213167237905.83,4027597523550.58,..
Japan,JPN,Trade (% of GDP),NE.TRD.GNFS.ZS,19.5596044720071,20.4471220661583,21.3261252678119,23.6643534228975,26.2299545778565,30.0163760986692,32.816578051879,34.1294765412245,24.3901665338555,28.4984726938389,30.1949607286296,30.4709109171752,33.9787686509511,37.4314345686579,35.4274083544798,31.3102468455884,34.4232135721686,36.609931802107,35.2164181084145,31.335208636773,36.7384462280698,46.8129868368938,45.1508795641248,46.4069516150859,..
Japan,JPN,"Foreign direct investment, net inflows (% of GDP)",BX.KLT.DINV.WD.GD.ZS,0.112602474486226,0.276304070175932,0.194079344432153,0.153847735604894,0.113001254131506,-0.0520879011005226,0.472322726975046,0.48220858946511,0.231146374633735,0.12920448958805,-0.0136482744839263,0.00872020150189608,0.204293384186424,0.403354543401035,0.118161987748241,0.818481615264516,0.381319638034272,0.501685482403774,0.780785313301259,1.23830386396694,0.695100892094565,1.12971840820326,0.474278368651713,0.401239653950032,..
Japan,JPN,GDP per capita (current US$),NY.GDP.PCAP.CD,34406.1824638092,32820.7936433254,35387.0374203599,38298.9801712303,37812.8950199948,35991.546002862,35779.0245416427,39876.3039685725,41308.9968370512,44968.1562349739,48760.0789494211,49145.2804308193,40898.6478964744,38475.3952461838,34960.6393843385,39375.4731620781,38834.0529341227,39751.1330982711,40415.9567649547,40028.7341726762,40094.5599795288,34065.6438962526,33836.1756271617,32487.0778047567,..
Japan,JPN,Total natural resources rents (% of GDP),NY.GDP.TOTL.RT.ZS,0.0129922667065723,0.0132276622127481,0.0142573617958399,0.0134382291172672,0.0169460112921917,0.0193075194044011,0.0226743046632534,0.0239724825485097,0.0194489662554289,0.0200968819164694,0.0216769702777793,0.0200901706635674,0.0232126866090988,0.0280708839630582,0.0289687122696025,0.0251768652546394,0.0384458694582766,0.0367554022408906,0.0932286615908601,0.0969972012044505,0.0473044627668744,..,..,..,..
Jordan,JOR,"Portfolio equity, net inflows (BoP, current US$)",BX.PEF.TOTL.CD.WD,-56698813.6259363,-232722181.661964,-57827926.6572637,-89844851.9040902,169111424.541608,143582510.578279,345980459.60255,521141515.830707,-29577464.7887323,-20563380.2816901,109436619.718309,53098591.5492957,158450704.225352,-31126760.5633802,14582112.6760563,333661971.830985,-476478873.239436,41267605.6338028,-62253521.1267605,-95211267.6056338,-85774647.8873239,-31690140.8450704,-1267605.63380281,-82957746.4788732,..
Jordan,JOR,GDP (current US$),NY.GDP.MKTP.CD,8975814652.8196,9582510578.27927,10195627644.5698,11411706629.055,12588998589.5628,15056981664.3159,17110437235.543,22658715989.3302,24537876056.338,27133804225.3521,29524149154.9296,31634561690.1408,34454440140.8451,36847643521.1268,38587017887.3239,39892551126.7606,41608435915.493,43370860704.2254,44503006338.0282,43700383098.5916,46296100140.8451,48764963380.2817,51088476338.0282,53352289577.4648,..
Jordan,JOR,Trade (% of GDP),NE.TRD.GNFS.ZS,109.285478573786,114.03885781572,115.706835253918,134.621611934395,146.908891279018,141.747381831126,145.994246288526,140.91292596092,112.151998187109,114.222677694125,118.699679501801,117.855587685189,111.451527997628,109.938805535022,95.3579122266791,88.7207178954687,89.7316005071358,87.6359151906857,85.6878334964204,66.0599488089059,80.3328699444404,104.095459439189,100.347868752034,99.6794477365724,..
Jordan,JOR,"Foreign direct investment, net inflows (% of GDP)",BX.KLT.DINV.WD.GD.ZS,3.04850514227071,2.48601734100151,5.36472671434697,8.2092227069918,15.7636461414358,23.5372913427131,15.3248262609959,12.4753075049094,9.83417874476547,6.22247566973912,5.03335872688489,4.89480688682321,5.64977168714588,5.91204890205889,4.14720229174937,3.89285142868971,4.87814133167977,2.20177686575576,1.63970565115643,1.73975978294192,1.34316062049226,1.97382535440765,3.92718313792336,3.06387579665258,..
Jordan,JOR,GDP per capita (current US$),NY.GDP.PCAP.CD,1632.29454010563,1706.26744384401,1775.67625581432,1940.08641342805,2087.87079273635,2342.63459574933,2506.20599484139,3241.6524135556,3435.8337590698,3718.46571622945,3946.85503855525,4169.50470054618,4311.21916713038,4191.18050084986,4042.75678097555,3986.71677010853,4065.61628749384,4145.43989673265,4170.1144003465,4022.0401356135,4183.49998326866,4332.25159897931,4466.08314208575,4618.09592498567,..
Jordan,JOR,Total natural resources rents (% of GDP),NY.GDP.TOTL.RT.ZS,0.158418274554894,0.123626823797328,0.134054666661212,0.127634442261952,0.122013748794983,0.465565080137658,0.765508276851273,5.65269978809189,3.86553108888157,1.66596420639584,3.31767245058233,2.90847924194887,1.27909933438596,1.19542288638141,1.39974257822882,1.12573697471708,0.869000683008148,0.719072817629181,0.0428576620025569,0.0516759121146319,0.0776640966166585,..,..,..,..
Kazakhstan,KAZ,"Portfolio equity, net inflows (BoP, current US$)",BX.PEF.TOTL.CD.WD,55352190,39283619.6385645,63814870.9244158,-12750241.5090114,149735214.371951,2788888125.24316,828328110.422872,-1280414659.4558,37778852.662488,133946835.078581,7902716.64515256,-418199015.589976,65417692.9500827,-135227878.958823,5749105.45884339,-26241071.501896,23773408.144097,-1517713952.427,482217167.250683,899882885.475546,116299676.310104,39328192.4963327,334988050.780928,-161304590.141429,..
Kazakhstan,KAZ,GDP (current US$),NY.GDP.MKTP.CD,22152689179.8815,24636598527.4437,30833692900.1091,43151647002.6096,57123671733.8952,81003864630.018,104849915058.376,133441648851.982,115308686941.38,148047348240.643,192626464617.071,207998568865.789,236634603409.089,221415613595.469,184388404706.042,137278320084.171,166805788827.233,179339977690.485,181667184854.501,171082365861.423,197112255360.612,225496328925.494,261840101059.923,291480274648.826,..
Kazakhstan,KAZ,Trade (% of GDP),NE.TRD.GNFS.ZS,92.8490685069707,94.03168564978,91.4633324250457,96.4091997009336,97.7625030243024,91.4535267973373,92.1616330969975,94.2948046483658,75.7660674636533,74.1382658957842,73.1178570509129,73.7237324891671,65.4076093299538,64.9720346513507,53.0497288072652,60.3115965864153,56.825387935971,63.5279565118188,64.8586165517565,57.0264423660931,58.6686085779207,68.3343147415612,62.3342837675021,57.1613431963924,..
Kazakhstan,KAZ,"Foreign direct investment, net inflows (% of GDP)",BX.KLT.DINV.WD.GD.ZS,12.7154903277303,10.5066901062522,8.05370034022495,13.0128589220718,4.45711144385218,9.39605595950726,11.4190297456091,12.6039290016987,12.3805834457831,5.03630628288047,7.14351039762779,6.56164821145973,4.23069709209016,3.3006311188168,3.56737402233377,12.5466202801438,2.85205738000704,0.196995426846668,2.05367649290766,4.21199990309163,2.31675874599247,2.25355434978679,2.18549414987511,0.678943746848058,..
Kazakhstan,KAZ,GDP per capita (current US$),NY.GDP.PCAP.CD,1422.27331810957,1573.55219932325,1958.02050246511,2722.47407755402,3577.35804001782,5030.13494711519,6449.43931096532,8123.54705891736,6938.01175663001,8793.07589980782,11287.1464926039,12018.7966527993,13478.459627612,12427.7094576939,10196.1226255982,7475.56688689424,8943.08416791984,9472.48527327758,9457.12614657136,8781.50797787648,9983.60103576902,11255.3396437881,12879.4275257974,14154.6324958076,..
Kazakhstan,KAZ,Total natural resources rents (% of GDP),NY.GDP.TOTL.RT.ZS,20.9616871018262,23.0852806844263,22.8777662165405,28.2540580317544,30.2817584470403,28.7904563121509,26.4915311907324,33.2480252476327,21.5858584721869,21.7441441579602,25.7688205419371,21.9826967680593,18.2187488150502,17.2500802611251,9.32876500546085,11.0336820575133,14.897596398127,20.7829646926253,17.9259738525419,12.8406951964892,26.8423173327291,..,..,..,..
Kenya,KEN,"Portfolio equity, net inflows (BoP, current US$)",BX.PEF.TOTL.CD.WD,2378862.01038539,2951028.99005142,642255.011147059,3220885.63395804,3145427.84933187,1805249.55040748,454264.303562484,5022022.31840658,2636776.91040991,22105898.3811636,20122784.6643221,257117028.214431,296820082.271017,954338773.807987,10808074.1144991,72167198.6189862,-61667515.0852299,-251308374.758731,8445645.49322329,-273539616.740847,-97453935.8455007,-207161916.303261,-152219252.602133,-122514058.399131,..
Kenya,KEN,GDP (current US$),NY.GDP.MKTP.CD,12986007425.8781,13147736898.5176,14904517649.8476,16095337093.8366,18737895512.7378,25825512284.2891,31958195182.2406,35895153327.8497,42347217912.9176,45405615063.7551,46869473150.61,56396704671.5777,61671440407.8387,68285796514.2896,70120446896.8359,74815144163.8931,82036510877.2599,92202979985.2863,100378436207.371,100657505750.545,109703658904.994,114448978152.637,107500884685.013,120339557905.932,..
Kenya,KEN,Trade (% of GDP),NE.TRD.GNFS.ZS,55.9468360286644,55.1726722640053,54.132265895729,59.4770033484289,64.4788661639796,55.2364851257303,53.8947888046059,57.5785986473131,45.9451918127805,50.3942873502834,58.4022059745625,51.6236920232481,47.4646425127304,46.170489362216,40.3273846919019,34.8650195731824,35.9950578754074,34.4147531767425,31.759461841481,30.3991387830411,35.0020477795269,40.2753238373561,41.1110904167396,40.1860139968756,..
Kenya,KEN,"Foreign direct investment, net inflows (% of GDP)",BX.KLT.DINV.WD.GD.ZS,0.0408333582871574,0.210062364887451,0.548412532071825,0.286194263505208,0.113202068934601,0.196219632064752,2.28124317373484,0.266291327300955,0.274534230856511,0.392164287395035,3.09471103381268,2.44725940988928,1.81417037253291,1.20220842439576,0.883799936312692,0.627591266355583,1.64083690398642,0.832686217791619,0.468168547481475,-0.00536845439351621,0.382593996518954,0.691645983068062,0.472521238226254,0.385110027210407,..
Kenya,KEN,GDP per capita (current US$),NY.GDP.PCAP.CD,410.700452474814,402.936385605382,442.898457253405,463.662781300121,523.456312433863,699.80237063381,840.201439476765,915.54435473604,1047.9678324485,1091.51873101194,1096.14499807675,1285.00536171512,1370.87885214659,1482.81566253497,1489.11959777284,1554.12610314423,1667.48447230835,1836.45275528993,1960.40808854893,1927.66459027849,2061.35622089594,2109.56288513137,1942.58802756191,2132.43452097647,..
Kenya,KEN,Total natural resources rents (% of GDP),NY.GDP.TOTL.RT.ZS,3.14162066789234,3.73954391156623,5.08542139634021,4.12367812938474,4.07693603995981,2.95041850869952,3.63389849443088,3.63886873395414,3.24572373518734,2.67307931109746,2.9431872828815,2.90888320855534,2.66940200706872,2.64310943602707,2.70967011611946,2.65839831359762,2.31435620783369,1.36132463517161,1.22718421158535,1.26881196888613,1.22792857770901,..,..,..,..
Kiribati,KIR,"Portfolio equity, net inflows (BoP, current US$)",BX.PEF.TOTL.CD.WD,..,..,..,..,..,..,..,..,..,..,..,..,..,..,..,..,..,..,..,..,..,..,..,..,..
Kiribati,KIR,GDP (current US$),NY.GDP.MKTP.CD,64935850.1573877,74743869.1313473,96105619.3795504,104085892.133271,113895437.324786,112338353.264712,138054945.643442,147017894.97877,140177384.145395,165458433.127645,195970140.170383,207001545.867109,201730860.757856,200287281.98074,191559398.688293,206467818.503227,222875736.343445,233514717.441266,216985388.322754,220898020.418627,285259881.131951,270040453.254018,288610747.738991,307862564.489711,..
Kiribati,KIR,Trade (% of GDP),NE.TRD.GNFS.ZS,110.784733057905,125.625496108186,103.928965237073,101.359702114731,123.594268587865,94.046808140823,96.1590422982734,95.441924758027,97.6360324868749,85.6972485309313,93.4313938880945,96.1287092438882,96.7814002828914,104.187980044647,109.889112537487,111.269797688379,100.561253988425,83.3664311213492,98.3140421834046,78.4052134293582,74.5005430117832,107.685878015909,107.603778509938,..,..
Kiribati,KIR,"Foreign direct investment, net inflows (% of GDP)",BX.KLT.DINV.WD.GD.ZS,-0.421154107226063,0.334194634159284,0.697940457936143,1.87697867593672,2.28808112178245,0.506000711616138,0.835207086847366,-0.86226187796661,3.56373391370914,-3.99041060819927,-0.177954446979993,-1.15262125678328,0.415473344082877,1.31418451065811,-0.427973964466896,0.875179449056022,0.352123235920718,-0.490061067482829,-0.257289445431518,1.18792048651839,0.36155661211342,1.58130645815643,1.77076659064425,2.62220169231084,..
Kiribati,KIR,GDP per capita (current US$),NY.GDP.PCAP.CD,718.833787096781,810.10870037444,1020.50033851394,1083.2688987175,1161.78341739977,1123.19258990684,1352.57814048911,1410.62246914058,1316.62753853678,1522.10068744154,1771.12926848792,1843.55336349889,1772.08718317132,1736.70535682101,1639.85274740652,1742.66799324117,1853.05122713319,1912.73809378187,1750.9977188915,1751.78249168214,2222.04819501897,2069.7671726925,2177.70125812262,2288.63471423684,..
Kiribati,KIR,Total natural resources rents (% of GDP),NY.GDP.TOTL.RT.ZS,0.0375979466931401,0.0377433021241735,0.0450146573139441,0.0451763817247018,0.0279208944627771,0.0338018104231589,0.0433023683626024,0.07098350763928,0.0731494190069756,0.0626677431300746,0.0736138842102225,0.0589178981070894,0.0557002717308784,0.0889050775265575,0.0732783582600832,0.0826063804854857,0.0929519614955758,0.0420866204186192,0.0427412418710569,0.0569939081063946,0.043500143330191,..,..,..,..
"Korea, Dem. People's Rep.",PRK,"Portfolio equity, net inflows (BoP, current US$)",BX.PEF.TOTL.CD.WD,..,..,..,..,..,..,..,..,..,..,..,..,..,..,..,..,..,..,..,..,..,..,..,..,..
"Korea, Dem. People's Rep.",PRK,GDP (current US$),NY.GDP.MKTP.CD,..,..,..,..,..,..,..,..,..,..,..,..,..,..,..,..,..,..,..,..,..,..,..,..,..
"Korea, Dem. People's Rep.",PRK,Trade (% of GDP),NE.TRD.GNFS.ZS,..,..,..,..,..,..,..,..,..,..,..,..,..,..,..,..,..,..,..,..,..,..,..,..,..
"Korea, Dem. People's Rep.",PRK,"Foreign direct investment, net inflows (% of GDP)",BX.KLT.DINV.WD.GD.ZS,..,..,..,..,..,..,..,..,..,..,..,..,..,..,..,..,..,..,..,..,..,..,..,..,..
"Korea, Dem. People's Rep.",PRK,GDP per capita (current US$),NY.GDP.PCAP.CD,..,..,..,..,..,..,..,..,..,..,..,..,..,..,..,..,..,..,..,..,..,..,..,..,..
"Korea, Dem. People's Rep.",PRK,Total natural resources rents (% of GDP),NY.GDP.TOTL.RT.ZS,..,..,..,..,..,..,..,..,..,..,..,..,..,..,..,..,..,..,..,..,..,..,..,..,..
"Korea, Rep.",KOR,"Portfolio equity, net inflows (BoP, current US$)",BX.PEF.TOTL.CD.WD,10265700000,395300000,14418500000,9468800000,3282100000,-7949200000,-28324000000,-33412600000,24743900000,23595300000,-6851400000,16572500000,4383200000,6753200000,-1758800000,13272300000,8676800000,-6302200000,773300000,-15737900000,-14956600000,-5096200000,10934700000,2385800000,..
"Korea, Rep.",KOR,GDP (current US$),NY.GDP.MKTP.CD,567564806235.441,650014391470.21,728516494684.269,823251107638.814,971740329983.878,1095175538508.19,1220911904593.06,1091580692542.34,983065242417.36,1192830015737.68,1307103477219.1,1335343586437.67,1434669686501.84,1556252422020.44,1539212301135.55,1579150518945.44,1710196756713.17,1824251454306.83,1751045752054.63,1744070276373.34,1942313560965.9,1799363116866.52,1844800934391.54,1875388209406.8,..
"Korea, Rep.",KOR,Trade (% of GDP),NE.TRD.GNFS.ZS,60.4277386641693,56.6688767960273,59.4242945541732,67.9270638751076,66.1695148242697,68.3749509402263,71.3239614988013,92.0833544961819,83.1246099057162,88.0278677123124,101.68061646213,101.51727207905,94.1675235855873,86.9342577972039,75.3881774564907,69.8997221316919,73.1921408264016,74.7075162140824,71.4470632403511,65.544957860621,75.3063047610912,90.5851475278549,82.2580090716629,84.6424951192038,..
"Korea, Rep.",KOR,"Foreign direct investment, net inflows (% of GDP)",BX.KLT.DINV.WD.GD.ZS,1.14917273381718,0.842304427693724,0.962229414316563,1.61486572889407,1.403996477148,0.836569086676283,0.722975995794071,1.02488987542862,0.917731561520283,0.796207328344812,0.747683727442323,0.711120351080011,0.889863368558993,0.595893048504325,0.266636382581676,0.766507046338007,1.04741749331971,0.66781363782051,0.550202642546341,0.502554290313687,1.13577953855347,1.39186469730544,1.00819007911736,0.685857996519477,..
"Korea, Rep.",KOR,GDP per capita (current US$),NY.GDP.PCAP.CD,11981.4828218758,13642.9424537101,15211.5483770422,17121.6301633201,20167.0474902506,22609.7059431449,25078.4853957105,22252.3125108061,19937.3029137734,24071.2620526362,26175.2398553363,26600.5477433903,28449.3591104972,30667.0912467447,30171.7906545222,30832.0628072516,33296.9845439195,35363.9508228687,33826.9443301597,33645.7719545073,37518.4635305697,34822.4048404971,35674.095995632,36238.639908315,..
"Korea, Rep.",KOR,Total natural resources rents (% of GDP),NY.GDP.TOTL.RT.ZS,0.040290625222942,0.0319098595850261,0.034591198170788,0.0311351033627051,0.0351493873694118,0.0375360164351106,0.0436459140169587,0.0753402292393727,0.0579313041903032,0.0746400306743559,0.0914175988735794,0.100818097512262,0.0723717153476114,0.0640735784174601,0.0367480142308671,0.0331101931364819,0.0386022741681957,0.0471215171527114,0.121453005220381,0.113270922936166,0.049812574781783,..,..,..,..
Kosovo,XKX,"Portfolio equity, net inflows (BoP, current US$)",BX.PEF.TOTL.CD.WD,..,..,..,..,..,..,..,..,..,..,..,..,..,..,..,..,..,..,..,..,..,..,..,..,..
Kosovo,XKX,GDP (current US$),NY.GDP.MKTP.CD,..,..,..,..,..,..,..,5181776768.71247,5015894692.97027,5343950556.07185,6341613609.97976,6163484244.63408,6735328609.6594,7074394734.88431,6295848422.71573,6682677289.98994,7180768692.01515,7878762812.27689,7899741278.75198,7717143395.54732,9413408574.4949,9354907646.29785,10468224574.7539,11197246322.588,..
Kosovo,XKX,Trade (% of GDP),NE.TRD.GNFS.ZS,..,..,..,..,..,..,..,76.7307430830911,77.7553766977497,82.1774799739022,86.1517494661872,81.3639162574412,75.1034836607029,77.0760521643276,74.0204422546574,75.0188123077463,80.4101373469745,86.3150846710967,85.7534085053482,75.6080171280001,98.6384304855253,110.012031619226,109.951851577902,113.789651964133,..
Kosovo,XKX,"Foreign direct investment, net inflows (% of GDP)",BX.KLT.DINV.WD.GD.ZS,..,..,..,..,..,..,..,10.4976732129649,8.03740783578854,9.17015887398439,8.44148689449377,4.7552615607391,5.51557702357753,2.82551916539146,5.4536035105824,3.64804605378298,3.99449173779086,4.04305852508055,3.60874541643268,5.11361821652708,5.3214299513939,8.1685714094263,8.68015870393432,7.67877491657097,..
Kosovo,XKX,GDP per capita (current US$),NY.GDP.PCAP.CD,..,..,..,..,..,..,..,2877.39331402724,2794.86699473069,2987.54519574464,3538.94759838576,3410.65550749316,3704.55872781672,3902.49424360946,3520.62850699375,3759.44959067104,4009.32022050863,4384.18796444738,4415.99923011071,4310.88963754863,5270.43236861018,5290.95006509706,6221.20618847799,7023.06598512878,..
Kosovo,XKX,Total natural resources rents (% of GDP),NY.GDP.TOTL.RT.ZS,..,..,..,..,..,..,..,3.46974810931307,1.27548398495597,2.55556688241113,2.41955836525131,0.984751666231743,0.528578459655645,0.522780519330801,0.345818043207918,0.394911793338711,0.559517101853948,0.582555742632103,0.403302686372993,0.405629883811269,0.928898942515976,..,..,..,..
Kuwait,KWT,"Portfolio equity, net inflows (BoP, current US$)",BX.PEF.TOTL.CD.WD,..,..,..,..,..,44455744.0913706,676954788.316021,3954939775.08077,500681892.324286,-25347754.5396067,832393796.789247,638538858.958224,65123320.1471152,585620490.208271,42647.98482724,-32443092.2885313,405467048.87166,410120835.917821,167454308.389214,241190807.114969,-1947093083.9871,1207394605.5687,-374807342.977117,374015733.369519,..
Kuwait,KWT,GDP (current US$),NY.GDP.MKTP.CD,34889559869.8326,38135788413.8276,47874582231.588,59439090600.6108,80798630136.9863,101557330723.423,114634043361.692,147379737229.753,105968691905.415,115416245241.742,154039231245.856,174047662680.041,174168116534.844,162650450684.725,114585555688.511,109406674124.652,120687539805.505,138646316350.727,140856394860.529,111045470605.715,148350671489.144,183502046693.878,165384407116.233,160227273053.334,..
Kuwait,KWT,Trade (% of GDP),NE.TRD.GNFS.ZS,86.8504672897196,81.2251941328732,86.5551755074577,89.2976416790834,92.2426800942645,89.7130931980522,91.7325033915889,92.6834562516721,88.8110649851457,97.0280216600064,99.1164927646913,101.011435104032,97.6054913328151,100.037189841844,98.6999884455485,96.1576723758617,97.840046457409,102.785630655,91.6857123895953,82.0125101293052,82.0019394603961,90.9204116970196,96.0797881582,..,..
Kuwait,KWT,"Foreign direct investment, net inflows (% of GDP)",BX.KLT.DINV.WD.GD.ZS,-0.319626515627054,0.00949093260661865,-0.140181900729054,0.0399618649631494,0.289490192089246,0.119445435810722,0.0972971788343997,-0.00403837933985183,1.05086514387032,1.13036730425536,2.11573865053541,1.65046109668041,0.823130244872496,0.298681408941651,0.248414926379679,0.266918369047007,0.0936402094114043,-0.0154187787915342,0.366059041832984,-0.502546857177858,-0.183575378772919,0.409943823254394,1.27859898143139,0.383567812220823,..
Kuwait,KWT,GDP per capita (current US$),NY.GDP.PCAP.CD,17374.2318664227,18512.7523035862,22690.655175144,27552.2827399787,36122.6142741227,42946.6374104066,45709.4132876371,55585.1889344442,37907.1001320042,39212.252220155,49169.6063813095,52155.2225833921,49651.0439275077,44368.7813457751,29882.2126495698,27323.6890735517,29047.6536135703,32067.9623756889,31707.8737443551,25236.0755848941,34018.6342592913,39981.7691035833,34075.849012909,32717.7186631255,..
Kuwait,KWT,Total natural resources rents (% of GDP),NY.GDP.TOTL.RT.ZS,44.0885830746429,38.1288168486834,40.6360885106068,46.8824794495593,54.13842958264,51.7820031567292,48.7737107555426,53.4605112170385,39.5907640471852,48.8263605663801,59.0696960166924,58.1449073185752,56.3426547447197,53.9714223132032,37.3135995019662,32.3641255908565,36.7579336114171,45.1522896110691,39.8386703389064,29.2848672951013,..,..,..,..,..
Kyrgyz Republic,KGZ,"Portfolio equity, net inflows (BoP, current US$)",BX.PEF.TOTL.CD.WD,..,-9501742.70175527,4960546.99120956,40644.0452365682,-36077.2590662184,19498.050750015,1477734.30530186,6236769.21064152,718114.436545156,-18164700,5473400,9100,-1609900,6900,139100,-1240700,..,..,..,..,..,..,..,..,..
Kyrgyz Republic,KGZ,GDP (current US$),NY.GDP.MKTP.CD,1525116370.27939,1605643104.73021,1919008090.49641,2211534585.0034,2460246766.41401,2834168889.42019,3802570552.56105,5139958909.17936,4690061380.60253,4794361863.01353,6197765984.28468,6605142884.36215,7335033800.59056,7468102412.68237,6678177511.66313,6813095379.1187,7702938379.42036,8271106235.41552,9371275264.36735,8270468614.24051,9249133946.26531,12134931017.9465,15180842369.4894,17478259659.2625,..
Kyrgyz Republic,KGZ,Trade (% of GDP),NE.TRD.GNFS.ZS,73.7469123687968,82.9207290212667,83.9327828079655,93.8157321567302,95.0840046303638,120.749981766273,137.058387838563,146.106082230139,133.379153167955,133.232850492333,136.179840420492,139.675937840309,134.026785643922,125.126181075833,110.961570714633,105.823574017406,100.617445813258,98.8755599017608,94.4302823542939,78.9922784304738,100.261376861569,133.786718048766,132.373403912336,127.650577802859,..
Kyrgyz Republic,KGZ,"Foreign direct investment, net inflows (% of GDP)",BX.KLT.DINV.WD.GD.ZS,0.328285301673471,0.290348679041994,2.37334214616148,7.93380357994973,1.73012109521201,6.422443742837,5.46786640053175,7.33453630196803,4.03784480909439,9.86092233978431,11.0646449339785,3.95036874399421,8.34375023535304,4.59301012553734,17.1312307587207,9.08868385870298,-1.39184288798722,1.74369178553725,4.3096066288398,-4.85484703138399,2.44569276771409,0.451992680624909,1.04737270916902,4.03548948093475,..
Kyrgyz Republic,KGZ,GDP per capita (current US$),NY.GDP.PCAP.CD,308.41129550148,321.726775366804,380.505828812441,433.233873286,476.548193640077,543.113512472219,721.771577544361,966.388569370494,870.198894546917,876.954476440354,1117.40174350185,1168.62244675446,1269.66303464348,1264.52668823891,1105.65193844261,1103.27489428412,1221.39046807082,1283.5203037417,1421.99927504102,1229.51766602907,1349.99730650542,1739.72018344174,2138.22210211478,2420.18542283831,..
Kyrgyz Republic,KGZ,Total natural resources rents (% of GDP),NY.GDP.TOTL.RT.ZS,3.53276931251188,3.3096165778063,3.40243817488708,3.41530119102061,3.09969897922061,1.82532082628667,1.07230696930492,4.30159610201564,4.45679827426077,9.80889830136341,10.2034319238732,3.5809218517523,5.71912349278664,4.07203515798825,4.25309870186703,5.61349048423669,8.75574116357044,4.67048081477686,7.24320231053747,6.52758010092793,11.5065410174076,..,..,..,..
Lao PDR,LAO,"Portfolio equity, net inflows (BoP, current US$)",BX.PEF.TOTL.CD.WD,..,..,..,..,..,..,..,..,..,53800000,11450996.4825079,5735532.97104479,6741200.00015397,4281121.07528947,-145346.169759212,-4634434.89341604,-34479720.5924693,1387762.29759756,-122778.639905288,-916912.933669083,-274732.536716771,135137.320586237,-175606.796468193,..,..
Lao PDR,LAO,GDP (current US$),NY.GDP.MKTP.CD,1768619058.34647,1758176653.07746,2023324407.28414,2366398119.86321,2735558734.7379,3455030060.9785,4223152739.04052,5446433157.40114,5836137329.63305,7131771014.70456,8750104617.17303,10192846339.4029,11983252626.5452,13279245886.3854,14426380125.6488,15912501722.6143,17071155481.4994,18141641089.7963,18740561512.5555,18981805250.2424,18827148530.9347,15468785203.7532,15843155731.2552,16502933121.3379,..
Lao PDR,LAO,Trade (% of GDP),NE.TRD.GNFS.ZS,65.8994368798482,67.2549028523532,60.572095882788,66.0797516222837,71.7926462737852,81.9613754162421,79.2126289035269,81.8491820941317,76.930826218652,84.7203378916677,91.6986958680216,98.1851264313662,98.1791466159604,99.0597382933399,85.798321703681,75.0918909204124,..,..,..,..,..,..,..,..,..
Lao PDR,LAO,"Foreign direct investment, net inflows (% of GDP)",BX.KLT.DINV.WD.GD.ZS,1.35157901983042,0.253176893420544,0.962969691363706,0.714895049062071,1.01332132437858,5.42138961728604,7.66062749777557,4.18200303606929,5.45905949594973,3.90935018167503,3.43702755895922,6.06067602678934,5.68624628337024,6.53385086120159,7.47075777292731,5.87774436155716,9.87799160512334,7.4856486219066,4.03149139231071,5.09807193491087,5.69344695957329,4.69509225789707,11.2425630959408,5.98958863567394,..
Lao PDR,LAO,GDP per capita (current US$),NY.GDP.PCAP.CD,320.316005439568,313.350817148131,355.097216151461,409.296298284117,466.061506997741,579.391947440719,697.323013673925,885.747376088762,935.03237283283,1125.91610151261,1361.54704394913,1563.5650771337,1812.51774424651,1981.03910900473,2121.01339097363,2303.22156035363,2432.43059478511,2545.1075420815,2589.32081035237,2583.77730696131,2526.05105018529,2046.40440255621,2066.94979776957,2123.97909415109,..
Lao PDR,LAO,Total natural resources rents (% of GDP),NY.GDP.TOTL.RT.ZS,4.55666788739825,4.81089612054397,6.57889990038597,6.13767807292974,6.59795887828897,13.2819832345904,13.221931484425,13.0184310702118,10.5912220635737,14.8104375708519,15.2722808030825,12.1203041098296,12.5380892460783,8.12984913076319,5.52476230566431,4.35259193269181,4.97088233452954,3.8787583779558,3.10453941803438,2.81746694955522,5.38276112647354,..,..,..,..
Latvia,LVA,"Portfolio equity, net inflows (BoP, current US$)",BX.PEF.TOTL.CD.WD,34578.814841101,17755837.187543,37221693.1183228,31545390.9451661,12132789.4548459,23091798.6419315,-12720332.8156014,-49318001.8053519,-7275224.5923948,20443030.1587303,38355421.3744588,3948254.6805213,47312997.1338526,54652444.919965,89150009.2378567,-39231397.6344795,39528116.0652248,-802852.8663011,27380148.7554114,10706384.4004955,25354844.011546,-43280065.9632032,-8724514.4405063,-28106742.640692,..
Latvia,LVA,GDP (current US$),NY.GDP.MKTP.CD,8190888739.6463,9249030241.01864,11244337719.8377,13827070378.5612,16306935905.4138,20434922247.3037,29420499247.7089,34135200994.0067,25691530442.035,23468324572.3343,26575547900.8247,27116149948.6683,29152128167.8438,30277203767.4058,26344565876.8902,27117105059.5075,29391059767.4259,33247935477.3576,33099503950.847,33379927434.6149,38183326784.9335,38003198508.9107,42779550936.838,43684254432.3609,..
Latvia,LVA,Trade (% of GDP),NE.TRD.GNFS.ZS,88.1768278184248,85.9772056778195,88.5815580418672,97.2352655771748,104.517156602918,105.695342080455,100.880910871828,95.7681628438571,88.8320494963692,110.86235386272,129.734758014485,133.211503650958,129.677184929099,130.042252244959,126.380014406006,123.330518429659,128.714003328884,128.234095559822,125.29163170793,123.88319804656,136.796615414819,159.892778190649,135.642989154266,132.262507895925,..
Latvia,LVA,"Foreign direct investment, net inflows (% of GDP)",BX.KLT.DINV.WD.GD.ZS,2.11821599999579,1.73089175825638,2.81610339606913,4.27849106532647,4.96633075101776,8.34682590505321,9.22286409647281,4.20174399569372,-0.583936207217178,2.0239348136408,5.71773309105869,3.98573894005036,3.39352198804719,3.45179531513632,3.08543258338884,1.23693505180815,4.04880019492543,1.32076900628522,3.37100266711483,2.81413557812427,9.77936027100744,3.20337891789771,3.94830779361871,3.46583040049498,..
Latvia,LVA,GDP per capita (current US$),NY.GDP.PCAP.CD,3504.61829462397,4003.60935783538,4914.57992829302,6109.73265186817,7283.78738127622,9211.7374468148,13370.9789452508,15677.6080864506,11996.0322729773,11188.4191700977,12902.574053337,13329.3499931271,14484.4715282132,15185.814581236,13321.9753140616,13838.5266823272,15132.4958333982,17252.1710428626,17294.9751600969,17564.2321549354,20261.8887788916,20221.103686109,22710.2637544197,23409.0845154775,..
Latvia,LVA,Total natural resources rents (% of GDP),NY.GDP.TOTL.RT.ZS,2.08081083066916,1.73987716796356,1.74608259393462,1.58950445564584,1.32114799728074,1.18009886224217,0.97630494810674,0.709564360327675,0.890309028980383,1.28308782693054,1.3327725371957,1.43134807722777,1.14413699673137,1.13104352407128,1.00340965640665,0.983550850681886,1.20722108099256,1.07351315071964,1.18938805075522,1.27458711674516,1.16511975350878,..,..,..,..
Lebanon,LBN,"Portfolio equity, net inflows (BoP, current US$)",BX.PEF.TOTL.CD.WD,..,..,207449000,147580000,1435629000,550798000,791060000,465690000,929096000,153893013.558632,-145865104.44,-191257489.65,81208821.1000001,219565462.8,-1002394301.8,-134766556.923,-293915852.45,-266384637.84261,350821133.531281,-302568044.703906,-20740085.7233421,15721534.2832991,76066303.9617831,..,..
Lebanon,LBN,GDP (current US$),NY.GDP.MKTP.CD,17649751243.7811,19152238805.9701,20082918739.6352,21159827992.0398,21497336498.8391,22022709851.4096,24827355014.9254,29118916105.4726,35399582928.6899,38443907042.1227,39927125961.5257,44016799515.7546,46880103080.597,48095213746.6003,49929337836.8159,51147308774.1294,53027680685.9038,54901519155.5556,51605959131.2741,31712128253.7961,23131941556.7843,20992421948.8081,20078620356.9931,..,..
Lebanon,LBN,Trade (% of GDP),NE.TRD.GNFS.ZS,55.5568083587026,51.0425325574951,54.0908340214699,90.9727970270956,92.762656272585,91.0693970298409,97.9677079660494,106.625673176194,90.3978388619092,95.0966529416243,102.139882412503,88.5455019230591,86.1743285920565,79.8171565925627,71.8390426347811,67.7236177908116,68.4554292593276,68.2573073043718,62.98091601016,50.1298042879627,78.8286204025241,114.888278265666,104.206410069182,..,..
Lebanon,LBN,"Foreign direct investment, net inflows (% of GDP)",BX.KLT.DINV.WD.GD.ZS,8.23754952644041,6.97552914588529,14.2410590326381,8.97351609461343,12.2038495910608,12.1444381288428,13.5978268963012,14.8805177180667,13.5696589141535,11.1327936305686,7.85693989450406,7.06847166156729,5.67636791033718,5.95175528625723,4.32469174487594,5.02174040562454,4.756779140202,4.84140308956364,3.69413245000342,5.06712986613403,2.5929006838647,2.50966160641735,3.26435467389127,..,..
Lebanon,LBN,GDP per capita (current US$),NY.GDP.PCAP.CD,4009.55929751102,4290.85283803266,4437.71588507526,4600.68371412993,4602.19804637945,4635.2514117486,5125.25809960149,5912.04532820842,7090.85493856621,7625.81051551165,7834.96257108993,8406.98405608118,8162.37929361396,7577.6413302369,7714.1099998804,8089.012088155,8608.21084982387,9174.53666204759,8905.88005497437,5561.19166950397,4045.37391066234,3654.35845534878,3477.72489842684,..,..
Lebanon,LBN,Total natural resources rents (% of GDP),NY.GDP.TOTL.RT.ZS,0.00153542622167633,0.00137292195937972,0.00160303958190996,0.00145705625851701,0.00137623351454346,0.00162400349088944,0.00137813978532232,0.00189663557109102,0.00190954318912001,0.00188079916555357,0.00193498198500856,0.00190477725937707,0.0015553293883068,0.00229376123243399,0.00228828375146288,0.0013728364357897,0.00199555625750973,0.00106750721286952,0.00131340504601898,0.00223718784227487,0.00276403839242888,..,..,..,..
Lesotho,LSO,"Portfolio equity, net inflows (BoP, current US$)",BX.PEF.TOTL.CD.WD,..,..,292112.776097699,681283.109191094,3149.12201386187,1319733.45143301,25565.1395760471,..,..,..,392846.026031524,361129.658648368,319775.62490557,295001.815519837,261620.35640019,228673.053774794,247994.928143631,257478.039441209,231449.859622393,198239.621062804,220811.70795022,208653.032417534,188059.276857574,194985.737274062,..
Lesotho,LSO,GDP (current US$),NY.GDP.MKTP.CD,825706961.238689,775777238.55814,1157825434.78971,1511236655.52047,1682343527.49221,1800092563.75462,1682131784.51365,1766902709.19935,1740894964.80511,2234754241.91918,2579409619.96722,2477702216.26888,2367112931.642,2441063054.05792,2359686724.53829,2114426452.2019,2306741672.29006,2556247291.99785,2390702295.82777,2053699863.99625,2412130056.55851,2354980960.02697,2117962445.37471,2271759454.51107,..
Lesotho,LSO,Trade (% of GDP),NE.TRD.GNFS.ZS,..,..,..,..,..,..,165.048948833372,161.126590593391,158.894737585637,150.102435487333,149.796606699153,150.208575358438,133.36548975517,126.292475360578,129.722773082867,136.31524774176,146.366771329494,144.434955465602,140.51663349168,141.096605062998,139.186479465407,142.373981074229,141.51375589725,..,..
Lesotho,LSO,"Foreign direct investment, net inflows (% of GDP)",BX.KLT.DINV.WD.GD.ZS,3.59634195549178,3.65971744859451,3.79574836270242,3.68383275611256,1.6309558178279,1.35116866658488,4.49541724323026,0.623122767576779,5.24720669313801,0.425490583298807,2.37160157638289,2.28650169667391,2.13033827559342,3.86963158626918,4.79809498524625,3.74733138412509,1.82806623182623,1.59898721077784,1.49464849213428,1.36347415769606,-0.512915958026648,-0.332065069453934,-1.21096656797415,-0.5534084172031,..
Lesotho,LSO,GDP per capita (current US$),NY.GDP.PCAP.CD,412.677473676821,388.92334985135,583.270036200288,766.685820928242,861.381496414995,925.467485502842,861.188420899563,898.482517882593,878.847950537772,1119.47557793042,1280.73390931581,1217.93071228944,1151.03735837227,1173.5377928819,1121.19851342518,992.491840678465,1069.36673247542,1170.65569702819,1082.05706777516,918.582574704447,1066.58645143823,1030.12582947757,916.282976983803,971.90771824829,..
Lesotho,LSO,Total natural resources rents (% of GDP),NY.GDP.TOTL.RT.ZS,3.61294719864822,4.64972989607064,5.46817367450901,3.85504573954824,3.46065787841255,3.06843905736909,5.0525676359588,5.45904125705999,5.90302783789186,3.93439968984273,3.88951380908295,4.7058759222187,5.10158145699247,5.59052228450031,6.21135692867531,7.27012601835192,6.29773888103094,3.60958084633478,3.73425482845294,4.55548495060365,4.31788190525398,..,..,..,..
Liberia,LBR,"Portfolio equity, net inflows (BoP, current US$)",BX.PEF.TOTL.CD.WD,..,..,..,..,..,..,..,..,..,-1096715.17195655,-1024127.96884061,-749031.076489568,-54478.9738772984,6050274.22427511,..,..,..,..,..,..,..,..,..,..,..
Liberia,LBR,GDP (current US$),NY.GDP.MKTP.CD,906000000,927000000,748000000,897000000,949000000,1119000000,1373000000,1726000000,1768000000,1998000000,2398000000,2791614000,3177198100,3225652000,3227075700,3398419600,3390703400,3422754800,3319596500,3176126300,3513049500,4001047000,4390000000,4779300900,..
Liberia,LBR,Trade (% of GDP),NE.TRD.GNFS.ZS,..,..,..,..,..,..,..,..,..,..,..,..,..,..,..,..,..,..,..,..,..,..,..,..,..
Liberia,LBR,"Foreign direct investment, net inflows (% of GDP)",BX.KLT.DINV.WD.GD.ZS,0.916114790286976,0.302049622437972,49.7620320855615,8.4004160144418,8.72519614731938,9.63866591009294,9.58759370688019,16.4273509506381,7.22870048206176,103.337387099033,86.9894467611897,82.7471577822006,62.9068538615833,15.558740639735,7.21023781604438,9.1719033259717,7.30948578439651,3.77268493884788,2.61121194879185,-2.96003538007919,-1.11842850292887,3.09332516183889,7.11347042965831,9.86626133953545,..
Liberia,LBR,GDP per capita (current US$),NY.GDP.PCAP.CD,300.463828598983,299.536445539621,239.779556677091,284.140223992458,287.487333441381,320.55808618515,374.211308104278,451.713856283285,448.386367025545,492.252808033724,568.087865520004,638.368751462083,710.744570927863,706.714490064507,692.590082351257,714.613063145659,699.269095727404,692.203127129794,658.164180770507,616.787867006715,667.96610514319,744.617175237387,799.194470229642,851.497723870206,..
Liberia,LBR,Total natural resources rents (% of GDP),NY.GDP.TOTL.RT.ZS,17.2522953084162,23.8997704226428,34.1776687503452,19.7880546295418,20.0544068144487,17.6485875136497,21.5770270088301,21.7673829953965,22.0777491215739,18.3646624868945,23.2729658968842,26.7116015359801,28.3711783328734,26.1806367790867,19.4462580281234,20.1143619477823,21.3240563239483,14.0250297312743,14.2604895547102,17.4661654481066,21.9156000871056,..,..,..,..
Libya,LBY,"Portfolio equity, net inflows (BoP, current US$)",BX.PEF.TOTL.CD.WD,..,..,..,..,..,..,..,..,..,..,..,..,..,..,..,..,..,..,..,..,..,..,..,..,..
Libya,LBY,GDP (current US$),NY.GDP.MKTP.CD,34112093927.254,20481889763.7795,26265625000,33122307692.3077,47334691241.4924,60094231606.642,68032978390.6007,86710767415.1371,60808562033.4191,75380825062.4216,48169263294.1007,92540938129.1315,75351107029.0605,57372355592.022,48717501321.3052,49912073701.298,67157452181.7738,76686029772.1483,69254496471.6938,46854285440.642,35217995647.2862,43246297921.8499,44027664915.187,48487151215.345,..
Libya,LBY,Trade (% of GDP),NE.TRD.GNFS.ZS,43.1734496124031,78.8597570352145,90.6127305175491,96.1293320792401,90.8608896854615,97.7381011197381,102.732315500893,103.242158045544,107.620930501039,98.077213074239,63.0054352895288,98.2243189168448,106.334360918106,76.5248826381117,56.9049073326883,41.1101760615135,47.5489661921214,63.7811335968183,78.9939691850138,50.9757934373319,164.284069967105,156.321684682347,159.433825342143,128.816175842936,..
Libya,LBY,"Foreign direct investment, net inflows (% of GDP)",BX.KLT.DINV.WD.GD.ZS,-0.389891046511628,0.707942488082424,0.544437834622249,1.07782345154323,2.19289483627204,3.43460585952791,6.89224565927254,4.74139501074499,2.25461670882223,2.36664960687642,..,1.53985903839829,0.931638601844643,..,..,..,..,..,..,..,1.71219284038518,1.62326033379453,1.80500147243983,..,..
Libya,LBY,GDP per capita (current US$),NY.GDP.PCAP.CD,6312.80030498965,3718.29434696755,4674.09943200321,5773.76333234281,8079.24957329001,10048.8480434289,11144.9448413435,13906.1407818125,9551.05403869755,11600.9068649472,7593.8391525702,14975.8902795144,11951.7134126011,8926.42074591474,7458.48917756374,7525.80299308216,9965.83236729757,11196.5854810844,9963.19489084483,6650.33810585348,4935.82787349801,5986.63694851258,6026.51518708812,6569.16408678648,..
Libya,LBY,Total natural resources rents (% of GDP),NY.GDP.TOTL.RT.ZS,30.3865708781182,49.6150940004484,48.7223667831708,55.8476922630083,62.3347404677918,62.2912324061948,61.3668774257785,66.0598935506205,51.7322646352647,55.9661611105459,37.5617320657366,59.1030408512754,47.7413993201726,31.016947831293,16.3921988648858,12.2468654255016,22.1587604827104,31.6168598912657,34.4990280272661,11.4789831280341,61.0347089411103,..,..,..,..
Liechtenstein,LIE,"Portfolio equity, net inflows (BoP, current US$)",BX.PEF.TOTL.CD.WD,..,..,..,..,..,..,..,..,..,..,..,..,..,..,..,..,..,..,..,..,..,..,..,..,..
Liechtenstein,LIE,GDP (current US$),NY.GDP.MKTP.CD,2491800558.77674,2688618747.38148,3070803051.42164,3454373797.74442,3659319116.88057,4000102086.14635,4601429897.21468,5081479840.08716,4504375348.07038,5082337238.44718,5739706004.89616,5456102482.28614,6391708310.67727,6657526979.72277,6268515276.17441,6237302033.50132,6474308717.85289,6692620691.84146,6436467007.11932,6405870210.32293,7912602342.18895,7426856242.7736,8239379403.22096,..,..
Liechtenstein,LIE,Trade (% of GDP),NE.TRD.GNFS.ZS,..,..,..,..,..,..,..,..,..,..,..,..,..,..,..,..,..,..,..,..,..,..,..,..,..
Liechtenstein,LIE,"Foreign direct investment, net inflows (% of GDP)",BX.KLT.DINV.WD.GD.ZS,376.801268564647,255.307944331899,563.548407744583,53.4348182201493,-7.29505539672812,1114.93238551093,728.865659684804,319.097324077722,664.573767394696,587.838615656588,460.213518331784,540.366945866089,18.068983064869,140.293444143294,1282.60722939224,972.693538598386,602.374526148965,-1303.10826691135,..,..,..,..,..,..,..
Liechtenstein,LIE,GDP per capita (current US$),NY.GDP.PCAP.CD,75067.8001680043,79795.1785891101,90108.3673647008,100280.831356705,105295.057027611,114167.939211301,130492.595349517,143249.227302093,126024.714567466,141089.812849014,158066.369379163,148842.035144342,172823.607794648,178735.153020908,167187.15730982,165375.491396259,170547.092298954,174988.775083446,166907.839305016,164671.093553454,201944.830335076,188055.003235348,206780.590353385,..,..
Liechtenstein,LIE,Total natural resources rents (% of GDP),NY.GDP.TOTL.RT.ZS,0.00843356599945969,0.00940294319900605,0.00882996396874573,0.0068004142295357,0.00660421107495562,0.00842264824176702,0.00943234681920636,0.0109235111204393,0.00978668467181032,0.00924063538213154,0.00817289068062751,0.00655238694776474,0.0052938315075899,0.00599288437231091,0.00194110894161873,0.00207232625568761,0.00186506931005221,0.00327838093890037,0.00179668932945333,0.00147146668515006,..,..,..,..,..
Lithuania,LTU,"Portfolio equity, net inflows (BoP, current US$)",BX.PEF.TOTL.CD.WD,-16275000,5583273.89069894,4245396.01715059,7961686.31421384,143983316.118619,119742467.092168,-166157830.81782,2532352.80658927,-2244225.84977998,36554324.7922066,8739712.69094876,-52938712.987122,-14565494.0924296,16345554.3579713,-44117708.4002149,52970469.540425,32248531.0649778,-9901622.43681277,-19553749.8300859,430846387.599891,-56996144.6414146,-12551024.7159076,-8304808.15330266,-13742387.8017685,..
Lithuania,LTU,GDP (current US$),NY.GDP.MKTP.CD,12260761329.3051,14282292664.6004,18809197969.5431,22743164431.1972,26105207115.3129,30116192746.8942,39729151614.6689,47831254207.5223,37494380038.9213,36638128534.0643,43186501862.7907,42709372066.8627,46303660422.0434,48306546656.9281,41540954817.2039,42970749245.0336,47756764508.446,54261795148.5372,55122066225.796,57412038533.2718,67037321008.9679,71033884499.7824,79789877416.1681,84869215513.3648,..
Lithuania,LTU,Trade (% of GDP),NE.TRD.GNFS.ZS,93.4871373685836,100.332229474818,98.0914043206711,104.072070698543,117.449691165186,124.613633047292,116.295810328172,126.759707831841,105.040251236614,131.626507396009,149.645306927215,156.638925650513,156.626637927418,143.290115780694,138.195575009601,134.690449650877,144.918393101325,147.202132525221,148.374996011818,135.796565563519,154.80672767597,175.651612151093,149.041909014608,143.04839086338,..
Lithuania,LTU,"Foreign direct investment, net inflows (% of GDP)",BX.KLT.DINV.WD.GD.ZS,3.60825880316743,4.62664162847931,1.15581132298026,3.86727514737433,4.9513140342573,7.50221604684683,6.54805565260343,3.61122070655171,-0.96067117365502,3.00969561169119,4.35509015104087,1.5855600934776,1.66003716547754,0.739699359398686,2.49622116332616,2.7403147410033,2.89745572307538,2.39550085067309,6.23035300556357,7.94344900363669,3.74064234382321,3.40588108209325,4.80150438624708,5.53816765536591,..
Lithuania,LTU,GDP per capita (current US$),NY.GDP.PCAP.CD,3532.52787363242,4148.13091485015,5507.47434187652,6734.57487061946,7857.03148786492,9210.10118229413,12295.1212779366,14955.5345462921,11854.3711053096,11829.122609457,14261.8433787325,14288.1853493139,15636.5252586048,16446.1647181663,14269.8039878287,14934.2702840428,16800.1510246099,19247.2315367967,19608.7943945553,20428.6478157394,23870.4594851722,25085.784063499,27786.0057829276,29384.0189598663,..
Lithuania,LTU,Total natural resources rents (% of GDP),NY.GDP.TOTL.RT.ZS,0.950531620904502,0.809312518866469,0.731872390939613,0.655048870768867,0.590099054196955,0.550049584611631,0.480122912458821,0.439415086610715,0.401930501280375,0.524773473420892,0.55272441723569,0.50334215016971,0.451433196719953,0.435666728185002,0.355871871770943,0.3377588483904,0.408008846501474,0.378395633092732,0.334182488318804,0.310782585398606,0.28612663033099,..,..,..,..
Luxembourg,LUX,"Portfolio equity, net inflows (BoP, current US$)",BX.PEF.TOTL.CD.WD,..,36058952127.0096,70515235350.0358,121666249814.206,275421531680.081,220354668475.041,279285707783.914,-131947711635.086,154789803473.877,218675346722.186,39812106594.4033,172627327707.986,255168108474.877,390226532551.256,340188355812.145,156309606130.727,403599212665.402,248716394799.994,279751178342.068,310315103501.476,694526284453.437,-17503324085.0888,125388236285.238,236479582671.969,..
Luxembourg,LUX,GDP (current US$),NY.GDP.MKTP.CD,21387533703.2327,23649833332.1655,29667268248.1305,35064843792.8993,37672280120.4794,42910146296.0646,51587401415.7872,58844277701.5258,54467289897.5582,56213985987.4168,61696281326.2453,59776383527.3602,65203276466.9763,68804811897.6445,60071584216.1375,62216885435.9488,65712180342.9836,71085623495.1145,69872035113.6469,73670782100.3909,86386759695.1653,80801680397.0139,88788881539.3937,93279851863.4062,..
Luxembourg,LUX,Trade (% of GDP),NE.TRD.GNFS.ZS,270.765630443257,250.689198161424,244.977946060528,265.226884855637,284.077476869478,305.879547488526,307.485020085196,292.21348078343,263.532701541684,293.671876906939,308.714453874162,311.786835204686,320.533506316768,333.42885319668,351.13197436149,348.437409376889,353.793991980303,361.865445198667,382.66078058442,375.581396376432,397.506180867971,412.177169924175,402.566968197345,351.267921153192,..
Luxembourg,LUX,"Foreign direct investment, net inflows (% of GDP)",BX.KLT.DINV.WD.GD.ZS,..,17.9416670739449,14.4641078649714,14.7716141859696,12.329408958379,75.0860517176911,-57.5323140834096,12.0948257128755,50.0394903092505,69.6063943388728,14.3333707152268,4.7244838569188,35.7329034711934,29.1553936951999,75.6300240002581,28.257554145971,-41.6509945601316,-117.233947530512,234.310617307358,-4.55819523596748,28.7187121123012,-391.555119009248,-10.4511316835125,113.622225285264,..
Luxembourg,LUX,GDP per capita (current US$),NY.GDP.PCAP.CD,48440.1420151355,53005.7339209179,65689.3214536911,76544.9170868473,80988.1376230858,90788.8004876145,107475.320297978,120422.137934157,109419.746953106,110885.991378721,119025.057203467,112584.676270958,120000.140729859,123678.702143275,105462.012584423,106899.293549552,110193.213797228,116926.759593905,112696.649059674,116860.02817236,134965.815442152,123719.658915996,133230.619178899,137781.681659123,..
Luxembourg,LUX,Total natural resources rents (% of GDP),NY.GDP.TOTL.RT.ZS,0.0187875662300189,0.0172526782204699,0.0150664520035236,0.00965720131113687,0.009842585563947,0.0208984835862011,0.032962175967571,0.176060660673067,0.166374142577648,0.072919743736028,0.111627780528827,0.124315483837715,0.0654807999878363,0.0511247766010698,0.0121647269251085,0.0100663139177463,0.00960957126949073,0.0131614123128893,0.00887356762506664,0.00666359766515693,0.00475136757511518,..,..,..,..
"Macao SAR, China",MAC,"Portfolio equity, net inflows (BoP, current US$)",BX.PEF.TOTL.CD.WD,..,840238.503255146,-359046.678707058,-284212.338071033,17475.8296533102,-94983.0672894417,309114.628732621,2874175.0723512,-1357729.8734806,1284206.66773581,1621.30983126945,19649.8976484391,61318205.4597829,-545840.689439221,55518291.1207293,57848.1905257984,1261213.39880221,9322791.06298746,31827661.7583337,-1714531.71134203,14023840.452572,-1611.86209821276,22639410.7333742,5341982.97009054,..
"Macao SAR, China",MAC,GDP (current US$),NY.GDP.MKTP.CD,6860272608.45211,7371692774.43404,8246479565.94248,10643253553.184,12160056122.3757,14874098691.9082,18439981612.4086,21027018332.6663,21589540350.7115,28244172833.6035,36848881944.6939,43193350975.6862,51559125350.236,54930501310.2956,44940613353.1038,44964868323.7558,50297028370.6668,55076322634.344,55025172016.004,25280064167.7333,30633941629.3633,24929307447.3237,45626467279.891,49467258923.3244,..
"Macao SAR, China",MAC,Trade (% of GDP),NE.TRD.GNFS.ZS,150.023588329221,152.382640999662,150.78839554326,148.903750204961,136.372221937073,128.785689078596,130.670598794717,126.607131209269,113.55459255005,119.938411439898,122.886868700544,123.711349167944,121.375076167887,118.580835443557,119.250436813256,112.890232741859,115.454662557842,116.568676845013,115.23129893555,123.43437444297,171.31597082054,170.368049338506,145.874467252327,142.07943455076,..
"Macao SAR, China",MAC,"Foreign direct investment, net inflows (% of GDP)",BX.KLT.DINV.WD.GD.ZS,2.33234142624111,5.34424158844924,6.13730012796971,7.24868934401704,14.5971664934488,19.6103756817311,28.8206055046707,18.9404463569425,-1.91124126911204,12.8496394988665,4.76089394778049,8.25528889419514,7.32083901346214,4.41326860101837,1.08257865214181,4.13475853837245,3.38191416637271,3.12603183085927,11.7748789603391,-24.5780080658474,18.372810695022,13.3808225043823,2.50808598999395,3.82364491952989,..
"Macao SAR, China",MAC,GDP per capita (current US$),NY.GDP.PCAP.CD,15810.7227666562,16814.9926424134,18589.8998330534,23407.1993692194,25681.2167315221,29813.7877167933,35400.2334659409,38888.5118044503,40354.2810293673,52596.2250160214,67046.7284292101,76058.0224963659,87107.8313063626,88355.3181764446,69902.9605741233,68911.6755919628,77570.9876166977,83588.2875009014,81882.6964523869,36883.6652578543,44884.8961602393,36806.891255461,67216.3631112124,72004.7437020733,..
"Macao SAR, China",MAC,Total natural resources rents (% of GDP),NY.GDP.TOTL.RT.ZS,0.0012515633431334,0.00129294906675416,0.00166554584265641,0.00142006573846366,0.000813289697051987,0.000762848827837186,0.000914438870209263,0.00134690575890845,0.00122316242318777,0.000905336110860392,0.000918692177244038,0.000637773144866662,0.0005215709086089,0.000707754579992928,0.000676701941454292,0.000766339291005204,0.000816577243915305,0.000378495372010862,0.000345302748769397,0.00092361911978552,0.000724556273813068,..,..,..,..
Madagascar,MDG,"Portfolio equity, net inflows (BoP, current US$)",BX.PEF.TOTL.CD.WD,..,..,..,..,..,6232.45531659148,..,270720.26940163,..,1925999.51859496,5217.17469870422,..,..,..,..,..,336529.251938672,..,..,..,..,..,..,..,..
Madagascar,MDG,GDP (current US$),NY.GDP.MKTP.CD,5438332601.90798,5351701663.40807,6372498889.66585,5064732626.29389,5859269752.61332,6395712490.94304,8524620889.57747,10725137723.6549,9616879409.43789,9982711338.07029,11551819617.874,11578975061.9479,12423555455.3853,12522957399.2281,11323020701.3017,11848613858.442,13176313593.5509,13760033282.2925,14104664678.5063,13051441203.9474,14354731964.3258,15325603272.6097,15869945477.8505,17420501490.1231,..
Madagascar,MDG,Trade (% of GDP),NE.TRD.GNFS.ZS,41.0351260923859,50.1816919379298,34.030602917475,48.7753818852156,59.1300849357677,62.1028389370244,66.7027353570049,74.357353960806,62.4116975958196,57.8748945101807,56.4830925951893,52.6517140811255,56.3675817900932,61.9694322111234,61.2203788365078,60.8346984831423,65.3434015072915,67.8415046683582,62.6013230457128,49.0107073664371,55.2158585927485,70.5471344130961,61.1330416886146,54.9795881437152,..
Madagascar,MDG,"Foreign direct investment, net inflows (% of GDP)",BX.KLT.DINV.WD.GD.ZS,1.71117198619575,0.273965160881608,0.202025723705933,1.0446898563867,1.45800803699285,4.60749200280627,9.26011530963958,10.5779307609142,13.4485427881281,9.13867133828111,7.05979214971634,7.03680533355538,4.55464531104897,2.97751123297568,2.89727727453157,4.56460803171494,3.52797151000056,4.44792798727992,3.36279830994653,2.74657132352467,2.49072338064723,3.05272592480357,3.27357918889341,3.47985819890072,..
Madagascar,MDG,GDP per capita (current US$),NY.GDP.PCAP.CD,319.283278235657,304.941777398445,352.620095849925,272.20074858856,305.812074924388,324.146874882604,419.548001431865,512.579800058444,446.315238370592,450.009391645726,506.163691559309,493.511162904211,515.301589361832,505.684922503435,445.320069480568,453.970714522463,491.866848718929,500.45718552916,499.818837622534,450.771615201509,483.469463351195,503.51453347296,508.718427705591,544.987501003384,..
Madagascar,MDG,Total natural resources rents (% of GDP),NY.GDP.TOTL.RT.ZS,2.78738585949357,3.50534579179508,5.21855839818452,6.16053834340743,5.46552559841922,5.6245995828571,6.43424742692885,5.80936537783052,6.87903891334948,5.80844502636667,5.89544167157359,6.69129717051904,6.77436297702956,7.17890334828133,8.60993537983163,8.77277190379424,7.63973631390415,5.16989441363436,4.7078522848274,5.65950524677075,5.5311886434036,..,..,..,..
Malawi,MWI,"Portfolio equity, net inflows (BoP, current US$)",BX.PEF.TOTL.CD.WD,..,..,100069.304408001,-80075.2940398623,-3919337.94967066,-2470125.30465949,-1740540.8070307,-1450043.68246889,-270002.04011759,990005.701533369,1716177.80948679,430329.711502434,397912.417672857,448680.943099891,483730.556526595,..,..,..,..,..,..,..,..,..,..
Malawi,MWI,GDP (current US$),NY.GDP.MKTP.CD,2498008664.6691,5087328437.8737,4669789300.35662,5058726350.48896,5320409651.47544,5818279739.14354,6451210219.11683,7743617352.21427,9009887946.82039,10128323010.6049,11648142958.3651,8773203178.16512,8031571927.62055,8801326169.14547,9219474379.31534,7909868618.46366,8943543793.5839,9879220354.29186,11051852712.6142,11769313597.8545,12378119199.0839,12429059928.102,13363669672.9405,11316411329.4619,..
Malawi,MWI,Trade (% of GDP),NE.TRD.GNFS.ZS,..,..,..,..,..,..,..,..,..,..,..,..,..,..,..,..,45.3003137160008,43.578773489,44.1954524635798,41.0323429397328,44.5957618170542,43.616624856781,42.4376683990967,..,..
Malawi,MWI,"Foreign direct investment, net inflows (% of GDP)",BX.KLT.DINV.WD.GD.ZS,0.772615057834218,0.115974414290585,1.41089085148224,2.13119600751874,2.62567004771803,0.611208219192404,1.92814440747221,2.5237027903489,0.545293920588433,0.957814621345542,6.97752227761724,-0.101285426070357,5.61985138978348,6.79541385727369,3.12107477506801,1.46272973143861,1.0085487596618,0.779538295941585,0.499715595789277,2.14268264715469,1.04617739110529,1.5988861608404,1.60106112476406,2.27963607830505,..
Malawi,MWI,GDP per capita (current US$),NY.GDP.PCAP.CD,215.474524898357,428.210439838398,383.348596852642,404.674248445428,414.361121984475,440.822149023873,475.180261659331,554.048820396119,625.869729869625,683.124694716799,763.061000394572,558.46208832772,496.947368267313,529.5133440206,539.605363240686,450.506105510719,495.769683367165,533.202567189331,580.889139762475,602.507478176106,617.446994451007,604.269740360317,633.214767978695,522.570393642547,..
Malawi,MWI,Total natural resources rents (% of GDP),NY.GDP.TOTL.RT.ZS,9.93791742339101,5.80694889486208,8.64215061116182,6.39211290059216,6.82450197846741,6.78461168008871,7.97931680799651,8.72702659415971,7.04042216088488,6.02572508561474,5.97687719996186,8.95123535585595,10.1501360274794,9.61846301856776,8.89901041042248,10.9739875833904,7.00371862797528,5.20814805353589,4.24376277062568,4.09928170325885,4.22250421289741,..,..,..,..
Malaysia,MYS,"Portfolio equity, net inflows (BoP, current US$)",BX.PEF.TOTL.CD.WD,..,-55263157.8947373,1339473684.21052,4509473684.21052,-1199564229.19665,2355154396.42724,-669082598.073837,-10715572866.205,-448620297.386261,5590396901.7988,1174401456.19003,6046737057.79139,3836855365.73546,61720711.9259727,-4473546077.29177,-550276237.837574,4535280846.23092,-1172523576.80257,-1669720542.11834,-5637589753.23679,-425878214.124305,4165615255.06743,484310360.668201,4975320204.08076,..
Malaysia,MYS,GDP (current US$),NY.GDP.MKTP.CD,92783947368.4211,100845526315.789,110202368421.053,124749473684.211,143534405818.501,162692258307.056,193549569477.733,230811614370.384,202257453036.641,255017638455.59,297951668674.835,314443047642.111,323276235524.415,338066095097.254,301355266964.947,301256033870.334,319109094160.343,358788845712.53,365177721021.516,337456163961.211,373784553029.978,407830525989.553,399949418752.657,422227005428.688,..
Malaysia,MYS,Trade (% of GDP),NE.TRD.GNFS.ZS,203.364636010653,199.356232695655,194.195129056831,210.374265897124,203.854644595624,202.577146840398,192.465506357652,176.668324785148,162.558970452699,157.944764886771,154.937684607226,147.841754766013,142.720991464873,138.312231176843,131.37007244526,126.8990100257,133.155173371956,130.402625502126,123.028562027943,116.788182437638,134.035994690727,146.424604753908,132.593461641599,137.362571161559,..
Malaysia,MYS,"Foreign direct investment, net inflows (% of GDP)",BX.KLT.DINV.WD.GD.ZS,0.597029318252079,3.16612432250471,2.92094209456765,3.50787262049412,2.73438734940078,4.72716484834358,4.68684578287436,3.28081949125174,0.056692316075743,4.26864663854031,5.07446032143377,2.82905738174529,3.49431175959971,3.14122940365348,3.27094402931735,4.47130958598651,2.9358203805856,2.31458721219734,2.50697705748044,1.20275464255821,5.41626377085161,3.68486215546291,1.97990062716743,3.6930953933026,..
Malaysia,MYS,GDP per capita (current US$),NY.GDP.PCAP.CD,3943.79943910239,4184.03163773539,4465.32194567208,4939.24851854427,5555.58179951206,6158.40785533236,7168.93031942508,8371.82156086005,7191.43287234626,8899.34505544675,10217.1068585031,10600.5744240026,10713.6407638899,11013.3107334403,9648.6797937523,9476.53409809923,9862.54806612235,10901.8019954421,10920.191763972,9957.52626697613,10903.1037480772,11754.5678336248,11386.0395636528,11874.4273684245,..
Malaysia,MYS,Total natural resources rents (% of GDP),NY.GDP.TOTL.RT.ZS,10.666951361765,9.81548671538781,12.1560364817758,11.9873010934205,13.884276518626,13.4761141533839,12.628852352931,13.3867719140126,9.65215518287161,9.61503786168569,9.94490616865965,9.20599203286687,8.46715106760802,8.64507399532146,6.5709120658644,5.20040474859063,6.23600042741287,7.32744449685636,6.19635932474839,4.54156531962687,6.92196634868479,..,..,..,..
Maldives,MDV,"Portfolio equity, net inflows (BoP, current US$)",BX.PEF.TOTL.CD.WD,..,..,..,..,..,..,-493161.09724219,13935079.6142542,-14471997.5488583,-10432520.3252032,2300187.75816748,-2000187.75816748,150000,-1150000,1886892.89160502,-714746.84030502,-807697.597388218,30937363.2501923,-30421567.0655084,-712661.210621411,9927309.24708653,-5744008.02217487,6103594.66710714,..,..
Maldives,MDV,GDP (current US$),NY.GDP.MKTP.CD,870031676.798793,897031250,1052121054.6875,1226829562.5,1163362437.5,1575200390.625,1868383460.9375,2271646187.5,2345294875,2588176054.6875,2774350240.04918,2886163997.20531,3295009237.50107,3697353039.20043,4129505319.12921,4409942623.85538,4816426256.52914,5404344162.69888,5726094799.37709,3712604583.36665,5252457369.55218,6177123352.26211,6621008703.95743,7061608267.25451,..
Maldives,MDV,Trade (% of GDP),NE.TRD.GNFS.ZS,..,..,..,..,..,..,..,..,..,..,..,..,..,165.97925116043,143.720506661302,144.380212278942,141.912110574952,142.491128546618,137.125230875185,114.361902904327,142.607296696261,162.243432933656,149.349976177434,156.473955741011,..
Maldives,MDV,"Foreign direct investment, net inflows (% of GDP)",BX.KLT.DINV.WD.GD.ZS,2.36095464157791,2.75560074067064,3.02003609060425,4.31467445406402,4.55499673617996,4.05198051459747,7.08805679103643,7.97903444514319,6.73534012537353,8.36376433060736,15.2659407539778,7.89895747225905,10.9503892160384,9.01659145068896,7.21577938190819,10.3547618700189,9.50514529202919,10.6517647807373,16.7834728448357,11.8706880719155,12.238665987932,11.8454662775286,11.5818458756845,11.416720004027,..
Maldives,MDV,GDP per capita (current US$),NY.GDP.PCAP.CD,3033.93234507036,3076.07007160101,3548.5767011056,4070.2609459446,3796.51546524644,5018.94335409159,5758.10286933053,6757.43280929292,6734.03165601895,7173.59601844692,7424.520410971,7461.29703686309,8236.08177944126,8939.07416571472,9644.90655028145,9947.80744731739,10509.628805812,11423.2838427029,11740.2724029785,7393.8886543933,10176.143882547,11786.0191492983,12587.6126038651,13379.3513577224,..
Maldives,MDV,Total natural resources rents (% of GDP),NY.GDP.TOTL.RT.ZS,0.00541799207244732,0.00534464674615868,0.00515848513798669,0.00468462465671591,0.00491991010429973,0.00500854447381244,0.00733172126018647,0.00555485342934417,0.00529407472213314,0.00896594439349319,0.00907113430846529,0.00753577980631292,0.0053091845265809,0.00517496156762446,0.00586919819938419,0.00663326999058831,0.00525091904016801,0.00258396462676911,0.00274890529404401,0.00502406983438185,0.00370182242347212,..,..,..,..
Mali,MLI,"Portfolio equity, net inflows (BoP, current US$)",BX.PEF.TOTL.CD.WD,13551380.7475545,-2071461.15298626,905332.523141533,-733874.623679749,8895069.91682671,2775514.69702685,-6414090.52787326,-3004484.02582029,-2976864.93264802,1192414.79751467,1593638.59969729,-3936881.88474053,-743977.080067451,2470241.80948971,4401773.52525346,5306699.63305285,2393358.90091074,-1178691.46539883,2551752.68320096,-970610.81336521,10742237.1172602,-2262730.33980592,-103704017.522789,-788329.689180153,..
Mali,MLI,GDP (current US$),NY.GDP.MKTP.CD,4124281593.71774,4647238256.5683,5605613011.29045,6485774930.48034,7429066951.48251,8212007554.03129,9699047442.51269,11462490840.2784,12155217832.8781,12710739159.4045,15452791789.0031,14795114602.6396,15747192680.9101,17081681993.1695,15583181170.4105,16743796799.8329,18308362040.0521,20368015381.2413,20477421884.5414,20698560938.7775,22999245262.6719,22539987718.7642,24813860598.5307,26794747239.8805,..
Mali,MLI,Trade (% of GDP),NE.TRD.GNFS.ZS,49.3239069915403,46.3529227419891,46.8915346664625,44.0120986422566,44.9124085077551,49.0190773449704,46.8977916240376,53.6430193090625,40.5413815805662,48.8166953660615,43.1814699132908,49.4252356223808,54.6032439863007,51.078682187569,53.5751760102265,53.6126193604252,49.4919984941972,50.6998462523276,53.9987132798636,56.0415474422019,56.7150525565465,61.5613274861987,57.5332621823016,49.8960414309506,..
Mali,MLI,"Foreign direct investment, net inflows (% of GDP)",BX.KLT.DINV.WD.GD.ZS,5.06751221772987,-0.26620339911262,1.29366756461829,1.3104512944739,2.15749775651619,1.8062250031959,2.12739780758978,2.33379628946697,5.34101259306611,2.92612695500016,3.60372353519049,2.68901249459022,1.95552894419919,0.844265987943503,1.7680955706499,2.129006916198,3.0627942747803,2.29426079238045,4.19531107984596,2.5936673302322,2.78245724174957,3.17422530916772,2.83131972701562,3.43740692659041,..
Mali,MLI,GDP per capita (current US$),NY.GDP.PCAP.CD,346.224554251022,378.191678628285,441.910358475095,495.006294680645,548.730382842725,586.985415515264,670.853394973479,767.19483895009,787.482564287398,797.151541135109,938.292902583696,872.506092465564,901.920957644831,947.915033288325,838.11986940103,872.468587171653,924.057531692284,996.379292136901,971.949318638092,953.242943290974,1027.27345365357,976.914116406452,1043.9533853528,1094.61949265799,..
Mali,MLI,Total natural resources rents (% of GDP),NY.GDP.TOTL.RT.ZS,5.3525949253061,6.81256049490343,5.30099092296633,3.89561485181635,2.79148479768263,7.41659931305695,7.86264147796427,6.91973321599543,8.60703288880241,7.66975245102324,8.91011559605289,12.1110881558093,8.51315574828752,7.24892090404468,7.42711000514874,8.99083015150657,7.81614668872422,7.74269774600288,7.85842877214771,9.46967710138959,18.4178821970492,..,..,..,..
Malta,MLT,"Portfolio equity, net inflows (BoP, current US$)",BX.PEF.TOTL.CD.WD,-212519819.686377,12983145.5500026,-13467547.9451448,412609262.030836,1845035828.56766,1077585823.66044,2564665742.92841,-2063283872.50286,1712626382.69659,-236901696.609902,167404701.805944,-527146242.707817,-982323004.612387,-174831127.403458,-1169353220.96358,-93448491.2187633,851694975.045296,3281757955.53855,1376825525.72455,158137264.243426,3608176196.03818,-457310113.915174,1001106309.13727,3607724738.52246,..
Malta,MLT,GDP (current US$),NY.GDP.MKTP.CD,4070867133.21751,4455127414.45967,5418315224.40862,6104141520.0839,6393234992.55141,6749838805.58979,7908412305.62808,9135419464.96088,8734745697.93323,9097044159.26912,9789361703.07204,9609532089.16031,10796782636.1081,11888032873.8295,11340795042.0881,12025782834.1534,14161366724.1955,16153779510.9928,16337793530.7322,16404663226.4598,19739875611.4902,18928276162.4131,22610561526.1461,24971574502.4475,..
Malta,MLT,Trade (% of GDP),NE.TRD.GNFS.ZS,161.325360314794,162.524076154238,154.574161735034,155.889918335599,157.548497842721,182.434055594702,184.831334251527,185.749523785473,163.556848449111,178.232955302139,192.027341380783,199.213865142839,187.432252850045,181.301127112959,207.196019855244,213.359473242677,213.047591025756,228.098550737111,233.070441910537,242.361190735857,220.165634087757,245.160375092004,221.061835472405,218.170552427881,..
Malta,MLT,"Foreign direct investment, net inflows (% of GDP)",BX.KLT.DINV.WD.GD.ZS,10.2407952076351,-11.1735638871097,16.8221034322592,122.360207081347,341.007650630542,370.903563703426,450.045799796052,162.420238733848,16.5416498198438,101.626395981622,79.7489301790045,34.5864895796676,4.72416455228897,1.31122389873341,32.1027329494724,23.0840199415211,299.824941003907,452.221039544093,198.199590428716,191.921781350293,433.392526462574,115.053872398938,108.806291988427,170.537958922807,..
Malta,MLT,GDP per capita (current US$),NY.GDP.PCAP.CD,10357.7025891731,11251.2025296416,13593.9787155682,15212.1313438497,15831.344048672,16653.6036929688,19444.1741958382,22315.3104212988,21176.3218262672,21946.6069636029,23516.9691234302,22878.3130866521,25415.5566867731,27424.5765646694,25529.6813337717,26459.0770929988,30317.2443175543,33382.2677499267,32421.9179752262,31823.4363934505,38096.8360735119,35638.8869457406,40905.8059585057,43898.5781808597,..
Malta,MLT,Total natural resources rents (% of GDP),NY.GDP.TOTL.RT.ZS,0,0,0,0,0.0107363531671732,0.0121328675494815,0.0056509041515729,0.00671337918398488,0.00417915639073977,0,0,0,0,0,0,0,0,0,0,0,0,..,..,..,..
Marshall Islands,MHL,"Portfolio equity, net inflows (BoP, current US$)",BX.PEF.TOTL.CD.WD,..,..,..,..,-276266.666666666,-120066.666666667,-1475000,-608666.666666667,800000,..,..,..,..,..,..,..,..,..,..,..,..,234374.046325684,289254.188537598,-671.38671875,..
Marshall Islands,MHL,GDP (current US$),NY.GDP.MKTP.CD,122406100,131960000,131128500,132900000,138000000,143200000,150500000,146600000,151200000,161100000,172300000,180700000,186400000,186000000,183700000,201800000,213700000,220000000,232900000,241800000,261245544.433594,258723510.742188,263761322.021484,290108489.990234,..
Marshall Islands,MHL,Trade (% of GDP),NE.TRD.GNFS.ZS,118.734360460794,102.320551682328,117.024674269896,114.023100075245,124.701014492754,112.408519553073,114.527707641196,122.046793997271,128.862235449735,144.804965859714,153.240162507255,157.517100166021,161.91974248927,149.853494623656,138.489820359281,116.326362735382,125.145250350959,128.482272727273,153.007728638901,107.825971877585,120.056180461081,128.337975527291,118.493597542315,123.809133966775,..
Marshall Islands,MHL,"Foreign direct investment, net inflows (% of GDP)",BX.KLT.DINV.WD.GD.ZS,0.603728082178911,0.635798726886935,-0.878527551218843,0.869826937547028,2.37653794315156,1.31058779650038,4.64273221779953,3.8845475551006,9.68877973310476,-5.80799077083683,-2.5425891687052,11.8283407902975,17.4614535003172,4.86434681611556,-2.9361124111434,-1.51429506881848,2.73069605974974,4.43275061931595,2.21765571320359,1.25933048526425,0.191172042544106,-3.02876781452366,3.46876306926163,4.60476895318283,..
Marshall Islands,MHL,GDP per capita (current US$),NY.GDP.PCAP.CD,2394.34501105178,2566.06708799222,2539.3307383954,2566.08291015814,2658.65217893885,2754.26988767503,2892.28403958874,2817.60522775322,2906.63026970914,3095.45768964722,3319.39815439151,3514.26515490383,3677.90690791421,3735.23977829545,3764.34426229508,4229.80988911945,4592.83457628576,4858.12079054875,5292.33985502306,5661.96787336674,6315.31279603534,6455.66062185762,6793.24495895856,7726.33668877794,..
Marshall Islands,MHL,Total natural resources rents (% of GDP),NY.GDP.TOTL.RT.ZS,0,0,0,0,0,0,0,0,0,0,0,0,0,0,0,0,0,0,0,0,0,..,..,..,..
Mauritania,MRT,"Portfolio equity, net inflows (BoP, current US$)",BX.PEF.TOTL.CD.WD,..,..,..,..,..,..,..,..,..,..,..,..,..,..,..,..,..,..,..,..,..,..,..,..,..
Mauritania,MRT,GDP (current US$),NY.GDP.MKTP.CD,1746063557.61355,1777057481.26043,2051147606.73687,2362501023.24249,2936019525.60241,3919577285.92703,4346212355.02975,5206437193.80413,4714595547.75102,5628878797.98257,6764627745.9033,6728208836.22143,7223071097.08417,6592537781.81518,6166863896.68677,6398747592.13185,6800135898.28827,7473550557.07378,7894764885.82312,8260752385.23089,9222536364.01272,9557966698.25369,10726838461.3987,10908045686.8808,..
Mauritania,MRT,Trade (% of GDP),NE.TRD.GNFS.ZS,60.7012124604715,56.7855296001806,55.3180243332438,75.2188046787959,88.2350995596491,82.7885012130323,86.0640556779132,94.1202110004251,82.0086176018151,93.4207451334608,98.485329604158,110.788122743421,102.398824183169,91.610371363604,77.3467864944966,73.1532616736712,78.8149801833884,89.1467294935148,93.4866941351317,86.7761681322741,88.3068737571235,102.025899125696,92.1654445146742,93.5988355881472,..
Mauritania,MRT,"Foreign direct investment, net inflows (% of GDP)",BX.KLT.DINV.WD.GD.ZS,4.39273814893831,3.78943003870853,4.97077585567831,17.1048404222648,27.6520361298831,3.94434472704714,3.2067650776131,6.58359348707617,-0.0651602023733604,2.31890567703789,8.70335489423716,20.6013054045892,15.5890028558149,7.62361704174833,8.13584950372229,4.23731114711712,8.65007999188081,10.3416772803986,-11.1917343784634,11.2328299227716,11.6047527792442,14.6644208551054,7.90868374475115,13.2039338372346,..
Mauritania,MRT,GDP per capita (current US$),NY.GDP.PCAP.CD,651.817840199777,648.879643934862,732.017820812675,823.554457141893,998.96583416747,1300.60367988659,1405.15016203368,1635.5630623124,1435.43010811893,1659.96369705455,1931.19975525465,1859.11733247641,1934.24103064714,1713.00865264234,1554.94897871782,1565.76575722696,1615.00401327323,1722.93528854073,1767.072710621,1795.76459566714,1947.78918383313,1960.35240077424,2135.78187606359,2110.12036938187,..
Mauritania,MRT,Total natural resources rents (% of GDP),NY.GDP.TOTL.RT.ZS,6.76491230332295,7.673552402895,4.46007581951187,8.86006911174684,19.3863218849001,25.6238205360937,32.0888421353342,38.3954688806903,20.8447858815571,33.2699514566613,30.8504418081025,21.4879263870309,16.9330193063232,13.1805355570468,6.19132704450206,8.04558334879584,9.09659277147784,2.808310001036,2.61191416207025,2.43870903966116,11.4487520863931,..,..,..,..
Mauritius,MUS,"Portfolio equity, net inflows (BoP, current US$)",BX.PEF.TOTL.CD.WD,-8722615.90457343,-660937.362293429,8122116.96237425,19252509.3759728,35598591.169906,35087912.3698319,49762952.2324641,33854546.6529426,206015002.044419,7820744920.29463,5915583805.44094,521701685.214822,882205860.100103,-1191004654.76878,1416593138.79301,-3781488156.37353,3306421211.88143,-691178085.7263,418854138.940549,3123097160.70456,9606937070.49171,-1045921592.03117,3195470670.20331,3154998326.62242,..
Mauritius,MUS,GDP (current US$),NY.GDP.MKTP.CD,4675755867.17657,4906494249.38255,5894873919.74797,6667418752.07307,6576108447.47531,7137710412.93687,8277442915.00168,10127777060.4113,9264513545.14108,10144716154.9356,11677718382.4259,11832323837.1071,12434596541.2996,13230490081.5656,12162211503.0793,12757680846.5663,13896938315.2799,14957535715.9696,14645235204.6176,11566111137.5568,11622048696.8129,12936444123.3037,14072212290.4596,14937861786.17,..
Mauritius,MUS,Trade (% of GDP),NE.TRD.GNFS.ZS,128.05457898019,118.230470380251,108.655579313428,107.027698267505,121.608743996836,124.782280192468,118.624058148821,113.492663899724,102.458019804655,111.508202075575,115.552473002804,117.447639083027,136.552117959236,135.099064765426,133.135069083677,126.310008998042,126.964059884888,123.538984386544,127.940899064133,121.12522550435,135.19300461461,147.663795034012,147.321392128852,145.421700301153,..
Mauritius,MUS,"Foreign direct investment, net inflows (% of GDP)",BX.KLT.DINV.WD.GD.ZS,-0.591895011199452,0.653687020805774,1.0624597935284,0.208397536162955,0.635284471239675,1.49569053565725,4.11677685025773,3.72959175354516,2.77057948666431,4.23808594970717,3.71075064331171,4.97804411127418,2.35929777878695,3.44327494440095,1.77973545308924,2.96891288123063,3.45396863043017,3.078791712383,3.03223371830849,1.94246862517576,2.24180552669211,4.21993412406582,5.39963130399295,4.56073459342588,..
Mauritius,MUS,GDP per capita (current US$),NY.GDP.PCAP.CD,3908.55694927435,4073.06053055903,4858.26575549747,5460.60800184198,5354.02974260642,5784.22491883026,6677.34962448608,8140.50808595895,7426.88645617593,8113.17670740212,9324.24232310496,9421.52514098225,9877.13865958834,10490.3315563853,9630.5437837507,10095.1225574156,10986.7034093005,11818.7480619272,11568.2533399824,9135.84773751062,9177.71195973013,10246.5017455553,11269.9684462139,11990.7798944837,..
Mauritius,MUS,Total natural resources rents (% of GDP),NY.GDP.TOTL.RT.ZS,0.0117589422349643,0.0113185119211624,0.010684499152159,0.00681953407733824,0.00657606583814967,0.00816434745435896,0.00837909473560662,0.00857162807576386,0.0114110119806519,0.0974197638212974,0.11394942379722,0.0967703151522881,0.0778091714247043,0.0835433781723541,0.0279823507404004,0.0271234375700913,0.00339252211144264,0.00240720178247387,0.00235978741871314,0.00262996135685098,0.00271526913227865,..,..,..,..
Mexico,MEX,"Portfolio equity, net inflows (BoP, current US$)",BX.PEF.TOTL.CD.WD,151000000,-103600000,-123300000,-2522205000,3356656264,2794304378,-486360071,-3491816078,4155359316,373087641,-6565768745,5770381701,-2430670075,4833549827,3601271612,9477336142,10320166859,2421181030,-10079099,186227747,-3163003858,-4660923945,-5162478344,-5304670032,..
Mexico,MEX,GDP (current US$),NY.GDP.MKTP.CD,796064590549.136,810666116401.915,765549967703.273,819459227375.022,917571853529.104,1020265057882.01,1102355554971.95,1161553459715.1,943437415024.633,1105424238731.09,1229013703416.76,1255110424817.79,1327436290282.67,1364507717614.13,1213294467716.88,1112233497452.7,1190721475906,1256300182879.73,1304106203902.45,1121064767308.42,1316569466685.95,1466934724293.06,1798317581486.88,1856365616165.94,..
Mexico,MEX,Trade (% of GDP),NE.TRD.GNFS.ZS,44.7401090123173,45.209829259652,48.700416880838,52.0406200335632,52.5626446517886,54.4821160886169,55.2585243944498,56.3652818862573,54.5917421313503,59.2733845293851,62.1623872764498,64.2579318900113,62.6916747735807,64.0984090351215,70.412974676264,75.6903034088551,76.9521260407254,80.2126616568975,77.4619722571128,76.8545557056016,83.0692976357895,88.7984855867186,73.5788616365245,74.5889079825143,..
Mexico,MEX,"Foreign direct investment, net inflows (% of GDP)",BX.KLT.DINV.WD.GD.ZS,3.77607805696573,2.48685750053046,2.37188032095091,3.06821035154364,2.74220134218643,2.16893035275929,2.81398718018792,2.56307995916969,2.08311648626813,2.76223720216686,1.9442261568419,1.45258915052409,3.83670268161454,2.08415748550878,2.98783786595647,3.49768027047347,2.78307493352174,3.01417850463095,2.29651449578107,2.81400875194225,2.70530313509815,2.67267286258385,1.70618868173612,2.44966474077028,..
Mexico,MEX,GDP per capita (current US$),NY.GDP.PCAP.CD,7952.76479510706,7983.03398381759,7434.0746485155,7849.66759649565,8671.75891885163,9512.63575346699,10134.3327138119,10523.7685403244,8423.56933214711,9728.80078377082,10664.4944032313,10744.1335242686,11216.8008505428,11391.3773497683,10021.2386118827,9097.92397674769,9649.27816772402,10084.7937562021,10369.5553585271,8841.27075039868,10314.0506722115,11405.7940473759,13860.9597809326,14185.7812248529,..
Mexico,MEX,Total natural resources rents (% of GDP),NY.GDP.TOTL.RT.ZS,2.60164301698472,2.74840903518892,3.35934793986578,4.19499035807608,5.58648727639514,6.1411361184755,5.75685331700591,6.7408329915323,4.17264386033762,4.9517973655552,7.12685649981166,6.64761771453207,5.63992841356242,4.74356172979305,2.18360553071428,1.97524669608099,2.36148896456378,2.8911069990433,2.09126302062882,1.55983378352436,3.64307338835023,..,..,..,..
"Micronesia, Fed. Sts.",FSM,"Portfolio equity, net inflows (BoP, current US$)",BX.PEF.TOTL.CD.WD,..,..,..,..,..,..,..,..,..,..,..,..,..,..,..,..,..,..,..,..,..,..,..,..,..
"Micronesia, Fed. Sts.",FSM,GDP (current US$),NY.GDP.MKTP.CD,236387710.833256,237654335.835633,240949861.080731,235538109.216531,245905050.832081,248583534.788766,252011254.242462,258124736.278522,274654606.935781,290638857.061212,306799375.530804,322838077.579294,312808581.662958,313994033.967662,310175057.802073,325000000,359000000,392000000,394000000,372902700,391601900,415956900,441469400,471425099.488675,..
"Micronesia, Fed. Sts.",FSM,Trade (% of GDP),NE.TRD.GNFS.ZS,97.2977821855715,91.7298643988442,96.7006160347744,95.5259430197585,94.3453577773088,97.351580508194,100.789149581242,111.186554275186,111.048565106106,108.037859484793,108.539986244713,113.059773722122,114.766672350061,107.645357374787,107.681127672467,102.769230769231,103.342618384401,103.571428571429,95.6852791878173,85.0087703843389,87.3335905673594,90.6343902457202,97.8550268716246,98.4249672966653,..
"Micronesia, Fed. Sts.",FSM,"Foreign direct investment, net inflows (% of GDP)",BX.KLT.DINV.WD.GD.ZS,..,..,..,..,..,..,..,..,..,..,..,..,..,6.43620509110735,..,..,..,..,..,..,..,..,..,..,..
"Micronesia, Fed. Sts.",FSM,GDP per capita (current US$),NY.GDP.PCAP.CD,2103.74859460914,2113.45987332485,2145.87755337517,2104.42804750084,2207.16844533875,2244.97227274486,2293.51341684075,2369.50811741318,2544.11114550961,2702.61165204772,2848.70077003105,2992.28916099077,2893.13437410825,2896.73082002714,2853.07643587028,2979.60119184048,3279.10779039285,3566.58690371125,3572.65918282222,3362.02802120524,3508.22314197664,3710.12451611752,3919.64307910859,4166.00476748564,..
"Micronesia, Fed. Sts.",FSM,Total natural resources rents (% of GDP),NY.GDP.TOTL.RT.ZS,0.00857109008570517,0.00973310065295731,0.0142734119946187,0.016520240050047,0.01068453390706,0.0124872726970928,0.0189088329318677,0.0319934852578765,0.0289115684176353,0.0272732816714997,0.0354254343191027,0.0282034652210159,0.0266740121867941,0.0406003278508593,0.032192134954101,0.0360496232316334,0.0385320066214341,0.0165045161037463,0.0147433271606052,0.0200730721927284,0.0178477556025635,..,..,..,..
Moldova,MDA,"Portfolio equity, net inflows (BoP, current US$)",BX.PEF.TOTL.CD.WD,2840000,2330000,720000,-810000,600000,1780000,1720000,11360000,2390000,5840000,5070000,14360000,3040000,5620000,3960000,-30000,-10000,-1310000,40000,350000,-2390000,250000,-1280000,-5280000,..
Moldova,MDA,GDP (current US$),NY.GDP.MKTP.CD,1480673594.05602,1661818168.4226,1980907434.76826,2598249555.89984,2988342907.03096,3408255450.5509,4401173151.93767,6054824248.24221,5439434271.78807,6974982369.60155,8414352020.49442,8709138634.82921,9496717875.51932,9402090137.7423,7797667196.73087,7980917075.7748,9514404016.20949,11252353420.8798,11736797054.6965,11530746234.4492,13691869264.0794,14525337523.7271,16711906746.2133,18200340853.6517,..
Moldova,MDA,Trade (% of GDP),NE.TRD.GNFS.ZS,124.500739599353,129.839525501535,140.056529925052,132.69906968032,143.023568469138,137.154763819994,142.720539023021,134.4216013477,110.363326850495,87.9378518951573,98.6175965326556,96.3064098336294,95.6872968332383,94.2282919690928,88.9664154565323,89.0046837188671,88.6233902754378,87.4467874275648,87.6322371148906,79.265722119158,88.4708865399267,112.117671579766,93.9946211488052,88.6661154286831,..
Moldova,MDA,"Foreign direct investment, net inflows (% of GDP)",BX.KLT.DINV.WD.GD.ZS,6.98600963880541,5.05771338869042,3.72304120351932,5.81198983204296,6.38146310288962,7.58980668418465,12.1790254892383,12.0005134783383,4.85271053589236,4.25879212676733,4.43147611475958,2.88432657387508,2.54698521289676,3.67896919655633,2.89663554883048,1.09561343852844,1.5715119911375,2.75177990255296,4.44218297010915,1.35047634241375,2.8200678267721,4.03446735088075,2.15951089914844,2.51844626798863,..
Moldova,MDA,GDP per capita (current US$),NY.GDP.PCAP.CD,507.404076252819,570.799866188293,682.319095965299,897.178494749468,1034.39197746993,1183.02481442894,1531.21618590748,2110.55305353857,1898.43975710988,2436.79935102421,2941.36224066021,3044.8084324815,3321.04397795719,3289.95758568777,2749.55137054338,2847.08794770479,3453.26727720294,4156.44981956646,4405.33418162155,4375.7788930524,5274.60582195352,5744.29618434435,6799.58594644576,7576.19589413326,..
Moldova,MDA,Total natural resources rents (% of GDP),NY.GDP.TOTL.RT.ZS,0.215340731521014,0.227964199126278,0.260076624122249,0.211322275281976,0.194137366155948,0.297372393044233,0.199605642635997,0.22497712039963,0.207982951961716,0.13247898619691,0.168687807572078,0.168529747001159,0.282675631947635,0.305194557556724,0.329718543865743,0.268595627765572,0.260534449680804,0.262039473546905,0.249756859922812,0.245939852669041,0.235942049452034,..,..,..,..
Monaco,MCO,"Portfolio equity, net inflows (BoP, current US$)",BX.PEF.TOTL.CD.WD,..,..,..,..,..,..,..,..,..,..,..,..,..,..,..,..,..,..,..,..,..,..,..,..,..
Monaco,MCO,GDP (current US$),NY.GDP.MKTP.CD,2673723033.71239,2919647981.81473,3597089750.78276,4043551488.82603,4204652898.73103,4586826512.71356,5875790766.2621,6502942244.93068,5474379252.34114,5367561569.59548,6088689808.38347,5742749294.00852,6555591709.88585,7070017323.65476,6264756528.37691,6471290793.55029,6430254652.58934,7184333936.01355,7383496254.23721,6730736282.78961,8623242743.29564,8800430486.17137,10003892565.2005,11125783372.4794,..
Monaco,MCO,Trade (% of GDP),NE.TRD.GNFS.ZS,..,..,..,..,..,..,..,..,..,..,..,..,..,..,..,..,..,..,..,..,..,..,..,..,..
Monaco,MCO,"Foreign direct investment, net inflows (% of GDP)",BX.KLT.DINV.WD.GD.ZS,..,..,..,..,..,..,..,..,..,..,..,..,..,..,..,..,..,..,..,..,..,..,..,..,..
Monaco,MCO,GDP per capita (current US$),NY.GDP.PCAP.CD,82402.7809570189,90051.4459877468,111110.451312249,125160.228087598,130538.742587117,143083.461107202,184558.556593338,204263.797114294,169150.267344616,161853.920622244,179363.984221513,165444.651378771,184940.663804718,195693.570738894,170437.101188261,173604.753555915,170663.375247872,188298.315668437,193746.785647412,176891.886538492,223823.363960226,226052.001905201,256799.788612806,288001.433369041,..
Monaco,MCO,Total natural resources rents (% of GDP),NY.GDP.TOTL.RT.ZS,0,0,0,0,0,0,0,0,0,0,0,0,0,0,0,0,0,0,0,0,0,..,..,..,..
Mongolia,MNG,"Portfolio equity, net inflows (BoP, current US$)",BX.PEF.TOTL.CD.WD,..,..,..,..,1200000,600000,846900,13428313.8801318,3578875.12604023,680318544.622173,6668568.37998295,-13891271.7750575,51766.77622233,-3209761.59598416,49866.66606175,3656234.18529418,-10188031.8140961,-6875283.12908655,7373070.7996308,6401959.7875639,16576871.0803465,2371339.06679121,12734930.6395027,37876284.0715865,..
Mongolia,MNG,GDP (current US$),NY.GDP.MKTP.CD,1267997934.3125,1396555719.97409,1595297355.78349,1992066808.09598,2523471601.10421,3414055661.61598,4234999703.90059,5623216608.04288,4583850367.88972,7189481998.90094,10409797377.8571,12292770631.565,12582122604.2577,12226514668.0622,11619892590.6941,11181350649.3573,11480847740.736,13178094720.4986,14206359017.5143,13312981429.0891,15286441737.6686,17146471713.748,20325121393.9074,23794540024.5132,..
Mongolia,MNG,Trade (% of GDP),NE.TRD.GNFS.ZS,115.81832687888,118.517253113943,120.299393514881,131.329318233554,122.381459889773,112.929983096983,117.880426425377,121.198013401183,107.813757166177,103.350031656557,126.999228633482,109.588564338415,100.311989662943,109.322311877187,89.653663477814,101.055237224997,115.932901867963,126.355873241513,124.396514621165,112.838647629317,119.098078437771,136.327929944516,142.864246599181,138.448379141249,..
Mongolia,MNG,"Foreign direct investment, net inflows (% of GDP)",BX.KLT.DINV.WD.GD.ZS,4.9684623527528,5.56733962619427,8.24548473819777,4.66450219552693,7.43499550055971,7.18968945819168,8.80188727419921,15.02161500005,13.6044846187851,23.5263365544641,43.9121127615061,34.7559826095308,16.3700755246398,2.7625883357052,0.811709460633853,-37.1726532341221,13.0160280600797,14.8088797144773,17.1989395200126,12.9130799939653,14.217731942267,14.6053065112102,11.0581069914836,11.6924984371367,..
Mongolia,MNG,GDP per capita (current US$),NY.GDP.PCAP.CD,524.453483552485,570.249213248399,643.168068921658,794.154552001815,994.90010913241,1329.89179579053,1627.68787743359,2127.42678594737,1703.32756790019,2625.21881402433,3736.04201455077,4328.89001905655,4340.14310544449,4126.23975800524,3838.92126989984,3619.90026383792,3645.96708669551,4107.64288528468,4347.54610314873,4001.25193077703,4517.61578018785,4993.51487463495,5838.63108083902,6750.6301157724,..
Mongolia,MNG,Total natural resources rents (% of GDP),NY.GDP.TOTL.RT.ZS,5.74160516265939,4.4989917153818,4.59850143279864,14.9665125748657,16.7845880489393,28.4255991071812,27.4768520904907,30.7370693872761,23.7157273322455,35.907762365776,42.2166543859938,22.2729540576189,18.6702255850788,16.08653421855,9.87899879376714,10.050012393618,17.0883999734036,19.8676151919941,14.7739570464507,13.4736928829141,33.1372162654312,..,..,..,..
Montenegro,MNE,"Portfolio equity, net inflows (BoP, current US$)",BX.PEF.TOTL.CD.WD,..,..,..,..,..,..,3503250.98092918,-6165942.93719867,-5104780.78403916,-7837227.20485477,-15102198.3486565,-308220.077529547,14168637.7021727,16163985.9811717,10429716.0178627,16990886.7697382,14083193.6230673,-313662.778205303,3240767.05503033,-713429.142989367,-26572750.417369,-129633.3723881,9624564.55906258,-49167323.4006976,..
Montenegro,MNE,GDP (current US$),NY.GDP.MKTP.CD,1159869245.92513,1284685050.52413,1707710053.14938,2073234417.68066,2257174480.78597,2717702923.09622,3677910895.15467,4540861725.50168,4142640316.75465,4136936189.28052,4507126949.08507,4071829462.26447,4422097762.7848,4579636601.80039,4010885990.83986,4357469330.46719,4803962015.62122,5433467174.79183,5483476883.4658,4723571497.76347,5823715809.63286,6251215144.13471,7644389159.84471,8270016670.86774,..
Montenegro,MNE,Trade (% of GDP),NE.TRD.GNFS.ZS,100.409386075314,95.2294000160253,77.5983890107329,100.109654967142,104.625139256659,118.177129375183,128.844214152476,132.48054069386,99.8255760432413,98.8684992495822,106.752728264703,108.779987603414,103.785966371179,100.438431458711,104.12510886943,104.135954584294,106.711366689116,111.098935509174,110.0161238696,87.8612027134909,105.719249175045,125.455937754994,116.806669538329,109.944104480975,..
Montenegro,MNE,"Foreign direct investment, net inflows (% of GDP)",BX.KLT.DINV.WD.GD.ZS,..,..,..,..,..,..,25.4861452996323,21.4776806860127,37.4226485249522,18.328887946631,12.3507061996589,15.1805596099333,10.0960454055249,10.8522476721182,17.4489052276704,5.20261621395497,11.6708961729682,8.93818094782242,7.61542118173081,11.2394405744141,11.9123394477171,13.9582230042507,6.87914947745747,7.24824965709432,..
Montenegro,MNE,GDP per capita (current US$),NY.GDP.PCAP.CD,1909.59870186179,2106.6350684523,2789.15906483509,3380.16512135859,3674.6179242797,4418.84951521682,5971.84638953467,7359.95118960869,6700.11405052395,6678.63930800758,7265.51668681954,6552.48071710904,7102.77882895852,7342.17339453427,6421.00307345999,6968.01539365317,7674.2813940676,8673.59128084795,8749.02375172644,7538.53635992191,9317.15520065156,10024.5435616209,12259.8775034436,13263.3281277699,..
Montenegro,MNE,Total natural resources rents (% of GDP),NY.GDP.TOTL.RT.ZS,0,0,0.0744036174229074,0.255159492728589,0.642225982273086,1.02392931506709,0.953270459073836,1.5026500197436,0.376838225796534,1.13777818472308,1.44368759270254,0.935069599243676,0.672962195676965,0.781260837765096,0.731313641257514,0.837536371542947,1.33941998042343,0.837441665171651,0.616491593549262,0.723002993565649,0.637197671980386,..,..,..,..
Morocco,MAR,"Portfolio equity, net inflows (BoP, current US$)",BX.PEF.TOTL.CD.WD,-6998157.56471194,-7622101.06845523,7926748.45965479,596830635.614742,63652295.0246486,-297775292.069994,-63934789.9148175,148304337.617511,-4354194.47308741,131902345.097166,166137124.618818,-108308695.206207,43103207.1138849,..,..,-25939450.8953276,-33261297.8489089,-184360528.365667,279654264.11372,-41800663.3061018,-397826049.153649,271804044.494316,139238055.823531,205138200.801845,..
Morocco,MAR,GDP (current US$),NY.GDP.MKTP.CD,43831480207.6444,47077192187.6418,58029363354.2757,66114145451.0067,68852658068.6673,75883823300.8545,86947913286.728,101822906949.063,101154952240.881,100865329473.44,110080631332.375,106937392311.129,115739287305.08,119130841411.664,110413823841.592,111572947004.917,118540573367.844,127341147581.818,128920266409.458,121353645057.144,142022058447.231,131245312804.483,146036093666.762,160610994054.734,..
Morocco,MAR,Trade (% of GDP),NE.TRD.GNFS.ZS,53.4915710187871,54.31012791421,52.3318582669923,55.5516384744536,61.4938276863235,64.6721977787154,71.3496467796657,77.8344716425602,62.3709560152269,69.541979610144,76.8258714906247,78.2221018956072,73.8577565315318,71.8935667539398,67.2886759253849,71.1226603816864,74.1733578786573,77.2548875243989,75.9981158798422,68.8438033904364,75.5234171756506,100.906310201651,93.1178844179777,92.1872446062404,..
Morocco,MAR,"Foreign direct investment, net inflows (% of GDP)",BX.KLT.DINV.WD.GD.ZS,6.44412928365454,1.02035757811393,3.98561984754306,1.35118647717804,2.42635467647837,3.24283497739456,3.24999332315429,2.42213508852785,1.94782744330848,1.2299824583835,2.29046840496639,2.65758712641507,2.9038626404404,2.95925435484489,2.94611108390154,1.93000540251056,2.26092196120538,2.78337936840164,1.33479789567415,1.16907334587558,1.59422321445366,1.74814323662076,0.725864122672683,1.02047789871899,..
Morocco,MAR,GDP per capita (current US$),NY.GDP.PCAP.CD,1506.24523925781,1596.02062988281,1941.87255859375,2183.55541992188,2242.98828125,2438.12646484375,2755.5859375,3183.20043945313,3119.58862304688,3067.9853515625,3301.98876953125,3164.17724609375,3379.7431640625,3435.40698242188,3146.24780273438,3140.85546875,3296.52661132813,3501.69799804688,3508.09765625,3268.0302734375,3785.93627929688,3463.1376953125,3813.72607421875,4153.1943359375,..
Morocco,MAR,Total natural resources rents (% of GDP),NY.GDP.TOTL.RT.ZS,0.208998473305515,0.194633365567,0.242738945207909,0.57019059079328,0.739189609529312,1.17487783805592,1.4811164112028,6.0135640292616,4.04625319267701,5.52351711568337,7.44006663292583,6.48582252084039,4.55138703939471,3.52679771804417,2.61402225287558,2.89821223160529,3.29989896331367,2.41389789515822,0.321780512925498,0.296128236742874,0.391702933228196,..,..,..,..
Mozambique,MOZ,"Portfolio equity, net inflows (BoP, current US$)",BX.PEF.TOTL.CD.WD,..,..,..,..,299266,405162,281330,380930.56,-27635,..,..,..,..,..,..,..,-4995000,..,..,2988448.43,..,..,..,..,..
Mozambique,MOZ,GDP (current US$),NY.GDP.MKTP.CD,5650154067.10346,5950769426.60213,6583526860.58062,7937255565.35765,8868504899.94673,9509835536.93373,10811456005.9405,12920340964.6544,12263894790.0125,11411894723.864,14619279988.716,16688114144.0745,17198073057.1981,17978246586.0662,16208985769.615,12069051237.1711,13264640645.7768,15017358952.8452,15512759046.672,14235420174.1884,16168055475.4449,18883528581.3734,20921079532.6094,22745341305.0622,..
Mozambique,MOZ,Trade (% of GDP),NE.TRD.GNFS.ZS,50.4153095777265,73.309162757423,70.1683599479183,72.0520001612374,72.0092609780982,67.3498976872689,66.1203821840516,64.981416499828,67.898572768141,73.8373532681892,84.4062119333019,105.934588060511,109.38537659913,116.356855242217,98.7612036510901,110.394358201481,105.745640702087,124.607457525372,105.591171401921,99.906146051979,112.078964458333,135.279578416991,106.058613430022,95.659420351194,..
Mozambique,MOZ,"Foreign direct investment, net inflows (% of GDP)",BX.KLT.DINV.WD.GD.ZS,4.52085884679156,5.83542740620485,5.1142557345062,5.99090663119619,1.380320098608,2.64086218183932,3.85414645531421,4.96426075394528,7.58405403589617,11.0275561357338,25.0623636819297,33.767102801243,38.9428653441902,27.8047100445849,23.8654900431928,25.9187724637849,17.4831119319856,11.1741431838994,21.7841914901932,22.3944370320025,32.7522138534006,16.0042947069706,12.8268059338812,15.4256916399298,..
Mozambique,MOZ,GDP per capita (current US$),NY.GDP.PCAP.CD,304.792138621913,313.886661721198,339.488737800648,400.056973161545,436.773856167384,457.487647833183,507.874923914304,592.159111184122,547.697144193651,496.185839392659,618.17649286789,685.685748199513,686.505672517351,697.142680444123,610.563774706589,441.489734819071,470.93856305196,517.507260258101,519.09255091362,462.433876479921,509.907829475551,578.251663751351,622.000297682823,656.776824637306,..
Mozambique,MOZ,Total natural resources rents (% of GDP),NY.GDP.TOTL.RT.ZS,6.28945069549311,7.15607959007746,10.0969874352829,7.99532685365388,7.51808300528586,8.50524215312992,9.80505322870557,10.2039173979552,10.0220013623256,10.2684840762505,11.3709466025082,11.9192598207508,11.6325534065914,11.9039028509476,12.2160721685778,16.3133886142564,18.0510410834352,16.3975888133586,12.6767242973038,11.8639361284365,14.9074768559672,..,..,..,..
Myanmar,MMR,"Portfolio equity, net inflows (BoP, current US$)",BX.PEF.TOTL.CD.WD,..,..,..,..,..,..,..,..,..,..,..,..,..,..,..,..,..,..,..,..,..,..,..,..,..
Myanmar,MMR,GDP (current US$),NY.GDP.MKTP.CD,6477790688.22844,6777632512.0781,10467109977.6717,10567354056.4049,11986972418.5103,14502553709.8303,20182477480.5512,31862554101.9378,36906181380.8127,49540813342.4834,59977326085.9908,59937796648.2158,60269732854.827,65531374210.3224,59607290408.4359,63298361983.5653,66053040475.0257,67860515993.1186,75065106243.3578,79006113670.2831,66345291149.4433,62253049903.28,66757619000,74068349523.8095,..
Myanmar,MMR,Trade (% of GDP),NE.TRD.GNFS.ZS,..,..,..,..,..,..,..,..,..,..,..,..,..,..,..,..,..,..,..,..,..,..,..,..,..
Myanmar,MMR,"Foreign direct investment, net inflows (% of GDP)",BX.KLT.DINV.WD.GD.ZS,3.21565753506977,2.22070502562137,2.3777576671811,2.0001628964787,1.95966396539679,1.90182128285749,3.5175166973129,2.71127181000311,2.92355415980151,1.81897202342465,4.20127651183029,2.22540068514517,3.74085607932619,3.31904421353417,6.85124098701507,5.17880132620963,7.27335555300642,2.60563229837277,2.31211211146102,2.41393222802876,3.11492561747141,1.98946076043536,2.27715131661601,1.47879223317634,..
Myanmar,MMR,GDP per capita (current US$),NY.GDP.PCAP.CD,141.525660705722,146.598390364449,224.292688912409,224.508811413327,252.685193060728,303.495087119254,419.375780725042,658.442487229705,758.442935789255,1010.53417343401,1213.62898703376,1202.6658960055,1199.09561597055,1293.00042319714,1166.73305547935,1229.19713491328,1272.82241815234,1298.21310327675,1425.98954241668,1490.21683599469,1242.7213439951,1158.05005055976,1233.19666209269,1359.05001560107,..
Myanmar,MMR,Total natural resources rents (% of GDP),NY.GDP.TOTL.RT.ZS,15.8304411877684,17.4019189724924,20.1839434402257,18.8644610196514,18.7820488600823,17.7577369198911,15.8146237862238,13.9641200526851,8.97077901763052,7.98804207462158,7.3614633514873,5.95623957618071,5.85283366421301,7.88242876018736,6.61317909325215,6.8108721648708,7.82010371696471,6.70278022169487,5.88188183004994,4.66301426840348,8.6785038087485,..,..,..,..
Namibia,NAM,"Portfolio equity, net inflows (BoP, current US$)",BX.PEF.TOTL.CD.WD,25914772.6151661,8158647.00441614,3882128.67476259,4533311.55634186,5037881.41384493,4731062.19958845,4516372.94731097,3905724.58370123,6638217.51864055,23531431.6757549,13824634.6548498,6796769.50393843,1276878.58517455,12022873.8528938,2077420.07207402,-2204021.72509407,2130406.97273163,2194248.51671341,9621433.00664278,2841010.04829948,2745193.06680017,2406328.5908498,1829647.45907626,3347655.35043362,..
Namibia,NAM,GDP (current US$),NY.GDP.MKTP.CD,3557341215.15159,3349169826.38896,4926439383.51425,6609205994.77406,7248374837.72056,8001779551.06323,8839536475.99963,8607431497.49471,8938847189.07592,11431412421.1316,12523359440.5499,13042053591.6857,12043307277.1235,12435430969.6301,11335161083.5061,10722018732.0936,12895153370.9132,13682019076.4022,12541928303.48,10583748541.5258,12402486183.6396,12569449123.3661,12408271449.2244,13372354511.716,..
Namibia,NAM,Trade (% of GDP),NE.TRD.GNFS.ZS,88.5841018380245,94.4152228948906,95.9524743817213,81.8622605916543,80.6803802939816,86.8339693259998,104.979303758915,119.644498184785,123.762844292976,108.072477173606,102.189147754138,100.2134087743,97.7249042303832,103.080137009254,97.2390317873478,93.966187960162,81.2196661011436,81.7138652963804,82.9011507426355,76.9252424036465,83.5443030923624,99.2625547814064,110.770713965983,109.628509818932,..
Namibia,NAM,"Foreign direct investment, net inflows (% of GDP)",BX.KLT.DINV.WD.GD.ZS,10.6634799262844,4.40514414376661,1.32166219939022,3.38257441805413,5.37845791807398,7.62577614409133,7.57033929521728,8.71835372051848,9.27473594549885,2.51525326747705,6.41681322346953,7.98613044962652,6.45232765797467,3.58316691192793,7.40068055968424,3.34570437311555,2.17505730200543,1.71299808328534,-1.40710628631611,-1.41889955275348,6.77514897706551,8.40166893779959,18.4906995136203,14.4696554951116,..
Namibia,NAM,GDP per capita (current US$),NY.GDP.PCAP.CD,1915.58926594875,1772.07565537493,2569.24739317883,3403.15496192955,3685.77299991587,4017.1834716928,4379.04313682732,4204.78555422749,4302.91374148376,5418.21633365814,5834.7917675794,5942.64680978673,5346.62131149967,5378.32326241205,4774.10650865775,4395.68776162376,5143.96072323076,5308.60813408705,4731.9210318831,3878.58982993966,4412.8355693052,4349.79908493314,4187.60500396525,4413.12752211572,..
Namibia,NAM,Total natural resources rents (% of GDP),NY.GDP.TOTL.RT.ZS,0.634861422008575,0.598634291159831,0.930610729240151,0.794488876889435,1.18277131353143,2.66281251772741,5.84952043001738,2.25103912617622,1.93055021806173,2.39089689019764,2.071941381811,1.73059224032469,1.17402632983259,1.64153563776896,1.8752743624842,2.60379046438201,3.35579400030648,1.26282912430688,1.43731396410693,1.93029383948291,4.03058059383138,..,..,..,..
Nauru,NRU,"Portfolio equity, net inflows (BoP, current US$)",BX.PEF.TOTL.CD.WD,..,..,..,..,..,..,..,..,..,..,..,..,..,..,..,..,..,..,..,..,..,..,..,..,..
Nauru,NRU,GDP (current US$),NY.GDP.MKTP.CD,22613287.5389074,21017423.6082043,24778159.5806639,30587565.7988334,30070666.0652533,29200359.3890386,22766972.1889659,37602264.7306872,44176245.5492433,47562844.6104251,65071879.7787162,101055722.95058,94385014.9425842,99149244.4001333,84863440.5801997,97541943.0355053,109355638.866955,130995566.30391,125160115.547819,124685688.161094,175390280.69162,152373433.909474,151435609.578807,162588620.632234,..
Nauru,NRU,Trade (% of GDP),NE.TRD.GNFS.ZS,..,..,..,..,..,..,..,164.285714285714,145,100,130.30303030303,120.408163265306,179.347826086957,197.222222222222,200,170.149253731343,142.068965517241,140.640059171598,155.906685714286,134.980107526882,110.796255319149,167.338761904762,143.955555555556,165.846774193548,..
Nauru,NRU,"Foreign direct investment, net inflows (% of GDP)",BX.KLT.DINV.WD.GD.ZS,..,..,..,..,..,..,..,..,..,..,..,..,..,..,..,..,..,5.88617583274311,1.74896481068595,-2.67159670379148,3.8371656330747,-5.91699334587118,0.955055945287656,-3.59566562291604,..
Nauru,NRU,GDP per capita (current US$),NY.GDP.PCAP.CD,2232.30874026726,2084.64824520971,2463.28259078079,3040.51349889,2992.40382776926,2910.14145794684,2272.15291307045,3756.84531228766,4410.56764668962,4735.92000502092,6444.03642094634,9842.77032731856,8974.51886874433,9230.05440328927,7747.25584993607,8748.15632605428,9656.97976571484,11413.7463016389,10801.7705659635,10709.068810538,14979.099896799,12911.9086441381,12752.4723855838,13609.158837552,..
Nauru,NRU,Total natural resources rents (% of GDP),NY.GDP.TOTL.RT.ZS,..,..,..,..,..,..,..,..,..,..,..,..,0,0,0,0,0,0,0,0,0,..,..,..,..
Nepal,NPL,"Portfolio equity, net inflows (BoP, current US$)",BX.PEF.TOTL.CD.WD,..,..,..,..,..,..,..,..,..,..,..,..,..,..,..,..,..,..,..,..,..,..,..,..,..
Nepal,NPL,GDP (current US$),NY.GDP.MKTP.CD,6007055042.17687,6050875806.66403,6330473096.54071,7273938314.71988,8130258377.90964,9043715355.8881,10325618017.379,12545438605.3959,12854985464.0764,16002656434.4746,21573872420.7008,21703100877.1309,22162204924.5726,22731612922.1906,24360801286.7638,24524109483.5293,28971588940.364,33111525237.149,34186180699.0255,33433659301.2466,36924841394.2605,41182939600.6209,41047772331.0994,42914268286.7109,..
Nepal,NPL,Trade (% of GDP),NE.TRD.GNFS.ZS,55.7999210803706,46.2307185004451,44.2478836156195,46.1472867206087,44.0629474798613,44.7619877569242,44.5792750200254,46.0362063511913,47.0794477633688,45.9849057742707,36.296758890097,37.921906058758,41.8653757376722,45.9826416115927,46.6657303895158,42.115486124737,44.6424106224996,48.4473869461067,49.2495265874454,40.9188741243442,43.0538047919129,48.9734014799428,41.5701502933145,40.5298226771909,..
Nepal,NPL,"Foreign direct investment, net inflows (% of GDP)",BX.KLT.DINV.WD.GD.ZS,0.347091875363344,-0.0983748686510898,0.233443620739643,-0.00573755737053384,0.030156295078659,-0.073509433259411,0.0556064154566332,0.00793215735192788,0.297715388957693,0.548294665887946,0.435814930594323,0.42369151125933,0.334712330597339,0.133746236524448,0.213029527712984,0.432212944008614,0.677439884182991,0.206157201926214,0.542801979747667,0.378739091402959,0.531690906776232,0.160405404733603,0.182279066044198,0.132590416512966,..
Nepal,NPL,GDP per capita (current US$),NY.GDP.PCAP.CD,240.795114544664,238.89140296106,246.429706587633,279.587750044428,309.024168339372,340.431796437968,385.449767660642,464.817391891529,473.078751198621,585.278491984574,785.518656222132,788.202937148377,803.269595420477,821.455224911731,875.543635474862,877.256454696737,1034.28374906846,1179.19843190389,1203.14294706401,1154.21517578318,1252.75076731986,1385.91066274851,1382.33055769304,1447.31004458428,..
Nepal,NPL,Total natural resources rents (% of GDP),NY.GDP.TOTL.RT.ZS,1.06064751974629,1.14182037541713,1.21007972058267,0.901715057589508,0.805920859332569,1.08186046810072,1.35696196558179,1.07437107737277,1.00484448505294,1.47229700729972,1.11680132754903,0.967618550144898,0.844770803744654,0.860719085973924,0.934890235914136,1.03122054018578,0.703261897013786,0.424156459923021,0.446189344690663,0.522630900968538,0.498936909947826,..,..,..,..
Netherlands,NLD,"Portfolio equity, net inflows (BoP, current US$)",BX.PEF.TOTL.CD.WD,12951172305.8445,-144190699.997294,894406120.74897,4180605328.42707,83360628609.2525,39082048925.5963,-141031473003.18,-14054927069.827,18787772253.8582,23158411897.2582,7100834366.97788,7219990478.21045,17441306601.8082,53613866385.2197,80074381469.9936,44630308807.4462,36862319214.4912,-51400606120.6213,15826629220.6164,-83234094556.5022,125737499327.705,-1582377866.68018,-20877434452.6139,-19616207108.3879,..
Netherlands,NLD,GDP (current US$),NY.GDP.MKTP.CD,432536219668.898,475529972122.746,582435617081.96,661224886143.245,688133699635.797,737593995289.411,853499460872.552,957901566041.406,878954223140.234,852464982433.335,913140741332.687,845689017065.625,883951539006.669,901556501756.467,775743675302.734,797163949289.885,848233537845.884,929733599796.862,928903005576.469,932560861701.17,1054472123449.6,1046540797548.64,1135475867551,1214927698572.66,..
Netherlands,NLD,Trade (% of GDP),NE.TRD.GNFS.ZS,119.47546387654,112.750024358671,111.30450319576,116.958160026939,122.255849523252,127.195613539333,129.798241740597,130.152049980117,115.109660363107,130.081707935343,141.757099325776,149.393223058131,150.651850226949,151.715891056501,160.325812564809,150.96552921165,159.646059656847,163.559146573044,160.676671884999,152.233230409706,163.154842689698,184.107484252682,165.030429478933,153.83065216636,..
Netherlands,NLD,"Foreign direct investment, net inflows (% of GDP)",BX.KLT.DINV.WD.GD.ZS,12.0218639579935,5.359292335364,3.5122237802764,21.160832133529,30.5011693880359,50.9095810861305,85.9785548363802,20.4123384575226,23.1185529746283,6.47724170250418,39.0408469194559,30.9042384931276,36.6955717929323,15.9879956344505,48.4706196279081,34.7918547450687,23.7131758376085,-30.6576768564655,-13.7565327156949,-23.6860117625863,-10.9725941589172,1.47701805979237,-30.2430732965592,-1.40403571808501,..
Netherlands,NLD,GDP per capita (current US$),NY.GDP.PCAP.CD,26955.7128032278,29446.5330872868,35896.7504630706,40611.3414353091,42165.396168388,45123.5432406426,52100.7996285947,58246.7026905874,53172.0261581418,51305.7338533973,54701.7728030611,50473.9442002689,52602.2860520766,53457.2234864322,45793.8135434697,46808.5291492503,49513.6817346384,53955.0770024266,53554.9007491475,53467.9277413737,60141.9880911492,59123.318556487,63515.6030780019,67520.4218956281,..
Netherlands,NLD,Total natural resources rents (% of GDP),NY.GDP.TOTL.RT.ZS,0.778557219518414,0.552503607344249,0.477294939452294,0.445249259246216,0.345526753433281,0.656627307066423,0.592989048060138,1.04292053969949,0.722759892442524,0.762696109172764,1.02062784943271,1.13202011724154,1.11989801648239,0.689866623445569,0.442606663458837,0.251209116098856,0.283564780405105,0.355103573458477,0.218267467639851,0.0837440351956371,0.340536679351668,..,..,..,..
New Caledonia,NCL,"Portfolio equity, net inflows (BoP, current US$)",BX.PEF.TOTL.CD.WD,..,..,..,..,..,..,..,..,..,..,..,..,..,..,..,..,..,..,..,..,..,..,..,..,..
New Caledonia,NCL,GDP (current US$),NY.GDP.MKTP.CD,3297734891.14661,3740056747.71979,4915353827.10576,5895008977.9531,6238629487.01331,6979155387.86792,8819917180.34265,9067619760.07073,8704438102.20142,9364350076.91225,10351448004.7674,9659151917.40484,10151382933.1594,10635035594.7528,8738203074.3957,8724568954.89799,9174048681.98577,9896402283.68587,9475655324.59495,9454629467.91408,10071349663.8484,9623318718.31459,9769167530.35744,8548919387.12607,..
New Caledonia,NCL,Trade (% of GDP),NE.TRD.GNFS.ZS,58.1843523272091,56.1330040352377,61.8880338996498,58.5813378645702,61.9103270015257,68.0205144787445,72.1743887166465,67.9174783843244,56.0771570332275,68.1684823937939,66.8445220722878,63.7533913097757,58.8723435046881,58.9577979346478,60.0467960954308,58.0296161468389,58.9281826221283,59.0970833,58.210367099604,54.5818048353384,49.0442343110991,50.4727487439639,51.6307347204266,40.368957724281,..
New Caledonia,NCL,"Foreign direct investment, net inflows (% of GDP)",BX.KLT.DINV.WD.GD.ZS,3.12460562783969,1.57899865282653,2.36093200928964,0.466160371144185,-0.108016656790192,10.7332244391213,4.73308224896495,19.2594082159786,13.5826748807157,15.3677037012268,16.9845017608185,27.7749506773296,21.3449947193931,16.5212034418212,13.777379969742,9.28207619845752,5.30202255145123,3.46409998475039,7.63514854874616,6.04707071747505,7.88090550414583,7.23562598706021,7.03488478280661,8.48945728851914,..
New Caledonia,NCL,GDP per capita (current US$),NY.GDP.PCAP.CD,14482.3606263602,16104.5520406819,20768.1061488848,24475.6488547037,25528.2918353444,28193.2537573387,35177.6535261448,35723.9033194947,33836.494080472,35798.9084757829,38835.9401851385,35559.5672006157,36671.1566752621,37816.9558599295,30858.7237060533,30782.8544433514,32354.7102832901,34902.8968780031,33411.3358835672,33270.330597637,35311.5543551452,33516.363085906,33701.8923322781,29213.1923192946,..
New Caledonia,NCL,Total natural resources rents (% of GDP),NY.GDP.TOTL.RT.ZS,3.76365320238985,4.51767160705527,8.20945366480336,11.7109438932061,8.14294890463805,18.3004085572826,35.2613182298492,2.6112635194797,0.0115765236192026,5.29439177747213,4.13080410068162,0.0114496916463885,0.0105325049427626,0.0126797653775496,0.0128159191409519,0.013426159178997,0.0171317828341953,0.970193483384602,0.0122251541031086,0.0127156723522875,16.7918673249355,..,..,..,..
New Zealand,NZL,"Portfolio equity, net inflows (BoP, current US$)",BX.PEF.TOTL.CD.WD,39578120.0515663,751792598.900581,718636982.397972,98660825.8414085,-97814806.9312099,-397308137.55556,229092858.497764,170011858.902323,966562723.268098,-292933630.409238,1570292435.62871,441674339.606237,3506487810.69995,2246652747.62603,2445312482.89224,1743225767.93182,547518358.542934,1865811146.98436,-243153039.307746,1419134920.4637,-394545471.664618,1378545528.5676,1155860767.47601,4702885074.00639,..
New Zealand,NZL,GDP (current US$),NY.GDP.MKTP.CD,53872425916.6248,66627729311.4495,88250885550.2626,103905210084.034,114720129550.095,111538810712.665,137188946865.584,133437126590.286,121663439315.385,146887902524.052,168484908960.078,176560711239.147,191012364176.878,201518402787.38,178224167087.99,189100085275.23,206745969246.073,211985631173.205,213006341101.869,213029554653.687,253977931814.967,249509991440.438,255194972673.122,260172385097.616,..
New Zealand,NZL,Trade (% of GDP),NE.TRD.GNFS.ZS,67.2338243520418,62.6559945554479,57.914769345753,58.7995522745359,58.0187434407163,59.6032650403479,58.4251605749091,64.2611448527979,55.0143501856026,58.1047406012087,59.1724105593848,56.9087671962042,55.9861241102171,55.0986550961851,54.851331734287,52.4062478142589,54.1432970416804,55.7664814899437,54.4542971758367,43.9772422862431,48.5412477650846,53.4761627655817,50.4064316790513,51.224397222513,..
New Zealand,NZL,"Foreign direct investment, net inflows (% of GDP)",BX.KLT.DINV.WD.GD.ZS,0.481362352602511,4.27533253207986,-3.81179323818466,2.2326303912504,1.66201517661775,2.61132933725814,3.16024444752482,1.94246279372292,-0.0430577448192459,0.194915236759354,0.818121298166467,2.17878824315978,-0.0363955159235945,1.61353184490057,-0.0411688255414608,1.0619303911252,1.15602540847251,1.15882897654923,1.44357026927529,2.25342351216777,2.08859937451458,3.93040138256791,1.72217162155153,0.676410624636643,..
New Zealand,NZL,GDP per capita (current US$),NY.GDP.PCAP.CD,13882.8568268586,16874.1874918196,21913.7081719961,25420.234882944,27751.0654708859,26654.5932018985,32479.9817381467,31324.7397977102,28276.7255416225,33761.9009639947,38431.7766788499,40053.6991536369,43000.4646849189,44618.266973847,38665.3723018158,40113.7195382428,42950.3841711138,43257.0769238879,42855.831861632,41997.7830324279,49950.4251691316,49099.7090423358,49075.9562832927,49205.1792146792,..
New Zealand,NZL,Total natural resources rents (% of GDP),NY.GDP.TOTL.RT.ZS,2.09524265570961,1.74199803152753,1.25651895446249,1.09975067280001,1.23602964559984,1.29267923136784,1.3734710448309,2.36269174740727,1.74759128114708,2.1224362002947,2.19427362254657,1.68350699548628,1.52078184314436,1.42914435215029,1.28424903944645,1.04750029579275,1.59353965038242,1.58813238238384,1.50327657838238,1.27246721100633,1.49411356490814,..,..,..,..
Nicaragua,NIC,"Portfolio equity, net inflows (BoP, current US$)",BX.PEF.TOTL.CD.WD,..,..,..,..,..,..,..,..,..,..,..,-300000,..,..,..,..,..,..,..,..,..,..,..,..,..
Nicaragua,NIC,GDP (current US$),NY.GDP.MKTP.CD,5351752034.2221,5223727302.54906,5322228350.58068,5792932838.40051,6321324279.14826,6763672380.61154,7423375014.75729,8496967596.77008,8298702489.0801,8758602232.98358,9774329332.71276,10532017231.8253,10982988249.2103,11880438824.4494,12756696261.0676,13286093388.4752,13785893007.4769,13025221974.232,12699023614.245,12726422432.4868,14209020361.8508,15634572502.2294,17805842283.8725,19693982967.5926,..
Nicaragua,NIC,Trade (% of GDP),NE.TRD.GNFS.ZS,57.9801315472268,58.0912844080785,62.1750658877514,67.195316780004,71.6457237072991,87.309670832079,93.025730229333,96.7939847302055,86.9936104453444,100.364058423919,111.827453935999,115.177288474198,110.984207880382,106.698200190796,98.194164594236,93.8137278130087,96.3805864351182,93.9847404925404,94.0422159246213,88.6381231228968,106.20739081994,115.454678712865,105.003097611103,98.5258377100159,..
Nicaragua,NIC,"Foreign direct investment, net inflows (% of GDP)",BX.KLT.DINV.WD.GD.ZS,2.80655753554232,3.90334311480045,3.78225034215297,4.31560328721207,3.81407422484717,4.24030000066427,5.14186605474194,7.38263377911966,5.22852820149836,5.59335824334059,9.5791738556055,7.36516075625111,8.78722600899979,9.06363827053251,7.58033255797744,7.44462628012218,7.51057620596971,6.43060058137235,3.96093444094211,5.86574902695673,7.36996621393819,8.23239650343154,6.25581189724963,6.86656428120852,..
Nicaragua,NIC,GDP per capita (current US$),NY.GDP.PCAP.CD,1051.874235891,1014.3339042591,1021.35216668794,1098.62118662335,1183.30214010175,1248.17371577788,1350.38145753377,1523.68437086409,1467.08288052845,1526.56706951408,1679.71192084633,1784.69836017555,1835.43996363715,1958.37047579547,2074.45620634731,2131.68704828322,2182.61380995674,2035.16549390507,1958.62051528095,1938.44704754382,2138.38588469449,2322.89053964583,2609.44492072931,2847.53966339498,..
Nicaragua,NIC,Total natural resources rents (% of GDP),NY.GDP.TOTL.RT.ZS,1.14847900083655,1.14157988958926,1.12766211906764,1.29185557609837,1.11397978053442,1.57912337410457,1.54258856099957,1.4819143624518,1.31162414000297,4.15315104137442,5.12065108678162,4.62546930334416,4.95048345059701,4.2211834678271,2.10539835608013,3.11297731611032,2.7029582269273,2.02687465495511,1.28485958829485,1.65812864181366,3.84080893833151,..,..,..,..
Niger,NER,"Portfolio equity, net inflows (BoP, current US$)",BX.PEF.TOTL.CD.WD,494266.985452366,-1441.51785176497,25866.6435183295,3832456.36810535,610706.292797058,3828.29613383014,-463820.227097024,1459641.12000672,9489820.13886295,6471376.57905423,-3823883.83043211,20252417.2578194,..,14371432.2211519,12364606.493654,17743672.5753632,16347007.08592,20527091.0050984,27378218.9430561,16194973.343593,1009862.98001741,9796096.1425914,1631898.06238975,1594388.5502404,..
Niger,NER,GDP (current US$),NY.GDP.MKTP.CD,2448714703.96617,2782192878.67204,3394084732.49543,3760443737.53797,4383315964.58718,4756361252.37923,5731485051.79069,7297600226.00536,7352131309.73341,7851192502.30917,8772950777.79176,9426912647.59111,10224897437.8648,10862943543.5419,9683867926.44282,10398861981.7583,11185104251.6943,12837307496.8821,12889555561.2299,13744653103.058,14915002436.069,15433852712.2963,16698786977.59,19876128485.7857,..
Niger,NER,Trade (% of GDP),NE.TRD.GNFS.ZS,33.0136670843015,30.8343857497549,33.3827931416238,36.9641044464896,38.3477418070736,36.5313731842429,35.5028028471007,39.7112440540383,49.5122567031625,51.9459863027627,50.2463951569345,45.08596447308,46.2951491493291,45.7416008365932,44.727430371186,36.4881092245519,39.0711117370149,37.5388483992356,37.1025664250801,35.5129906570841,37.0158935503713,52.8061484327332,46.4755580630668,49.9759837351389,..
Niger,NER,"Foreign direct investment, net inflows (% of GDP)",BX.KLT.DINV.WD.GD.ZS,0.922420853977935,0.281340736477619,0.5459244666531,0.649159742962507,1.13506754317922,0.847497530197073,1.72858641411291,3.87903143663185,8.62089060209857,10.146689915564,12.1645061403035,8.92367913404553,7.03516563238375,7.57591181433667,5.46761764113716,2.89774478323805,3.02823024727599,3.63037399478134,5.56378872795104,2.62395545283651,3.98812628006033,6.25880834283465,6.14147869426916,1.80157547660986,..
Niger,NER,GDP per capita (current US$),NY.GDP.PCAP.CD,205.417936120931,225.294391147438,265.225363452469,283.468281798296,318.643121918273,333.345078419447,387.168065883301,475.044955398162,461.131533961487,474.425692340831,510.75956176268,528.510104469655,552.103334363117,565.30989731175,485.662574175279,502.706475406446,521.804130023434,578.568035680892,561.691304349698,579.512495758236,608.722439593808,609.745147574878,638.336080897887,735.270255787226,..
Niger,NER,Total natural resources rents (% of GDP),NY.GDP.TOTL.RT.ZS,6.55942488973714,7.01295308601143,9.26317259194414,7.50759997659221,7.20852272920724,6.89459669021653,8.30057946231934,7.94563898176327,7.96220358501721,6.88472156897825,8.1477117559769,10.3335481762903,11.466881046248,10.2730531340882,9.74015905746736,9.68635453036973,9.37929042574549,6.79609733342576,5.81263963543114,5.56826403591678,6.40907047167716,..,..,..,..
Nigeria,NGA,"Portfolio equity, net inflows (BoP, current US$)",BX.PEF.TOTL.CD.WD,..,..,..,..,750775094.395197,1769162544.85626,1447330958.33184,-953448580.264267,487342221.923696,2153299955.08907,2570808286.61954,9959018733.20634,5532059839.76553,1044955627.9525,-476619500,325124999.999999,1360441234.49108,1259167883.85656,-1548463201.73002,-255230064.900555,71602136.4597128,293462952.902713,1588279928.2485,1917042383.3181,..
Nigeria,NGA,GDP (current US$),NY.GDP.MKTP.CD,73557840064.489,95054059302.6995,104738954264.226,135764731645.611,175670569969.346,238454997161.48,278260846800.103,339476276257.793,295008835380.997,366990417129.04,414466676831.16,463971018239.281,520117180313.906,574183763411.508,493026682800.63,404649125252.16,375745731053.427,421739251509.08,668219992691.462,598586817819.073,609147716972.859,646950257577.814,487387801880.597,252261880141.151,..
Nigeria,NGA,Trade (% of GDP),NE.TRD.GNFS.ZS,..,..,..,..,..,..,..,..,..,..,..,..,..,..,..,..,..,..,..,..,..,..,..,..,..
Nigeria,NGA,"Foreign direct investment, net inflows (% of GDP)",BX.KLT.DINV.WD.GD.ZS,1.61861555824339,1.97158413526786,1.91462056992191,1.38037387490881,2.83629405374322,2.03575267319875,2.16919536982392,2.41373918254011,2.90024873175983,1.64207369186652,2.133117701613,1.52378233769127,1.06953936497778,0.817478467870197,0.621501637000126,0.853395742751916,0.642182922336257,0.183821495682229,0.344961215904222,0.398484830422215,0.543909122152652,-0.0288727652154093,0.384195197914633,0.428249682662515,..
Nigeria,NGA,GDP per capita (current US$),NY.GDP.PCAP.CD,566.428231812933,712.164852077686,763.388745367223,962.48104194733,1211.37703504386,1599.53891556365,1815.52697545827,2154.10543545364,1820.48633854782,2202.25672957344,2418.41316975875,2633.19734671361,2872.79083379398,3088.72131316169,2585.73360671797,2070.4127339595,1876.34027111773,2057.87944554011,3189.81286498516,2797.18458068686,2787.48779224428,2899.16047470324,2138.76383719983,1084.16041805436,..
Nigeria,NGA,Total natural resources rents (% of GDP),NY.GDP.TOTL.RT.ZS,18.1012267482663,13.6048166584392,15.512504112848,16.775506962461,19.3875677161802,16.6989726330047,15.8610116948726,17.590261235625,10.6511450158162,13.8029914948457,17.5539035632028,15.1485150031193,11.6227181116144,8.78193552361452,4.55410681800406,4.65772615666869,7.80498492445019,9.79850822600435,8.35322267194456,5.07484002483035,8.55295423830806,..,..,..,..
North Macedonia,MKD,"Portfolio equity, net inflows (BoP, current US$)",BX.PEF.TOTL.CD.WD,..,44255,2740980.1,13021819.69,53820725.4,86323072.2927907,169834037.763646,-49354975.8104941,-14024882.1337271,-4035418.2830026,-8118861.7375788,-6447658.91356091,-687297.189808951,-4025006.50951967,-9373843.70165932,-7621115.07223809,-12044515.6034931,-33699362.8185135,-15607317.673734,-8385957.44779102,-1722105.58501481,2193714.11497679,-375668.963857129,-9327215.54804328,..
North Macedonia,MKD,GDP (current US$),NY.GDP.MKTP.CD,3709636030.66578,4018365747.00972,4946296599.08467,5682784471.69722,6258602872.67898,6861226971.55617,8336474973.72949,9909552434.51136,9401736825.42688,9407170321.37752,10494626767.6445,9745261300.57788,10817702346.0674,11362265252.778,10064519962.5655,10672467073.2873,11307067069.6658,12683068114.2388,12606338448.547,12361036913.8409,14000283827.0154,13932436550.0883,15855131188.9092,16951682245.4202,..
North Macedonia,MKD,Trade (% of GDP),NE.TRD.GNFS.ZS,71.4782105684389,71.5334846721143,71.0693204909674,80.8704849956907,85.8410034787176,92.5516664675666,106.092966003288,111.570054713298,87.1767537660809,97.8810691156562,113.19191013947,112.214834702155,104.857229956305,112.537928969299,113.698443879103,116.185408418026,124.13728389629,133.215207648008,138.576231840539,128.241244322257,146.721411484074,166.147357379878,147.79425348309,136.324876175556,..
North Macedonia,MKD,"Foreign direct investment, net inflows (% of GDP)",BX.KLT.DINV.WD.GD.ZS,12.6581341812696,2.8417888915258,2.40668449308174,5.4398972911896,2.32207737874559,6.22985642423446,8.79828562205673,6.17271448582765,2.76045082206623,3.20438209801498,4.83981702288781,3.46744163927686,3.72036775399161,0.535807905351314,2.94702779153329,5.14755489783813,3.36726558000357,5.11494867914756,4.35892493383855,0.0622421869397704,4.97315294989199,6.13067578989693,4.04601094449743,6.23445070666485,..
North Macedonia,MKD,GDP per capita (current US$),NY.GDP.PCAP.CD,1823.02267682636,1989.13537265159,2445.36286400013,2818.5814561242,3120.98401394233,3440.4411057968,4204.11328760452,5026.4202989873,4799.78722768888,4833.36586759968,5416.86672931659,5049.8265386157,5626.26115664893,5925.38592218015,5262.68671928674,5598.48622617967,5955.2973863451,6713.98925398989,6718.85826635458,6659.59651070776,7620.80296977508,7606.2375253797,8674.35846327485,9291.85661671864,..
North Macedonia,MKD,Total natural resources rents (% of GDP),NY.GDP.TOTL.RT.ZS,0.240279102689032,0.2486522972454,0.284074310222365,0.529949571288064,0.472471662771118,2.22591304574127,5.5649093281405,0.94997727771704,0.785735826282886,1.48054751512056,1.31901217415565,1.17381157835713,1.1286016514686,1.18602847424584,0.935040215942746,0.866322047138143,0.804308286542463,0.424659195176793,0.146172211539348,0.144963330218282,0.136921063560563,..,..,..,..
Northern Mariana Islands,MNP,"Portfolio equity, net inflows (BoP, current US$)",BX.PEF.TOTL.CD.WD,..,..,..,..,..,..,..,..,..,..,..,..,..,..,..,..,..,..,..,..,..,..,..,..,..
Northern Mariana Islands,MNP,GDP (current US$),NY.GDP.MKTP.CD,..,1284000000,1239000000,1210000000,1061000000,990000000,938000000,939000000,795000000,799000000,729000000,746000000,772000000,832000000,910000000,1230000000,1560000000,1301000000,1179000000,866000000,914000000,1096000000,..,..,..
Northern Mariana Islands,MNP,Trade (% of GDP),NE.TRD.GNFS.ZS,..,151.947040498442,152.703793381759,178.099173553719,174.552309142319,159.69696969697,128.571428571429,100.851970181044,84.5283018867925,92.6157697121402,105.075445816187,114.879356568365,120.077720207254,119.831730769231,122.747252747253,152.845528455285,131.410256410256,108.762490392006,104.749787955895,78.9838337182448,78.8840262582057,93.1569343065693,..,..,..
Northern Mariana Islands,MNP,"Foreign direct investment, net inflows (% of GDP)",BX.KLT.DINV.WD.GD.ZS,..,..,..,..,..,..,..,..,..,..,..,..,..,..,..,..,..,..,..,..,..,..,..,..,..
Northern Mariana Islands,MNP,GDP per capita (current US$),NY.GDP.PCAP.CD,..,19227.8894246608,18938.8728389967,18924.5831899653,17015.7487891715,16314.5578590027,15914.2193040498,16430.4461942257,14369.6339810212,14771.4037455399,13598.7166094613,14013.6003306158,14632.8518897608,15945.417608954,17665.1007493109,24225.474169342,31225.6049960968,26509.3628379893,24496.6652122421,18220.8382427201,19455.50139424,23785.754590043,..,..,..
Northern Mariana Islands,MNP,Total natural resources rents (% of GDP),NY.GDP.TOTL.RT.ZS,..,0,0,0,0,0,0,0,0,0,0,0,0,0,0,0,0,0,0,..,..,..,..,..,..
Norway,NOR,"Portfolio equity, net inflows (BoP, current US$)",BX.PEF.TOTL.CD.WD,2698133055.12609,352409124.14468,2040296776.35712,4493305730.40963,9381499532.72969,4774886732.65974,9750633522.11661,-12096961509.7781,3343427665.96493,2561332397.70211,1852419826.25769,628510937.867879,3244585611.76526,3213772789.30909,4371155776.69721,614140856.725291,6104941431.45591,999552901.590691,4058192906.29816,2460409074.49677,11808676409.569,3812115291.55288,-3048642743.21083,-7130213307.28251,..
Norway,NOR,GDP (current US$),NY.GDP.MKTP.CD,174239354070.977,195914852576.467,229385469337.024,265268662473.297,309978579743.888,346915160681.708,402643260487.572,464917553191.489,387976400617.019,431052143940.438,501360549669.404,512777309840.997,526014468085.106,501736471832.848,388159512245.53,370956547619.048,401745275035.261,439788625883.8,408742840909.091,367633418886.627,503367986030.268,596297651035.798,482949731776.587,483592648313.301,..
Norway,NOR,Trade (% of GDP),NE.TRD.GNFS.ZS,73.1583039085777,67.5170140875686,66.3207509412935,68.671953774992,70.4694504909023,71.6599299465003,71.9420263082298,74.7852799340995,67.4643154601855,68.2395193584281,69.5987336334833,68.4985528389766,67.9727925936832,69.1373772209037,70.431856540017,69.1168423974699,69.1087817621061,70.0031957894984,70.8958205272987,65.3539790413323,71.2227137759599,82.6094798361389,80.3638456401269,81.3635091827243,..
Norway,NOR,"Foreign direct investment, net inflows (% of GDP)",BX.KLT.DINV.WD.GD.ZS,1.83093887486593,1.53727647022863,1.82199004812861,1.85415606218434,3.24498545607206,3.42386990722308,6.16081120360734,4.42620837691604,2.2258474686508,5.01894398780264,2.05367635776007,5.44056216851406,-0.260184320751091,0.646203788277676,1.87399423252337,-5.03254975124343,1.46874278067631,-1.28796404191648,3.99513402641071,-0.892552414465765,3.64643942475354,2.39446435427431,2.85439221069972,2.50917917104619,..
Norway,NOR,GDP per capita (current US$),NY.GDP.PCAP.CD,38601.897639231,43170.557174499,50250.3298214345,57768.6980958462,67047.1704558264,74434.4996835671,85502.2677087731,97503.5407803783,80347.5700665184,88163.2085931423,101221.813476644,102175.919298374,103553.840134417,97666.6951838749,74809.9658049898,70867.3609970749,76131.8384032764,82792.8427113304,76430.5889473338,68340.0181033702,93072.8925119571,109269.520580298,87497.2179649556,86785.4334489176,..
Norway,NOR,Total natural resources rents (% of GDP),NY.GDP.TOTL.RT.ZS,9.86854080068064,8.80703368760757,8.67852288037213,9.49868097130803,10.4924230669843,10.8945313138908,9.56163328120944,12.6176722555388,8.36533197935372,7.66161471850852,10.0323919412624,9.34170992776999,8.16854742910885,7.51744992129352,5.16239861599802,3.86709464602749,5.33590347738304,7.39362211775806,6.26890345034754,4.18128689630728,10.0482763904291,..,..,..,..
Oman,OMN,"Portfolio equity, net inflows (BoP, current US$)",BX.PEF.TOTL.CD.WD,22626788.0364109,-48634590.3771131,51495448.6345903,31729518.8556567,573211963.589076,1158127438.23146,1610143042.91287,-1458777633.28998,340962288.686606,1430169050.71521,-400260078.023407,1771131339.40182,1280104031.20936,798439531.859557,995318595.578673,130039011.703511,499869960.988296,-863719115.73472,592717815.344603,1122496749.0247,508972691.807542,287906371.911573,-964629388.816645,-982834850.455136,..
Oman,OMN,GDP (current US$),NY.GDP.MKTP.CD,22205721716.515,23065539661.8986,24733680104.0312,28378933680.104,35506892067.6203,42577633289.987,48300390117.0351,69804681404.4213,55454096228.8687,64993498049.4148,77497529258.7776,87408842652.7958,89936020806.2419,92699089726.9181,78710793237.9714,75128738621.5865,80856697009.1027,91505851755.5267,88060858257.4772,75909492847.8544,87323797139.1417,109852795838.752,106174708036.51,107137198769.386,..
Oman,OMN,Trade (% of GDP),NE.TRD.GNFS.ZS,84.5270024947002,83.6537485764543,84.846636733578,88.611307129045,86.7613020421318,86.1457079854133,94.8657889777347,94.7619029877161,91.6279353346997,96.3865546218487,101.641731939942,102.0747604043,112.543521763774,102.27872108813,96.3775801852347,82.8642642018901,88.9531480182956,89.2792178262847,86.4782010313236,91.8758908014472,95.9494877293305,105.745009280655,106.446730998207,114.852671522017,..
Oman,OMN,"Foreign direct investment, net inflows (% of GDP)",BX.KLT.DINV.WD.GD.ZS,0.0234244152680339,0.473575608601034,0.10094531077486,0.391323075231172,4.33257156250914,3.74867907471091,6.89874269714346,4.22877879574812,2.72158933688519,1.91196478591436,2.10218875218974,1.5612029028198,1.79286446946825,1.3876575353227,-2.76001757846703,3.01624952400734,3.56005583896762,6.12067985447931,2.26908923371353,2.51548624054379,10.015189421015,6.25544528201825,11.8157929012346,11.6351181523148,..
Oman,OMN,GDP per capita (current US$),NY.GDP.PCAP.CD,9611.96360191054,9869.13050219438,10463.5425832141,11800.8507411171,14434.8577924647,16930.8565071853,18792.653772482,26576.779241509,20655.9180249218,23570.1798147325,25188.0074151885,24642.2978768596,23458.0233840053,23160.6502252547,18808.3077921839,17110.1897460545,17820.0661809335,19901.7615642016,19180.1864152801,16784.8630630058,19403.4600160211,23223.5829405935,21027.7384778886,20285.2272897377,..
Oman,OMN,Total natural resources rents (% of GDP),NY.GDP.TOTL.RT.ZS,39.6608260982704,36.5156563174369,36.1663480509711,39.6932689656436,46.2910962199201,44.5972509306022,41.3713037014859,40.5020271140744,33.9582915199024,35.1702914756151,43.273814289286,40.4418641958152,38.8455213970653,34.348523798708,21.0999447505156,18.0527768334822,21.3537653208209,27.0144782962431,24.9800297060137,18.8866635649826,29.2115792686173,..,..,..,..
Pakistan,PAK,"Portfolio equity, net inflows (BoP, current US$)",BX.PEF.TOTL.CD.WD,-130000000,79000000,-26000000,49000000,451000000,1152000000,1276000000,-270000000,-37000000,511000000,25000000,178000000,111000000,762000000,529000000,-339000000,-391000000,-528000000,22000000,-542000000,-359000000,-93000000,69000000,-170000000,..
Pakistan,PAK,GDP (current US$),NY.GDP.MKTP.CD,97145618479.9038,97923302809.3537,112371913740.823,132216048339.413,145208562960.767,161871385506.36,184140869997.46,202203748583.854,187337783856.466,196709621849.586,230586581059.665,250106966104.704,258657231672.412,271390474857.632,299963590534.773,313630000130.435,339205534861.1,356128166704.921,320909472770.669,300425609817.981,348516647445.148,374890295666.694,336686348609.266,371570000121.266,..
Pakistan,PAK,Trade (% of GDP),NE.TRD.GNFS.ZS,23.5772074298467,23.1290159545291,24.6501585248398,24.8083348519064,29.8784940550747,33.0497193672284,30.7878814312746,34.3489608135242,33.3268872863988,31.9890020462315,32.3626382751438,31.3189732760076,30.8902743401844,29.4698256903998,26.6881860172247,24.7015780480573,25.472035002344,27.6260570796337,28.9055769867032,26.7162807328814,27.0304204125548,33.031353478032,28.4676925469837,27.5784683520695,..
Pakistan,PAK,"Foreign direct investment, net inflows (% of GDP)",BX.KLT.DINV.WD.GD.ZS,0.38910658649849,0.843517300073237,0.475207711805665,0.845585701616171,1.51575083116461,2.63975006245443,3.03571933817685,2.68936656124595,1.24801305527951,1.02791108080423,0.575055145839944,0.343453048660945,0.515353849332245,0.695308116834202,0.557734356032139,0.821349998064174,0.735837049658425,0.487745750658143,0.696146480411465,0.684695289874347,0.616039439073827,0.389980753542853,0.608281270820624,0.7166886452434,..
Pakistan,PAK,GDP per capita (current US$),NY.GDP.PCAP.CD,609.939506905073,599.937345723927,672.44178669894,771.902247348954,827.619861189926,900.873564984808,998.090114197524,1067.04324565284,963.788066395225,987.304571124485,1131.73513834324,1204.36475491585,1225.4340119198,1266.61340849959,1380.47020838317,1424.69161195897,1519.23459514248,1569.33814626355,1390.41690981745,1278.39735206896,1455.31922370186,1538.3228133171,1360.32417758419,1478.77277977996,..
Pakistan,PAK,Total natural resources rents (% of GDP),NY.GDP.TOTL.RT.ZS,1.8560030372484,2.20000712578415,2.18530023268376,2.449015487971,2.89116676059003,2.74227699834054,2.2305726195064,2.30185926464357,1.83964954460087,2.27972757975705,2.615759800493,2.56305239816052,2.14619455982111,1.9953468853851,1.22522777965692,0.96533124558749,1.10680683630599,1.24123933516406,1.30340484004876,1.12387026995965,1.43561633294011,..,..,..,..
Palau,PLW,"Portfolio equity, net inflows (BoP, current US$)",BX.PEF.TOTL.CD.WD,..,..,..,..,..,..,..,..,..,..,..,..,..,..,..,..,..,..,..,..,..,..,..,..,..
Palau,PLW,GDP (current US$),NY.GDP.MKTP.CD,159446228.027344,162658721.923828,154566787.719727,166363739.013672,190961685.180664,193611358.642578,200789764.404297,201067733.764648,189854705.810547,188042373.657227,198742370.605469,215616882.324219,224110610.961914,245591094.970703,287057525.634766,305227020.263672,292148590.087891,287998352.050781,282041290.283203,261688507.080078,231343460.083008,243826812.744141,276733062.744141,..,..
Palau,PLW,Trade (% of GDP),NE.TRD.GNFS.ZS,..,..,..,..,118.684212734217,126.265837749007,114.786531729944,126.283114552247,111.737676211137,120.658686278989,135.599929518963,143.64119233429,142.194634239769,145.702065814239,126.495484250397,118.020274395929,121.741750995626,117.866019647923,115.461972278731,103.352188901493,81.1478453400346,105.200935152021,106.697590281594,..,..
Palau,PLW,"Foreign direct investment, net inflows (% of GDP)",BX.KLT.DINV.WD.GD.ZS,-0.898020616551961,1.16871076909742,2.97199034007855,4.114502379294,2.07999540108908,17.1907556831123,2.18299929466235,2.35823849904737,1.47000359769063,1.42799947877429,4.18940712246433,10.0359146686676,8.05009176476073,16.2302771563256,12.0474661204968,21.1832490924774,16.3409996213357,17.6226702821727,16.1437355339995,16.8364291162843,13.8676926455966,30.4991067893894,28.8707822649542,..,..
Palau,PLW,GDP per capita (current US$),NY.GDP.PCAP.CD,8239.26354006532,8340.18981304558,7862.3931898737,8393.73052541231,9635.28357539048,9881.65970716981,10402.5367528907,10577.501907762,10147.7741092815,10221.9163762354,10993.6038613491,12137.1732239921,12698.9240118945,13863.4544155068,16154.0532152373,17150.4759377239,16401.7847567871,16166.9671073752,15846.7968470167,14708.2119536914,13009.2481630213,13729.7602761496,15610.8231931032,..,..
Palau,PLW,Total natural resources rents (% of GDP),NY.GDP.TOTL.RT.ZS,0,0,0,0,0,0,0,0,0,0,0,0,0,0,0,0,0,0,0,0,0,..,..,..,..
Panama,PAN,"Portfolio equity, net inflows (BoP, current US$)",BX.PEF.TOTL.CD.WD,..,..,..,..,..,..,..,..,..,..,..,..,..,..,..,..,..,..,..,..,..,..,..,..,..
Panama,PAN,GDP (current US$),NY.GDP.MKTP.CD,12252906340.6841,12800851270.5514,13603456003.2851,15100203361.784,16623906739.3121,18659721513.0123,21717433808.2684,25721327955.2772,27791215547.3487,30231009532.9507,35687738251.8135,41595439720.9767,46949496479.4008,51427104881.9655,55767806073.1781,59760858717.8359,64327688826.3137,67316471181.2488,69778991192.5571,57059846521.5327,67396392506.2378,76479304470.9375,83812155244.3352,86523959131.7472,..
Panama,PAN,Trade (% of GDP),NE.TRD.GNFS.ZS,135.584350668206,126.024482739773,117.267478912327,124.761756836196,139.211164757519,141.472571182754,148.665601032972,164.586286421944,137.046021377188,145.448718647896,158.20839556043,153.208620289839,133.071568994167,114.970604967371,96.5791573893461,84.3959718486228,84.0475372059131,86.1309615270001,80.4286505707227,68.7004234799646,80.1334636057057,93.4752688168442,88.3489105288611,83.6737787798304,..
Panama,PAN,"Foreign direct investment, net inflows (% of GDP)",BX.KLT.DINV.WD.GD.ZS,4.95229444450419,1.93034037172558,7.72303743803259,8.46279993310649,6.6434443919751,15.7789064426648,10.2406205983382,9.29189971900206,3.9059104779012,8.43207037866722,12.3168354603605,8.13045858557062,8.09167357453305,9.6921652724572,9.17966898909828,8.78226076869208,6.34573158684694,6.3940456399755,6.7135041995988,-2.85980025111741,2.71982266254139,3.2250848191713,2.84826789984183,3.74510335231647,..
Panama,PAN,GDP per capita (current US$),NY.GDP.PCAP.CD,3991.77672094655,4090.58616456082,4264.66428949623,4644.56581177581,5017.74110414832,5528.76705854901,6317.8173051466,7347.59049046839,7796.92618363433,8331.46422259967,9662.29590911979,11064.8063662003,12273.3224983788,13213.1989591137,14082.6548434996,14832.3611652459,15694.6297518495,16151.3273433486,16477.9066268111,13290.5608397749,15509.8069124139,17378.6070017557,18797.1933994045,19161.2188501596,..
Panama,PAN,Total natural resources rents (% of GDP),NY.GDP.TOTL.RT.ZS,0.124076228094074,0.123117307933687,0.143856414123735,0.160147634592891,0.0987195742549029,0.127267314799788,0.117743566419889,0.109519193886937,0.14470191986794,0.234720390623527,0.269868830701767,0.260441253310238,0.216897753935313,0.231601530644453,0.138690460109424,0.131004580785833,0.124276365709136,0.0994393790926708,0.31611229608813,0.535097865738947,3.6647948599442,..,..,..,..
Papua New Guinea,PNG,"Portfolio equity, net inflows (BoP, current US$)",BX.PEF.TOTL.CD.WD,..,..,..,..,..,..,..,..,..,..,..,..,..,-5288229.0909889,-883246.178827908,-819693.665764652,..,..,..,..,..,..,..,..,..
Papua New Guinea,PNG,GDP (current US$),NY.GDP.MKTP.CD,3081024212.42924,2999511040.19764,3536411824.2958,3927157866.96465,4865892972.27595,8354911040.70193,9545028944.34579,11670892800.5309,11619456449.266,14250786674.7766,17985138065.8549,21295168665.7247,21261338064.8783,23210823987.308,21723437010.0982,20758876952.6232,22742699138.356,24109780708.0268,24750626029.8777,23848447849.6081,26109413521.3117,31653185952.609,30816367066.9594,31800428265.5246,..
Papua New Guinea,PNG,Trade (% of GDP),NE.TRD.GNFS.ZS,117.580367053663,118.919110291279,123.449069006746,131.082911016249,..,..,..,..,..,..,..,..,..,..,..,..,..,..,..,..,..,..,..,..,..
Papua New Guinea,PNG,"Foreign direct investment, net inflows (% of GDP)",BX.KLT.DINV.WD.GD.ZS,2.05072450909515,0.672123736108209,4.76766811241029,0.828665064000147,0.821562762714584,1.53859475240196,1.36861708392094,0.410070468415145,3.61496051286185,0.249749808529939,0.202496658911332,0.135226482435046,0.126069328063533,0.126824295087963,0.138228028178879,-0.188417025477419,-0.788236305745218,1.27185526445477,1.35581279394242,0.473794497066331,-0.131822921345615,3.76981381554657,0.140519776766319,-0.6236311790975,..
Papua New Guinea,PNG,GDP per capita (current US$),NY.GDP.PCAP.CD,537.847459634131,506.331789534482,577.467922387259,620.596147680561,744.486489977433,1238.18282926706,1370.753415829,1624.79319935188,1568.83193368607,1866.86889851208,2288.37591141234,2635.0873631547,2560.77458976327,2723.17529825196,2484.5963398603,2316.39479758492,2477.76530986323,2566.36833735041,2575.77274140393,2429.61134585269,2607.57861874444,3102.28968594061,2966.06830432055,3006.70564478923,..
Papua New Guinea,PNG,Total natural resources rents (% of GDP),NY.GDP.TOTL.RT.ZS,17.505282726103,19.8483010320863,22.084810442314,28.790794029329,31.2020381442888,27.4026305651904,24.2068320642901,25.3611419818964,18.9071661714619,27.8968249359842,26.2680889498874,15.8152886420978,11.6658602971436,14.02772535223,12.7384528214768,14.3368397378808,16.0436340949199,16.921880825492,13.8152037166577,11.9417254747487,27.3866812481734,..,..,..,..
Paraguay,PRY,"Portfolio equity, net inflows (BoP, current US$)",BX.PEF.TOTL.CD.WD,..,..,..,..,..,..,..,2927403.94171446,879050.542881214,1446272.48065223,9603160.62983533,1897295.61902439,8420664.40690354,8582707.5390118,14523532.851956,20361949.6558635,-5113428.18053227,-2384187.26843023,12340493.8201926,17107304.3827808,16745766.2730384,18689350.8583911,96669772.8508425,24231596.4442683,..
Paraguay,PRY,GDP (current US$),NY.GDP.MKTP.CD,8495806432.18467,7196260656.84556,7691367471.17992,9624440836.29309,10737500188.1123,13429430050.261,17856393235.4338,24615267663.5385,22355151162.0031,27260886405.2341,33756238766.4931,33271921136.3071,38501122141.4135,40377929295.6522,36211447840.1027,36089700222.9546,38997129473.5613,40225448340.6341,37925338329.156,35432178068.1756,39950899938.7474,41952910858.0846,43118053174.5461,44458118397.4445,..
Paraguay,PRY,Trade (% of GDP),NE.TRD.GNFS.ZS,72.6056990118238,79.4415656482927,81.1273637701163,80.1044466155542,85.0219636540457,84.7335313048126,79.0011374202968,80.7775746572591,70.8419818624334,81.2575233746789,78.4921238489902,74.7649574561086,73.369871384133,69.0837249630891,66.9150655259457,67.7593152322119,71.0801344038459,72.0692236259495,71.2221617342433,62.7602174748575,69.74227302112,73.7379050218566,82.4052107741573,76.8311565430624,..
Paraguay,PRY,"Foreign direct investment, net inflows (% of GDP)",BX.KLT.DINV.WD.GD.ZS,1.16763488895181,1.25620797120523,-0.750191694990596,0.976461922292792,0.067986029076693,1.39842122336644,0.588024684579866,1.83503669212255,0.860674450934396,2.76173378510708,1.95875255092925,2.61172771954696,1.13236628162524,2.5135375460501,2.22350808882639,2.27032682691763,1.9468132140751,0.787454987833137,1.28022785728015,0.816723740272366,1.46195175389463,2.03844719825164,2.57834141880415,2.46843780233781,..
Paraguay,PRY,GDP per capita (current US$),NY.GDP.PCAP.CD,1637.68615122932,1367.76506935997,1443.99885236205,1786.21533938543,1970.87169852378,2439.43124694576,3211.93621659546,4384.95469437803,3941.84815479431,4750.96273669458,5805.40154542925,5642.16991672846,6435.68342733004,6652.25478942461,5879.33792308762,5775.15963399596,6152.2671153779,6258.44991640984,5821.18199548738,5365.47220721104,5976.93179789949,6205.62595379319,6299.99026533713,6416.09708970845,..
Paraguay,PRY,Total natural resources rents (% of GDP),NY.GDP.TOTL.RT.ZS,1.60887106842193,2.06807979138211,2.14219181665103,1.64919367692685,1.6488717465954,1.92110670134396,1.74879846359446,1.53670993415519,1.62701325231846,2.08299287196264,1.67187532266737,1.69034010085165,1.6980914846184,1.68579710915118,1.69931574477657,1.89364402448299,1.68483913659766,1.51126155574886,1.37779411178328,1.68263325547904,1.34701587848651,..,..,..,..
Peru,PER,"Portfolio equity, net inflows (BoP, current US$)",BX.PEF.TOTL.CD.WD,42619941.34,-9100000,600000,-46948019.5003047,769081658.647505,-44996232.7,69670422.45,84730386.4399999,46739192.11,86565455.63,147136801.14,-142447844.840001,584764362.77,-79450788.9900001,-59736555.37,-306826681.979999,-172395427.610001,-442145316.220001,-511269228.68,-208714504.501146,-154293349.871041,-109604129.469247,-23612451.6100943,20059031.5105278,..
Peru,PER,GDP (current US$),NY.GDP.MKTP.CD,52030158775.4055,54777553515.0809,58731030121.8671,66768703497.5687,76060606060.6061,88643193061.748,102170981144.136,120550599815.441,120822986521.479,147527631520.729,171761737046.585,192650021648.583,201175543571.392,200786250582.943,189802976285.619,191898104390.379,211007984080.911,222597009739.235,228346006003.648,201409694755.934,226328766459.634,246065570308.155,266958720837.988,289221969062.941,..
Peru,PER,Trade (% of GDP),NE.TRD.GNFS.ZS,35.0644014310212,35.2491813317695,37.6246103251002,41.9360782679273,47.3573174768394,51.7850560338442,55.6881132836815,58.4337673899053,48.1119296153519,51.6728089370033,55.9882802838607,52.6198952632294,49.7871424471444,46.8531210912899,45.1627686891148,45.3888411964154,47.5135503619971,48.631470171736,46.9435053754409,44.245967197744,55.427249365522,57.2969759649721,50.7851842068664,51.4758878672647,..
Peru,PER,"Foreign direct investment, net inflows (% of GDP)",BX.KLT.DINV.WD.GD.ZS,2.19922450158059,3.93562084538866,2.27308642513175,2.39489207548148,3.39034816926813,3.91065680458787,5.37428655925625,5.74335697642786,5.32237544034606,5.73087732837535,4.47262658184166,7.36173683394684,4.75734900182415,2.12302965027806,3.86551316954964,3.54628188735842,3.5133314939664,2.63824619479376,2.09128983397663,0.329387076302566,3.15570902335973,4.55221582089149,1.62534746680837,2.35092628744149,..
Peru,PER,GDP per capita (current US$),NY.GDP.PCAP.CD,1929.57273038846,2007.37019626753,2129.44114197634,2397.25147277714,2706.66947297608,3129.55996496982,3581.0893081917,4197.58444634142,4181.18755462253,5072.11494019615,5861.35793645245,6519.37852981527,6746.80025696601,6667.13410360861,6231.71150338894,6217.03599995447,6736.16693725487,6978.49121548627,7037.00803692604,6133.32552410183,6826.20255614477,7350.63034300417,7887.54185920108,8452.37167056621,..
Peru,PER,Total natural resources rents (% of GDP),NY.GDP.TOTL.RT.ZS,1.87027989928496,2.00486620297994,3.0037165322875,6.234603660457,7.82322862890974,13.4308080436867,14.213314090691,12.0258973772881,8.9210124490135,11.2141792512141,12.7665949125059,9.99927931288698,7.65420483078558,5.66292821656372,3.91148648466656,4.40523816648386,5.8962563954339,5.95602611154103,2.49912146958912,3.97961448773443,12.7247082349187,..,..,..,..
Philippines,PHL,"Portfolio equity, net inflows (BoP, current US$)",BX.PEF.TOTL.CD.WD,125000000,227000000,500000000,518000000,420204861.931376,1347624427.66877,1137015575.96923,-461934151.786347,308135076.160642,832557874.699453,1039784998.24969,1752533435.94995,-34050676.665343,1195504333.29828,-742762487.64689,130769000.976179,495746837.035199,-1031400031.38045,1763918173.33869,-2541024579.62272,-975416699.357454,-488059403.09062,-443746232.260634,-86780527.081866,..
Philippines,PHL,GDP (current US$),NY.GDP.MKTP.CD,78921234457.5487,84307345887.543,87039092974.2272,95001999685.3314,107419977318.166,127652926368.069,155980408673.403,181624626327.361,175974755881.372,208368893151.144,234216730291.32,261920540962.63,283902828588.718,297483555338.044,306445871242.322,318627003016.731,328480736802.76,346841896587.313,376823402239.136,361751145451.597,394087359848.11,404353369604.631,437055627244.424,461617509782.355,..
Philippines,PHL,Trade (% of GDP),NE.TRD.GNFS.ZS,84.9003886237531,83.8448040937789,87.5746443636636,87.1252848232048,83.8456745708051,80.8505386728775,73.6449799920629,67.6810707730401,60.8865907869758,66.1042785137797,60.7958366999075,57.8420055133082,55.8247812320298,57.4681720875945,59.1415921053094,61.7760657653871,68.1683697426727,72.1633982990273,68.8418422595678,58.1695603022281,63.4846098136712,72.4296836107599,67.4199693173966,65.8854725286968,..
Philippines,PHL,"Foreign direct investment, net inflows (% of GDP)",BX.KLT.DINV.WD.GD.ZS,0.96298544393499,2.09827504516588,0.565263243432102,0.623144777963454,1.54906009249231,2.12091886479217,1.87121245887706,0.737800589215242,1.17324821246427,0.513698049517659,0.856963002985963,1.22763000703119,1.31642638378197,1.92937522802216,1.84018010717942,2.59850803494211,3.12238778404896,2.86833826070497,2.30117498598294,1.88586363211171,3.04078855310045,2.3475097233369,2.0421035482067,2.03595540906242,..
Philippines,PHL,GDP per capita (current US$),NY.GDP.PCAP.CD,969.530611744453,1014.90879320106,1027.2301192843,1099.63013023758,1220.46018559867,1426.14649179546,1712.65543282793,1959.29233534978,1864.45043406471,2162.91375885614,2383.91892522087,2614.61644401308,2781.27957677397,2866.83803761407,2909.85818010301,2985.19564024046,3038.12124959289,3168.51036609727,3400.78949767074,3227.57910235199,3484.38593882819,3548.06930572116,3804.08274131097,3984.8315387656,..
Philippines,PHL,Total natural resources rents (% of GDP),NY.GDP.TOTL.RT.ZS,0.364822695488848,0.559004078335385,0.772663756762627,0.875871134569893,0.891170286368252,1.4699734534733,2.90665631792163,1.52340699760132,1.1747398877258,2.11755801672482,2.84367320905718,1.55356736359168,1.1859412840883,1.5089650931856,0.758148274430124,0.661597167675748,0.964596437230551,0.943783444739612,0.78530018741462,0.764112790267085,1.97263339590791,..,..,..,..
Poland,POL,"Portfolio equity, net inflows (BoP, current US$)",BX.PEF.TOTL.CD.WD,-307000000,-545000000,-837000000,1660000000,1331000000,-2129000000,-470000000,566000000,1580000000,7062000000,3110000000,3831000000,2796000000,3377000000,5413000000,-2514000000,1468000000,957000000,346000000,-3628000000,606000000,-1247000000,680000000,1851000000,..
Poland,POL,GDP (current US$),NY.GDP.MKTP.CD,191823200371.284,199694463255.567,218561225998.47,256268656145.134,306999913150.525,345897630736.173,429715132137.503,535612030671.888,440891472247.096,478111630683.514,527848543023.469,498148649702.66,518179836405.36,542134167178.627,480054118583.367,473259583969.643,528356676667.211,594616687350.017,602683770144.88,605914237903.742,689170230665.35,695607470875.276,812451193396.143,917767106146.761,..
Poland,POL,Trade (% of GDP),NE.TRD.GNFS.ZS,57.8785312712895,60.7967990573911,69.2134479841788,70.9815765694162,70.3114790902584,77.7008035402352,80.745399056691,80.5746815569207,74.9685965264269,82.2258523219922,86.9236892837618,88.8299033066583,90.4175072415629,92.0340197113178,92.2554272741942,96.8659028060623,100.56589524628,102.442462168005,101.581033817373,99.2590912303436,110.874283021945,123.021332860345,110.024935041815,100.359442847164,..
Poland,POL,"Foreign direct investment, net inflows (% of GDP)",BX.KLT.DINV.WD.GD.ZS,2.95949603020482,2.04862965818155,2.45743497066474,5.41150845702569,3.59641795552772,6.20790606582043,5.82502177093229,2.7209993736918,3.18105494953636,3.94489462074706,3.57128957712437,1.52886091421625,0.258983446617592,3.85089176515991,3.29546177974363,3.81608753667806,2.37812836572029,3.34803923662527,3.15455649244208,3.31499059495462,5.44306737738578,6.00626096603428,4.38918673390545,2.24523191798779,..
Poland,POL,GDP per capita (current US$),NY.GDP.PCAP.CD,5015.23790036613,5223.45178967082,5720.81366178104,6711.72715262967,8043.92332253757,9068.85528307627,11272.5293683383,14048.5604672654,11556.3026866026,12567.7317676382,13867.6669408192,13087.420943321,13621.9023794031,14262.2841914116,12637.5220324406,12464.0110508476,13913.3402919927,15658.2120316794,15874.5220531254,16150.9304813473,18635.5104895754,18891.2121169279,22145.2660647429,25103.565661423,..
Poland,POL,Total natural resources rents (% of GDP),NY.GDP.TOTL.RT.ZS,0.785713115899639,0.565655329458689,0.598445982092893,1.44432044481015,1.16882023675091,1.60097843809302,1.36253196224239,2.04775399554984,1.14376244780615,4.33027218366267,5.71416347861788,3.79887246755542,3.33330904653522,3.15767703778128,1.29098319489632,2.02624729962296,3.06146096477289,2.71315064903734,0.671601200907606,0.535468929487005,1.03024380772929,..,..,..,..
Portugal,PRT,"Portfolio equity, net inflows (BoP, current US$)",BX.PEF.TOTL.CD.WD,2371957994.86195,3224778027.82608,9866130426.7809,7252007985.4979,5198230777.28455,3519894828.4517,304575505.084555,9025220010.12182,2986894704.98557,-1107343382.82831,-9212565168.47262,-10006793735.7721,-241049424.924059,1920822327.81846,-943315267.827,-1079181928.42785,484696879.347745,-258038190.311357,-1015047180.14068,-274810120.329158,1967680503.60753,58104386.3771628,792231666.413433,-1353747622.61907,..
Portugal,PRT,GDP (current US$),NY.GDP.MKTP.CD,121604107164.997,134795565549.419,165226175536.793,189382122532.169,197253876704.921,208756449275.848,240496147317.381,263416394624.084,244667762835.543,238443864993.217,245426767676.002,216536676771.973,226677408291.745,230078616299.675,199038523119.639,206305431241.638,220862990767.229,242092894542.888,240115970063.019,229618773422.577,256055879091.139,256898677175.024,292323800948.839,313271185085.102,..
Portugal,PRT,Trade (% of GDP),NE.TRD.GNFS.ZS,65.0919551771122,62.3082594169772,61.1389474883653,63.2045936670279,62.944504560452,68.5470531182009,69.9461175817991,72.0757429221604,61.4926935267759,67.6892401927983,73.0075756700531,75.9411067187813,78.0305056874282,80.220669072079,80.6346756266443,79.5223464844001,84.8077923069539,86.7356954918399,86.7709889083586,76.5086407209215,85.8735452148975,101.364146479435,93.1358537072038,89.696408854026,..
Portugal,PRT,"Foreign direct investment, net inflows (% of GDP)",BX.KLT.DINV.WD.GD.ZS,5.02761444190448,0.436137292252839,6.26697257909762,1.312247289237,1.70741232717781,6.41633004151996,2.50093088549298,2.96892594201258,2.35133912553896,3.77376819569615,4.23648756430888,7.21535195239496,6.43654323197598,5.43851031792652,0.63522205292535,3.56282992803299,5.02041551787587,3.46584287446499,4.5038935303436,1.8141455418251,3.60836004516304,5.08368921917484,3.96325428743124,4.30503475485494,..
Portugal,PRT,GDP per capita (current US$),NY.GDP.PCAP.CD,11734.7649743954,12936.6928204482,15797.7821340276,18064.1580932987,18780.12751241,19839.4540499032,22811.0564844365,24949.0413566739,23151.2154130712,22551.935098809,23246.5425416481,20593.4274224109,21676.4859642714,22120.6850127107,19215.7813014347,19980.2808866516,21442.3842768879,23541.1401075289,23343.3628970034,22299.4044062173,24711.4510062111,24620.5197587181,27634.6183139773,29292.242104753,..
Portugal,PRT,Total natural resources rents (% of GDP),NY.GDP.TOTL.RT.ZS,0.114793187807955,0.116829503783309,0.113795339898129,0.150870867227772,0.164403580588561,0.282892334825025,0.276602758813046,0.240482694574169,0.110113966795685,0.219238742769667,0.244908396407978,0.259819202336753,0.196206023994317,0.204731493524196,0.159709580402046,0.158382699146323,0.191626691576631,0.240667367524237,0.221431953517005,0.200282467054982,0.291415692065373,..,..,..,..
Puerto Rico (US),PRI,"Portfolio equity, net inflows (BoP, current US$)",BX.PEF.TOTL.CD.WD,..,..,..,..,..,..,..,..,..,..,..,..,..,..,..,..,..,..,..,..,..,..,..,..,..
Puerto Rico (US),PRI,GDP (current US$),NY.GDP.MKTP.CD,69208400000,71623500000,74827400000,80322313000,83914521300,87276164400,89524131600,93639300000,96385600000,98381300000,100351700000,101564800000,102450000000,102445800000,103375500000,104336700000,103445500000,100958100000,105126400000,103130900000,106426600000,113843700000,118478754280.882,126029527033.705,..
Puerto Rico (US),PRI,Trade (% of GDP),NE.TRD.GNFS.ZS,109.88564971882,106.32948683044,118.84015748242,117.000863757497,113.744794728395,117.728477994388,117.595779058079,116.277994389108,105.262196842682,104.153228306599,108.558400106824,103.311186552821,104.89224011713,102.385456504805,108.880634192821,110.274045470098,113.131649032582,106.001202479048,107.571456836722,103.509811317462,96.7453625315476,98.2564691765992,101.657550951677,94.6225085555605,..
Puerto Rico (US),PRI,"Foreign direct investment, net inflows (% of GDP)",BX.KLT.DINV.WD.GD.ZS,..,..,..,..,..,..,..,..,..,..,..,..,..,..,..,..,..,..,..,..,..,..,..,..,..
Puerto Rico (US),PRI,GDP per capita (current US$),NY.GDP.PCAP.CD,18123.1987019918,18731.4593897378,19557.1202492358,20988.9923326534,21959.322696986,22935.9411586313,23664.8823485096,24898.3345857045,25768.7258883384,26414.8810634548,27170.0766543278,27742.024476618,28212.0499737431,28576.0988023209,29242.041465085,29978.0889268918,30328.479490518,30679.9181934488,31830.5284993358,31427.1130762831,32619.0704601174,35353.6821570014,36980.7884784287,39343.7154660139,..
Puerto Rico (US),PRI,Total natural resources rents (% of GDP),NY.GDP.TOTL.RT.ZS,0,0,0,0,0,0,0,0,0,0,0,0,0,0,0,0,0,0,0,0,0,..,..,..,..
Qatar,QAT,"Portfolio equity, net inflows (BoP, current US$)",BX.PEF.TOTL.CD.WD,..,..,..,..,..,..,..,..,..,..,-902994505.494505,-925384615.384615,615934065.934066,2482417582.41758,115934065.934066,1728021978.02197,290659340.65934,2267032967.03296,1337362637.36263,-503571428.571428,1944505494.50549,4802472527.47252,483516483.516483,-733241758.241758,..
Qatar,QAT,GDP (current US$),NY.GDP.MKTP.CD,17538461538.4615,19363736263.7363,23533791208.7912,31734065934.0659,44530494505.4945,60882142857.1429,79712087912.0879,115270054945.055,97798351648.3516,123627197802.198,167775274725.275,186833516483.516,198727747252.747,206224725274.725,161739835164.835,151732142857.143,161099175824.176,183335164835.165,176371428571.429,144411538461.538,179732142857.143,235709340659.341,217308516483.516,219162637362.637,..
Qatar,QAT,Trade (% of GDP),NE.TRD.GNFS.ZS,94.968671679198,88.4697236252199,90.1649486943021,90.3724288385622,94.7455441696331,98.570919313572,96.1141057101106,89.4328416546905,80.1441629727012,87.1111970364642,98.7216351018991,105.746286433535,102.383154379024,99.0343138952759,93.7076739370818,89.5476231430097,91.4945574785855,91.838343273294,90.0462934117559,90.0189857283633,92.7790897626963,100.213640845612,..,..,..
Qatar,QAT,"Foreign direct investment, net inflows (% of GDP)",BX.KLT.DINV.WD.GD.ZS,1.68498245614035,3.2221054423699,2.65541575709466,3.77817958307362,5.61413033419499,5.74881210770224,5.89621991232182,3.27806417009269,8.3076413079166,3.77775259249383,0.559389030984015,0.211888706229028,-0.422882374002756,0.504490726802349,0.662099797361452,0.510044269018025,0.612038519716031,-1.19249557946474,-1.59472392179342,-1.68550654608129,-0.608353395238639,0.0322850595933247,-0.21820397647038,0.209965001654649,..
Qatar,QAT,GDP per capita (current US$),NY.GDP.PCAP.CD,25870.7991864314,27226.6593510117,31602.470865136,41035.5008380177,53949.6764091147,62582.4453138755,65954.3419525051,80781.4039187792,60785.7351551657,76462.6119486736,103261.510293068,108470.387023229,103697.062789144,95840.6898934238,68985.2433380102,61253.6217997091,63279.8767486216,71039.9308240078,66841.3623185691,51683.5681078949,71751.9363398856,88701.4689763536,81816.9797967481,76688.6941743178,..
Qatar,QAT,Total natural resources rents (% of GDP),NY.GDP.TOTL.RT.ZS,42.0793085562037,37.9053779549672,39.0219328822431,39.9025622867651,43.620803037963,39.1119310588412,35.6959140693704,36.928035954367,29.0898330327173,32.4299374160987,36.7182426077088,35.1062400831471,32.063390113225,27.6978144663127,19.0641343344092,15.9817678598717,18.8986723864413,23.9995278669173,22.3739866660968,20.2259593186526,27.2897873992471,..,..,..,..
Romania,ROU,"Portfolio equity, net inflows (BoP, current US$)",BX.PEF.TOTL.CD.WD,8000000,21000000,69000000,111000000,232210719.422014,302593655.106679,742056406.512231,21132360.60818,6755842.41724002,3437242.67270627,-38290891.3040163,408323207.598551,1054061124.14664,534835681.817056,361658058.660047,-459356569.61053,-61144311.8438111,-479265394.411379,-656140789.492825,-860716627.959871,-146186541.441152,-301782898.64844,-276785586.218743,-563091059.331534,..
Romania,ROU,GDP (current US$),NY.GDP.MKTP.CD,40395116581.4832,46065502702.5817,57806384143.166,74973656851.8076,98454380120.0761,122023735992.706,174588782938.583,214315932061.275,174110532658.867,170064350671.827,192623977894.173,179117323107.087,189798603751.235,199722319675.741,177885131240.315,185290759248.844,210147385855.419,241791427223.903,250080428511.595,250625048303.578,285071280114.469,295319437556.988,347757995758.914,382564217988.866,..
Romania,ROU,Trade (% of GDP),NE.TRD.GNFS.ZS,51.9285910211481,53.7102478139376,56.1795270470243,60.6264786669408,59.3605494490555,61.6836259265159,63.5051566734658,65.1752009979412,58.4700583666529,69.9549354932718,76.271356441629,76.5943239913672,81.3976131747183,83.3751429575201,83.5205767017155,85.8925282906884,87.1560645667801,87.0911701095809,84.9063630584793,78.3616463562709,87.0711965460145,93.9496509383447,83.3753324062231,77.2149837939003,..
Romania,ROU,"Foreign direct investment, net inflows (% of GDP)",BX.KLT.DINV.WD.GD.ZS,2.8642076020901,2.48342020141655,3.18995908035532,8.59368512961184,6.60067175776297,9.02006052535516,5.78679016158104,6.37741866098849,2.66364407064905,1.88971859139686,1.23042689104897,1.70143772893217,2.03100513989555,1.9372882717301,2.42725822119064,3.37417569649644,2.8327307446025,3.03714660753952,2.94522918789332,1.43737355732839,4.12834531077957,3.88647349252643,2.50426860654842,1.87134949618788,..
Romania,ROU,GDP per capita (current US$),NY.GDP.PCAP.CD,1825.19299373184,2119.85509684554,2679.40626016154,3494.99056448955,4618.00350802913,5757.53127301178,8360.33775916596,10435.1561230787,8548.4543409242,8399.5374234284,9560.6755277458,8929.95366231474,9497.67411615237,10031.7710755404,8977.01748158196,9404.54005870715,10727.9822007426,12416.134317959,12909.6104013244,13009.1770573223,14907.9803652143,15503.551804598,18244.4186876321,20080.2096215595,..
Romania,ROU,Total natural resources rents (% of GDP),NY.GDP.TOTL.RT.ZS,3.50818907610252,2.7112003162552,2.46447091859139,2.42710528670431,1.9812708693419,2.07748693260267,1.63281122949123,2.1230453115181,1.43548196399429,1.71353438994212,2.28817644873145,2.18833144039798,1.87595138869643,1.51017281377838,0.975979399576012,0.688993508362941,0.884924035595192,1.07026334712177,0.798252105262357,0.508984051380759,1.144376067244,..,..,..,..
Russian Federation,RUS,"Portfolio equity, net inflows (BoP, current US$)",BX.PEF.TOTL.CD.WD,542440000,2626180000,421840000,255740000,-163270000,7234450000,18399240000,-15383090000,3762720000,-4885280000,-9795690000,1162400000,-7625040000,-12966280000,-5538270000,-1788020000,-7939870000,-4163860000,-4320080000,-14794120000,-11035620000,-16519413829.4796,-2427190000,-2454790000,..
Russian Federation,RUS,GDP (current US$),NY.GDP.MKTP.CD,306602070620.5,345470494417.863,430347420184.885,591016690732.385,764015973481.11,989932071352.543,1299703478481.65,1660848058303.11,1222645900055.7,1524916715223.95,2045922753398.04,2208293553878.42,2292470078346.22,2059241589895.01,1363482182197.71,1276786350881.14,1574199360089,1657328773461.31,1693115002708.32,1493075894362.14,1829186719575.1,2291612121334.64,2071505725030.58,2173835806671.66,..
Russian Federation,RUS,Trade (% of GDP),NE.TRD.GNFS.ZS,61.1108586644206,59.6454457319607,59.1282690076014,56.5818523984055,56.7132484905422,54.733401867266,51.7061227454606,53.3824660408908,48.4350610278181,50.3555054872589,48.0353994077919,47.1513903857957,46.287149400499,47.8013412628116,49.3593493116887,46.5181198396096,46.8765243371311,51.5809003703964,49.2287536619033,45.9669082029127,50.5861954621752,42.7827864294811,40.8343264105273,39.5081647660396,..
Russian Federation,RUS,"Foreign direct investment, net inflows (% of GDP)",BX.KLT.DINV.WD.GD.ZS,0.928663004211825,1.00553594478556,1.84237888462157,2.60618528064118,2.02980703784767,3.7977120943899,4.29895594841933,4.50269424864822,2.99212552042529,2.8308286983175,2.69236118071968,2.29079869889368,3.01940211363344,1.0698764102333,0.502607961400285,2.54849998807899,1.81409297475419,0.530060790633169,1.88851731564914,0.634851184443604,2.21136527873962,-1.73680981421063,-0.484918766027148,-0.430126781944773,..
Russian Federation,RUS,GDP per capita (current US$),NY.GDP.PCAP.CD,2100.3525390625,2377.52954101563,2975.123046875,4102.36474609375,5323.455078125,6920.19970703125,9101.2392578125,11635.2841796875,8562.82421875,10674.990234375,14305.33203125,15401.8515625,15941.4482421875,14055.47265625,9277.7138671875,8663.158203125,10658.9130859375,11211.8876953125,11447.701171875,10108.3271484375,12425.029296875,15619.6142578125,14159.3876953125,14889.0185546875,..
Russian Federation,RUS,Total natural resources rents (% of GDP),NY.GDP.TOTL.RT.ZS,19.5086027305984,16.9811963787946,16.8227791604724,16.4102250034065,17.4165849709082,18.0379914298715,15.7870611841198,19.1049787037836,14.4591281726985,13.6767287816453,16.2675600700583,14.293372457197,12.799885012616,12.4271978897589,9.761666714108,8.19418914130003,9.71546623895349,14.4734868157828,12.2071140110196,7.58812544004463,18.5109394363314,..,..,..,..
Rwanda,RWA,"Portfolio equity, net inflows (BoP, current US$)",BX.PEF.TOTL.CD.WD,..,..,..,..,..,..,..,..,..,7544764.12777186,87555423.8881942,5935622.62914553,1703009.5,1358592.18,2541764.21285118,3000000,309460.02,5775825.08,2887912.54,1008212.49,4792195.60281272,4263436.00534016,5592974.1443022,6114518.98325837,..
Rwanda,RWA,GDP (current US$),NY.GDP.MKTP.CD,1966600715.49841,1966003468.49117,2138237278.73822,2376496067.01198,2933819766.17656,3319784538.73346,4070507894.61656,5179854064.57033,5674476969.06444,6124756654.12346,6884913658.10632,7654761050.18587,7819964030.17937,8238966124.23115,8543760199.80208,8695272057.91798,9252833891.40871,9637904520.86283,10349300276.7623,10174386856.6101,11078787090.1564,13316161002.3912,14331722703.4134,14251642235.0968,..
Rwanda,RWA,Trade (% of GDP),NE.TRD.GNFS.ZS,29.1989094376925,27.6094381162173,29.3106242354101,33.4616731030871,34.2165383418652,33.2214370724059,35.9709731972278,37.6045108548055,36.8056280084816,37.2788790923351,39.71610247751,40.5408629987193,42.6934924295362,43.902733691075,45.2019756159103,49.4849071069892,53.6752674177253,55.7841263739603,57.9756628637954,55.1879515519855,54.2938318463367,61.1450795033651,64.9069041420041,69.9544135680561,..
Rwanda,RWA,"Foreign direct investment, net inflows (% of GDP)",BX.KLT.DINV.WD.GD.ZS,0.940709512317624,0.0762969152415173,0.219807223769547,0.324006427230548,0.271318643761601,0.923071050017332,2.02144725253631,1.97476605952382,2.0912940636988,3.52981463633808,1.62859755954292,3.52219420805752,2.98932057367113,3.81112336248267,1.89710171173713,3.21723490346275,2.96153582649288,3.79950138241727,2.54289979218123,1.49998346928248,2.10659286861252,2.29121488787355,3.19322395833009,4.02009319742237,..
Rwanda,RWA,GDP per capita (current US$),NY.GDP.PCAP.CD,237.308846200901,234.043016755733,249.012274982252,269.540446333402,324.016863847189,356.995022901154,426.234183487629,528.326391755502,564.039095842449,593.624927744346,651.133677964662,706.817269168561,704.92421851123,724.957526520906,733.998629882494,729.519133812945,758.300966509647,771.773511207309,810.051412137354,778.701498925026,829.544845263697,975.469323735369,1027.03446826565,999.65456165547,..
Rwanda,RWA,Total natural resources rents (% of GDP),NY.GDP.TOTL.RT.ZS,5.37510520142139,6.4377693588679,9.07682974388652,7.02043949824649,5.9570253928291,5.2964919730077,6.22572427896954,8.30580145177946,6.935422955435,6.48655252910732,6.99565680326328,6.39423290634701,6.50475580749802,6.4521550362679,5.77813915585401,5.99862102587479,6.01492971463291,4.71387568610559,3.81709032313618,4.10481845130795,4.01723634071877,..,..,..,..
Samoa,WSM,"Portfolio equity, net inflows (BoP, current US$)",BX.PEF.TOTL.CD.WD,..,..,..,..,..,..,..,..,..,..,..,..,..,..,-107208.299372108,-38113.5744531423,..,..,671783.800040803,-18955.914175114,-30960.4697027215,1689190.02738255,1948622.52701725,2083200.43093209,..
Samoa,WSM,GDP (current US$),NY.GDP.MKTP.CD,266299591.479428,281790134.211972,333426188.41876,407747565.096959,476801793.159429,499923757.780736,573548459.833372,641346191.664776,628006115.424052,680260907.153983,744097050.169115,773141661.165548,797736334.281305,796683519.593842,824150498.653536,843924796.697421,884844384.463214,878448433.404342,912950466.064906,868884902.953089,859724936.05765,889554711.842341,1044909500.02527,1175749785.65113,..
Samoa,WSM,Trade (% of GDP),NE.TRD.GNFS.ZS,..,87.9199711386734,76.272148769255,72.5293703149674,76.2247442670718,82.4691938417408,83.2022041824641,73.8864270586579,75.9793921615973,78.5698016774915,81.600955014363,82.7339794775292,77.877751737476,80.5007740440855,74.6343545643839,75.2118171706314,74.011085031494,78.9349676190658,83.3310820410377,77.4848006217247,59.7697791857954,60.8477796541449,80.8405125235965,79.5241461770504,..
Samoa,WSM,"Foreign direct investment, net inflows (% of GDP)",BX.KLT.DINV.WD.GD.ZS,0.531202467169116,0.567585520505441,0.817062394804595,0.60844907406956,0.78935616966683,4.3862032048739,1.18938989753826,7.15667986967314,1.57134083023162,0.0494567694984404,2.0416002953816,2.69957638721683,1.72885382959682,2.86810154101309,3.26002743040368,0.298684612802242,1.04146807605773,1.90261035583233,-0.238656491573744,0.509397965194954,1.04090555935629,0.539647016745273,0.229294017897832,0.318181346491415,..
Samoa,WSM,GDP per capita (current US$),NY.GDP.PCAP.CD,1453.87021324606,1527.55790455937,1798.12429714048,2189.26042607992,2550.04221437511,2663.29135939532,3038.61904093377,3373.60639884263,3279.18269477295,3524.2479246203,3821.50678264479,3934.60320799981,4023.5254013825,3982.68080202084,4084.36083819933,4147.07097674888,4307.59381964907,4231.81409469194,4351.94234943706,4099.59660548583,4021.55934894283,4132.44717734444,4822.74084650019,5392.87761915762,..
Samoa,WSM,Total natural resources rents (% of GDP),NY.GDP.TOTL.RT.ZS,0.551007408390949,0.567747940965295,0.558162847387572,0.403326023249032,0.311289651963659,0.259331274861089,0.330598374650033,0.468263247489721,0.443535455037048,0.410594291707161,0.479148651100215,0.39649921551572,0.354470433710273,0.514371821253179,0.385043626528853,0.425429774129313,0.482469410561221,0.264678611319933,0.232259603701569,0.301640791056231,0.280275449205485,..,..,..,..
San Marino,SMR,"Portfolio equity, net inflows (BoP, current US$)",BX.PEF.TOTL.CD.WD,..,..,..,..,..,..,..,..,..,..,..,..,..,..,..,..,-650888.403447065,2936958.28479367,-9193604.92907433,-1073796.83716107,-2046183.31508523,698961.033560314,5473085.52455303,..,..
San Marino,SMR,GDP (current US$),NY.GDP.MKTP.CD,1059529812.37456,1148872072.38556,1462590266.59186,1715340542.988,1786514058.22344,1909765165.43137,2188654628.38097,2403213305.03601,2064277126.41466,1881191925.32503,1813717438.69134,1604701299.43546,1678741475.14095,1673911426.17254,1419401070.56043,1468343139.74326,1528620346.31168,1655353653.05934,1616340692.28937,1541248248.80727,1855652786.18368,1829211863.9476,2027527227.831,..,..
San Marino,SMR,Trade (% of GDP),NE.TRD.GNFS.ZS,..,..,..,..,..,..,..,..,..,..,..,..,..,..,321.364013420909,320.146089060708,313.85032377067,309.487956436918,307.264778080283,304.903167579063,342.470174007962,370.436071813414,340.983395012486,..,..
San Marino,SMR,"Foreign direct investment, net inflows (% of GDP)",BX.KLT.DINV.WD.GD.ZS,..,..,..,..,..,..,..,..,..,..,..,..,..,..,..,..,..,..,..,..,6.75333409502216,3.92890134686182,-0.893347982047045,..,..
San Marino,SMR,GDP per capita (current US$),NY.GDP.PCAP.CD,39035.1034290445,41790.8432718184,52529.9093701059,58232.0176184948,59877.8005839737,63270.7780755157,70124.4634385624,75902.1320521765,62428.9943269418,56543.1898204098,55601.3929703047,47945.8991734281,50807.8289138024,51260.4938347125,43146.8240435428,44359.4797662688,45192.0279766943,47950.6880557136,46630.1443120725,44326.9556746411,54176.4798021628,54190.8417700372,59879.7173015651,..,..
San Marino,SMR,Total natural resources rents (% of GDP),NY.GDP.TOTL.RT.ZS,0,0,0,0,0,0,0,0,0,0,0,0,0,0,0,0,0,0,0,0,..,..,..,..,..
Sao Tome and Principe,STP,"Portfolio equity, net inflows (BoP, current US$)",BX.PEF.TOTL.CD.WD,..,..,..,..,..,..,..,..,..,..,..,..,5610.00000000001,..,-6000,-52619.3666243044,91014.4678514744,2.9715468249515,7813.39580511275,-19.7710989740805,-148.999803373612,-238.468754801532,212316.158197761,843.586575166346,..
Sao Tome and Principe,STP,GDP (current US$),NY.GDP.MKTP.CD,75951133.3777948,85171073.8777498,102085769.123419,114582283.916382,136450662.390592,142775104.081626,149146918.888611,188021165.00338,200668065.03175,190021192.489536,226455001.243083,225815131.929273,267041747.584354,293119143.246825,259999643.047388,292267272.196925,322002845.229335,383717327.830508,412976082.620705,471229484.607144,524402455.54816,540809499.189348,690456806.696406,822154621.088897,..
Sao Tome and Principe,STP,Trade (% of GDP),NE.TRD.GNFS.ZS,..,..,..,..,..,..,..,..,..,..,..,..,..,..,..,..,..,..,..,..,..,..,..,..,..
Sao Tome and Principe,STP,"Foreign direct investment, net inflows (% of GDP)",BX.KLT.DINV.WD.GD.ZS,3.94990814037949,4.22678714274198,3.3305327757187,3.05544616526837,11.4796071529221,26.6263783885012,24.156401012097,42.0928084101522,7.72419866486855,26.6286088078235,14.1981181119688,9.95129371315347,4.55447319839345,9.03727468460171,10.7400374911446,7.98279155418215,10.6236604862763,6.17598418618007,5.85791781434652,9.99771582880853,11.250926099997,10.2819916432401,-3.73659884967941,-2.02904327860989,..
Sao Tome and Principe,STP,GDP per capita (current US$),NY.GDP.PCAP.CD,518.88050130005,568.10257252271,663.696211810494,726.560882130444,844.169181884274,861.970707697664,878.885791918745,1081.8684584729,1128.28046213305,1045.20958234528,1219.80189089671,1192.0202911189,1382.5757842916,1489.67633417608,1298.10946596396,1434.87018050521,1555.79477812888,1825.59971753966,1935.2931816596,2167.22001796925,2362.58827248102,2389.73729784737,2990.6606143535,3490.56883486557,..
Sao Tome and Principe,STP,Total natural resources rents (% of GDP),NY.GDP.TOTL.RT.ZS,2.97851781674319,3.20434365847031,4.00630925326351,3.05849147819464,2.74523195490654,2.68486078996349,3.62146494582258,3.51834389031727,3.5091899751829,3.97441398723173,3.82221922487921,3.81740404574064,3.33902231905861,3.04723492306762,3.41287577328636,3.27531389837999,3.15239782697584,2.33693840944991,2.04664899329107,1.98018939747641,1.88439596006627,..,..,..,..
Saudi Arabia,SAU,"Portfolio equity, net inflows (BoP, current US$)",BX.PEF.TOTL.CD.WD,..,..,..,..,..,..,..,..,..,..,..,..,..,..,..,..,..,1986041669.6,22471405333.3333,5723920000,4769195964.53333,10800149333.3333,4223413333.33333,6228075682.13333,..
Saudi Arabia,SAU,GDP (current US$),NY.GDP.MKTP.CD,184137600000,189605866666.667,215807733333.333,258742133333.333,328459608764.111,376900133511.348,415964509673.115,519796800000,429097866666.667,528207466666.667,680660800000,751921333333.333,769755733333.333,787153066666.667,693414400000,689279466666.667,741266133333.333,886564800000,888890133333.333,767951200000,982661066666.667,1239075200000,1218584533333.33,1239804533333.33,..
Saudi Arabia,SAU,Trade (% of GDP),NE.TRD.GNFS.ZS,63.5605836794513,64.5927974099254,69.831170708742,75.0828366569341,81.9540759410158,89.9446046768984,94.8633170967657,96.1026308742185,84.8583415624843,82.5496850227537,84.3594342438995,81.74067854616,80.2515014286783,78.000111117736,67.1052692300592,57.9216635110364,59.5319791578229,59.1029104697141,56.7938204886513,47.533159225048,50.8839263398787,56.8241647749332,54.1690118283683,54.6787052668733,..
Saudi Arabia,SAU,"Foreign direct investment, net inflows (% of GDP)",BX.KLT.DINV.WD.GD.ZS,0.0106659367777141,-0.323899963714203,-0.271772775519938,-0.129209725410009,1.33515850333851,1.58553602335569,1.48457884530209,1.05925699592349,0.10169038708409,0.923670092367435,0.688133631504519,0.669626013751334,0.437984195574321,0.191711517264834,0.572622097928938,3.18518611850268,0.136801407151884,1.36945683303735,0.346411455797861,0.211115523412857,2.8850612174452,2.1556449627378,1.87131032249407,1.72104243015611,..
Saudi Arabia,SAU,GDP per capita (current US$),NY.GDP.PCAP.CD,10805.311325122,10586.0543471363,11487.220410693,13154.4978989446,15975.7473782258,17563.6145370639,18596.1502627898,22320.4888964331,17718.3911648365,22028.3901426586,27126.7498747702,28733.4375513452,27865.465604962,27805.4850319422,23256.1549553531,22267.7217050387,23929.2907135982,29360.0658968566,29566.7933827436,24338.8307301067,31920.7653655643,38510.2276211037,36156.848337701,35121.6628687742,..
Saudi Arabia,SAU,Total natural resources rents (% of GDP),NY.GDP.TOTL.RT.ZS,34.5968576950563,32.4379936618598,38.0176108810544,43.622529277929,49.9329268031463,50.7560683000309,48.4725676503893,55.0244289481432,35.7727355951894,38.8834681571132,50.2036438017781,48.5007097596571,45.530927478843,41.3384300115975,24.8553045322483,20.7349959872418,24.4865557580774,29.2707418122277,25.453167735458,17.3184270283149,25.5652418188141,..,..,..,..
Senegal,SEN,"Portfolio equity, net inflows (BoP, current US$)",BX.PEF.TOTL.CD.WD,-5180245.69835988,3226116.95225,3657543.39349179,-27710878.2321245,-6069130.86009498,-363688.132713863,8043729.16361957,-92982054.1423638,-1616012.39200892,23371330.0312877,14232402.2478957,-963654.670294699,1077141.94202172,11118822.2793297,20090772.9676711,25164628.246754,12640342.173254,14795125.3910204,16563095.3876822,16860208.4205392,17460789.36272,15194613.9825239,8652160.07610302,..,..
Senegal,SEN,GDP (current US$),NY.GDP.MKTP.CD,6507824829.26254,7006402319.75856,8768721563.18211,10076816666.6196,11009033437.939,11697918243.0035,13994218412.9619,16853989627.548,16145867494.9405,16121315909.0758,17814283639.3119,17660870411.5235,18918667724.8817,19797253440.2679,17774766696.1759,19040312333.1864,20996562943.5979,23116701556.1381,23403995992.1354,24530513037.7518,27520784129.7508,27783332222.6759,30696331295.7826,32808056600.9436,..
Senegal,SEN,Trade (% of GDP),NE.TRD.GNFS.ZS,49.7205780648314,53.1442994641329,50.8212198933376,53.6592031275529,54.9032435689485,54.1362378092613,59.2713043549794,62.7617698176319,52.3072908773365,52.4578551962948,57.5768785989578,61.9753040040375,60.6267663596737,58.4425289760992,58.1103376742017,54.1081692072139,57.7052798455617,61.7898394793183,64.2362506061005,60.0468716137065,69.3759939883832,79.5998216515832,71.3930249127445,68.1405147656211,..
Senegal,SEN,"Foreign direct investment, net inflows (% of GDP)",BX.KLT.DINV.WD.GD.ZS,0.692757272925303,1.18024440779397,0.986458285223565,1.36534663159615,1.52551294776184,2.47770837743402,2.51145667497291,2.70404739796078,2.05299535843601,1.68778336701059,1.90106996405963,1.56368019565039,1.64581763022307,2.03613121185767,2.30194934655844,2.48110320660753,2.80185380597297,3.6676580901097,4.55247618583033,7.52395708111684,9.40426405095026,10.5411241953817,15.6044600024418,6.1461393599949,..
Senegal,SEN,GDP per capita (current US$),NY.GDP.PCAP.CD,637.213530563724,669.430447319209,817.888034221442,918.102079522155,979.846101520171,1017.20196747987,1188.93877808175,1398.79218010021,1308.69404336205,1275.88357492357,1374.67591873844,1326.83798848379,1379.83196553924,1398.89137601382,1218.00613555438,1266.43957151587,1356.80518449031,1452.55612562445,1431.18128932159,1461.08720350553,1598.10676952274,1574.0281059306,1698.03387300843,1773.21829923448,..
Senegal,SEN,Total natural resources rents (% of GDP),NY.GDP.TOTL.RT.ZS,2.05976120051983,2.2894897302113,2.68475374294378,1.97163158742871,1.9916257642601,1.9932129479554,2.3034822903582,3.07242721618133,3.83444920218272,2.97597316384999,3.6495940769705,4.86398118749562,3.42436224964169,3.1569476524477,3.47911885653568,3.9796411050175,3.21232528542185,2.88655464408866,2.75988310568798,2.86963190075436,4.40159712005452,..,..,..,..
Serbia,SRB,"Portfolio equity, net inflows (BoP, current US$)",BX.PEF.TOTL.CD.WD,..,..,..,..,..,..,764179165.456063,-54673162.3603856,23051033.6957365,84429250.2476175,69354681.7228957,-23873824.1024224,-40785007.8217985,-21637100.3892278,-90084036.2510032,-14037698.1529618,-6517478.20843346,-27714607.9430775,-64362165.389904,-10289175.0356582,-4462930.28114081,-2888176.35835506,6474047.14875784,-1465922.27272996,..
Serbia,SRB,GDP (current US$),NY.GDP.MKTP.CD,13599378661.9952,17930583571.3055,23593044417.5086,26845632341.8075,28334256180.8801,33298057361.7412,44888028946.0854,54220641201.6474,46955984409.7271,43536629233.1424,51251098408.0924,45103269969.4112,50455529604.0696,49114321280.3466,41297410634.9586,42225495909.5633,45972834713.8077,52787520248.9242,53864693664.5568,55874017668.998,66159884072.5308,66809895701.2152,81343999280.0179,90097765959.1114,..
Serbia,SRB,Trade (% of GDP),NE.TRD.GNFS.ZS,53.8950786178485,54.302882889577,58.2946720222191,72.2876162455649,71.9925488520017,75.529235364472,72.7165875771534,75.7432462868839,63.5017226157541,73.7088615865295,75.7493613069523,82.0766814348254,84.3322563766638,88.3815023270446,93.5281477663237,97.6906940431804,102.740445166934,105.563713028559,107.577309546092,100.324460810129,112.342298324945,131.913292283516,114.49206464322,111.725028388916,..
Serbia,SRB,"Foreign direct investment, net inflows (% of GDP)",BX.KLT.DINV.WD.GD.ZS,1.30646368055417,3.13724220833625,6.42739472772176,4.00991273848132,7.8055726004638,15.759397156392,9.85383583099953,7.48017377130846,6.23823937763422,3.88925451665989,9.6203440965999,2.82759932149649,4.08141056622247,4.07119376860245,5.67381755834409,5.57770746372387,6.29636171721257,7.71374568954873,7.92487427143519,6.23865408002072,6.95312089132574,6.90354140371273,6.06995232091603,6.20170332537196,..
Serbia,SRB,GDP per capita (current US$),NY.GDP.PCAP.CD,1812.42088281393,2390.73459447107,3153.9011312754,3597.08798057009,3807.97417321786,4492.7136699046,6081.08765700202,7376.73517910716,6414.0448463847,5970.92660940072,7082.2861666075,6263.04086072815,7040.41812068781,6886.67809068704,5820.3215576888,5982.37030126471,6548.03653824187,7559.86165747394,7755.632986437,8098.70955668849,9680.52798074468,10024.8191112596,12281.707946167,13679.2065983557,..
Serbia,SRB,Total natural resources rents (% of GDP),NY.GDP.TOTL.RT.ZS,1.50240352241228,0.628709984358027,0.535968883702967,1.75377809041674,1.24346302195652,1.500776590768,1.55422939890246,2.85101542369955,1.29420135500539,2.51068899120357,3.35044641406988,2.77478070010415,2.05963239192195,1.89442302636645,1.27718856590432,1.17155898842791,1.52263044010001,1.54067953539602,1.19461693747908,0.947608509343353,1.74631766481948,..,..,..,..
Seychelles,SYC,"Portfolio equity, net inflows (BoP, current US$)",BX.PEF.TOTL.CD.WD,..,..,..,..,..,..,..,..,..,..,..,8423465.01337306,19296159.2298173,-20983037.1079577,-11100297.2727273,25171333.9556995,2881038.31393157,1744800,10298630.0076791,-37190584.288682,2163247.8360616,35380040.3555507,15888222.6666211,3470697.85051853,..
Seychelles,SYC,GDP (current US$),NY.GDP.MKTP.CD,662064155.920692,742134837.50919,750847230.099263,893012218.181818,977899381.818182,1081441283.31798,1077308813.82945,979597394.293453,850901620.433301,981616542.328454,1058918707.26124,1089407839.19709,1333160407.38516,1387577870.08161,1432403352.12944,1568513348.14463,1675370641.01416,1784313926.76807,1868690096.73454,1382551751.56908,1487173794.80528,2018346588.73752,2187379754.66167,2167239562.46013,..
Seychelles,SYC,Trade (% of GDP),NE.TRD.GNFS.ZS,179.884914877473,156.9298895573,168.844235034216,149.54093675029,171.101735954764,177.56693551462,174.928462798259,208.842968505327,221.933825358009,198.162692424328,210.075382747992,222.178254853141,196.517733268793,213.354469426486,187.475012467679,180.866188390939,197.442236417869,185.7075372109,173.407846880196,153.48333156592,183.77081501466,189.826835436591,180.82726250166,188.369185297411,..
Seychelles,SYC,"Foreign direct investment, net inflows (% of GDP)",BX.KLT.DINV.WD.GD.ZS,9.77854727943918,6.42979491804749,7.78128204836837,4.25692407405115,8.25542388019619,12.997071189638,16.3299180561317,18.3570766112751,19.7733389965627,16.2787980957365,13.5270690867223,56.2882654419862,4.29723724959436,7.80896304548278,7.39272196242003,4.35742188671966,11.7771697387857,17.1030662941746,13.7575701960234,5.79027015191072,7.52808883301193,9.40509377025538,10.9586044074443,10.4342001858715,..
Seychelles,SYC,GDP per capita (current US$),NY.GDP.PCAP.CD,8153.2986369879,8864.16919495467,9070.28460757013,10827.671636033,11802.1118276833,12782.9938926475,12669.3026687222,11265.4376270005,9747.09180546291,10934.79494629,12110.0937461973,12337.1554669388,14821.2921476077,15188.1902175113,15333.1051727105,16566.9946042294,17480.3651911372,18440.2340460932,19141.5118743615,14041.4754074575,14982.9111487767,16836.6721895387,18262.7115849287,17858.8226383978,..
Seychelles,SYC,Total natural resources rents (% of GDP),NY.GDP.TOTL.RT.ZS,0.100866292801415,0.104835241294799,0.118386036607082,0.0655728027215241,0.0909496426772842,0.102807711673663,0.108712512691565,0.178453829903448,0.160955511131527,0.146953956678162,0.149780680938161,0.1644793129234,0.136887236537623,0.122451367247677,0.100073979606541,0.0990332020466637,0.11671286310133,0.121453194976473,0.0974947166802459,0.13148617576909,0.120645132507182,..,..,..,..
Sierra Leone,SLE,"Portfolio equity, net inflows (BoP, current US$)",BX.PEF.TOTL.CD.WD,..,..,..,..,..,..,..,..,5636491.36797956,63849.7904352678,125173.589227397,..,..,..,..,..,..,..,..,..,..,..,..,..,..
Sierra Leone,SLE,GDP (current US$),NY.GDP.MKTP.CD,1681473893.76655,1933863910.73227,2142618045.93129,2237350687.46606,2545275312.60512,3263697466.73514,3632957611.35152,4157895298.19572,3953403098.37107,4262805966.78755,4861632884.67985,6141666509.36295,7502762862.72657,7686138790.90872,6788352974.78329,6084297211.10217,5749846528.48046,6390514688.52816,6523577594.29408,6688307703.1447,7166931485.49433,7121125277.52542,6415852766.73832,6971127235.3123,..
Sierra Leone,SLE,Trade (% of GDP),NE.TRD.GNFS.ZS,35.9381586081315,38.9169111968846,46.4464363702625,46.1719991766037,47.547983989225,22.0888664739674,21.8067992689239,21.2566155636984,23.0753395976546,27.9541259241389,43.7807969332619,53.3813447139398,53.3627646114117,51.1187772788807,36.4823958242319,43.0672126969961,41.5213782343591,37.3774604106006,37.5619530302056,30.6131009514507,42.1435161280127,45.0542127390319,55.2867969448945,40.5454450452166,..
Sierra Leone,SLE,"Foreign direct investment, net inflows (% of GDP)",BX.KLT.DINV.WD.GD.ZS,0.584947649727907,0.538476849671278,0.402080514728161,2.73329141184343,3.56470945553037,1.80375615409317,2.6278911435046,1.27696981909264,2.79329478350427,5.59265918271249,19.5505875068329,11.7630516727995,5.72675143806855,4.88007878489104,3.71866092366771,2.27663664378768,7.19540249608134,2.90502880166707,1.86680073448091,0.762524726187775,2.98593617691379,2.03619504430889,2.27421424673208,1.7469962843978,..
Sierra Leone,SLE,GDP per capita (current US$),NY.GDP.PCAP.CD,358.315716051546,388.995111216836,413.817607346927,417.749983329227,462.633324427945,580.26796974773,631.889926264998,705.359014080005,652.845806767943,685.039673490948,761.146365577281,937.504428180231,1117.47183075115,1117.7586465721,964.575980888989,844.416411175476,779.186007841728,845.914540460932,843.712517809977,845.277557920549,885.396401885395,860.371067916096,758.329137378248,806.654650417726,..
Sierra Leone,SLE,Total natural resources rents (% of GDP),NY.GDP.TOTL.RT.ZS,8.05230833851418,8.43552502197745,12.876788824159,11.1023236756794,9.90200209747713,9.42718135843611,12.2555158372532,11.6115795671527,12.2691742280754,10.5288662404631,10.9869587677677,9.77051963302454,7.22686963531629,8.02771244072182,10.5713602396516,14.6732645434772,14.9365306672881,8.55532841443589,7.49079656656829,8.22978194152241,9.03701414128967,..,..,..,..
Singapore,SGP,"Portfolio equity, net inflows (BoP, current US$)",BX.PEF.TOTL.CD.WD,-89411167.186883,-577687221.983835,2772440711.36791,2318799136.6058,4905498836.66612,10062599647.5623,18062683229.7312,-11657542290.6728,962039082.22544,4248818916.88719,-5236147488.13434,2836734819.38247,-7665627747.14297,-916380569.038317,-2043169130.61662,7551320950.63437,14648949073.9902,-10454451659.1396,427516356.239194,-242654120.034547,5112084258.58154,7445962282.39845,18913412605.8138,2142440192.58113,..
Singapore,SGP,GDP (current US$),NY.GDP.MKTP.CD,89793790669.6515,92538372869.6942,97646401095.6369,115033593101.049,127807848728.398,148627286361.351,180941701357.97,193617323539.203,194150283771.566,239807980591.24,279356499090.458,295092888076.589,307576360584.992,314863580758.455,307998545269.398,319646468521.497,343673334902.33,377123710560.614,376161998830.048,349165858544.568,436591382250.464,509017841146.557,505439514078.019,547386645891.847,..
Singapore,SGP,Trade (% of GDP),NE.TRD.GNFS.ZS,349.292105694978,349.746013985676,377.218564301581,401.523712538509,420.430512920559,425.363399543019,394.288471919078,437.326714891057,358.192811828842,369.685555787646,379.098631377539,369.212965787665,367.041780049019,360.467319166237,329.471398940262,302.839656046574,316.794409287568,326.59658728675,324.394985115301,332.040805481913,329.161383683762,332.34956775484,325.69322405378,322.371427934716,..
Singapore,SGP,"Foreign direct investment, net inflows (% of GDP)",BX.KLT.DINV.WD.GD.ZS,18.9398606857353,6.65366588247055,17.4624153696896,21.2027237505542,15.1133588478775,26.3271523046735,26.1619888768056,7.02328608228286,12.0710944143275,23.0694716770802,17.5960314065854,18.7435244231802,20.9344810446532,21.8184880782679,22.6541826890491,20.3766287562495,29.6706336940046,22.8377290626019,28.2256543399099,22.7176808064108,32.5964610130302,28.3188156351916,24.8866145212528,24.676735941018,..
Singapore,SGP,GDP per capita (current US$),NY.GDP.PCAP.CD,21699.7414868907,22159.8373710639,23730.3840054566,27608.080013423,29961.3172812732,33768.4528234651,39432.8860198877,40008.5720489092,38926.8054365453,47236.683084953,53891.4570264372,55547.5553077786,56967.4257940383,57564.8023114977,55645.6068614606,57005.5887176547,61236.251270627,66881.6067035265,65952.0378959293,61410.0792630788,80056.1288247844,90299.0694637269,85412.230345235,90674.066632628,..
Singapore,SGP,Total natural resources rents (% of GDP),NY.GDP.TOTL.RT.ZS,0.000402379159230447,0.000433988190805362,0.00059371726127004,0.000555644983388465,0.000547061404429524,0.00365545459554034,0.00685518128899803,0.0253865664259656,0.00678567168470838,0.038512160672046,0.154301445478482,0.143294198627007,0.119459449682427,0.104879469325881,0.0343911572935456,0.029353972319112,0.000452888881904618,0.000188767152938037,0.000169266160429021,0.00024207226855629,0.000180989109199595,..,..,..,..
Sint Maarten (Dutch part),SXM,"Portfolio equity, net inflows (BoP, current US$)",BX.PEF.TOTL.CD.WD,..,..,..,..,..,..,..,..,..,..,..,..,..,..,..,..,-21904117.9553073,-12004254.4022346,834296.122905028,-14492229.7430168,-994413.407821229,-3783756.59776536,358134.56424581,..,..
Sint Maarten (Dutch part),SXM,GDP (current US$),NY.GDP.MKTP.CD,..,..,..,..,..,..,..,..,854972067.039106,892290502.793296,936089385.47486,985865921.787709,1022905027.93296,1361811508.37989,1417888715.0838,1427017206.70391,1353212122.90503,1259200446.92737,1407880446.92737,1236428100.55866,1353071061.45251,1592564639.32961,1686525953.05006,1797836665.95136,..
Sint Maarten (Dutch part),SXM,Trade (% of GDP),NE.TRD.GNFS.ZS,..,..,..,..,..,..,..,..,..,..,..,..,..,..,..,..,..,..,..,..,..,..,..,..,..
Sint Maarten (Dutch part),SXM,"Foreign direct investment, net inflows (% of GDP)",BX.KLT.DINV.WD.GD.ZS,..,..,..,..,..,..,..,..,..,..,-5.17904034375746,1.37020456734856,4.62971054068815,3.50338478659669,1.95861278993458,2.91188308245256,4.74783634858124,-3.80519905244473,5.24677633401135,1.79286284699262,1.98179684518215,1.0725730154733,2.68405110111367,2.06435549473904,..
Sint Maarten (Dutch part),SXM,GDP per capita (current US$),NY.GDP.PCAP.CD,..,..,..,..,..,..,..,..,25528.412619483,26403.8143692163,27317.5178881974,28149.0997855041,28529.7324687053,37134.912423099,37839.6283815163,37308.6147795736,34701.3058494468,31708.3110124742,34861.469528968,30150.8998380477,32548.4366854902,37793.1284399157,39451.8223361963,41472.5874498583,..
Sint Maarten (Dutch part),SXM,Total natural resources rents (% of GDP),NY.GDP.TOTL.RT.ZS,..,..,..,..,..,..,..,..,..,..,0,0,0,0,0,0,0,0,..,..,..,..,..,..,..
Slovak Republic,SVK,"Portfolio equity, net inflows (BoP, current US$)",BX.PEF.TOTL.CD.WD,181642768.715732,9794828.32797615,58860112.2203689,-125441848.71439,176150393.598119,43736815.8670686,257772314.671065,103797446.416663,183287176.166324,-9254224.71861662,94494858.4679377,176426.208126129,85679552.9898607,17736086.4050651,67945237.2172999,-38254159.8987191,147909731.86813,19035258.681319,108998900,-68329231.6875564,..,..,..,..,..
Slovak Republic,SVK,GDP (current US$),NY.GDP.MKTP.CD,30726659550.9717,35243658398.7546,46616149116.7411,57215475076.2986,62547753148.4638,70751813442.9881,86587749517.9724,100830060552.902,89342984697.5246,91112160800.7668,99705104723.4341,94724394278.052,99134277850.3418,101713075598.862,89178548717.3324,90347173228.6356,95978130734.9766,106611673364.837,105843498304.094,107732602896.441,120511265913.343,115792972358.209,133578518423.544,140934076532.375,..
Slovak Republic,SVK,Trade (% of GDP),NE.TRD.GNFS.ZS,121.931131222912,120.599168045888,125.998506220804,140.222460021585,148.705461161746,164.992205726236,166.580025216882,162.464472991641,136.714352092364,155.108497681586,169.178076311066,176.968958181431,180.903136491458,176.756316098132,179.42602289503,182.757379596201,186.644687399549,188.732964699496,183.722608631236,167.534173320366,181.97948448512,204.056318531151,181.39087235645,171.212800151635,..
Slovak Republic,SVK,"Foreign direct investment, net inflows (% of GDP)",BX.KLT.DINV.WD.GD.ZS,4.987799111524,11.9523274609308,2.07910892962607,7.10209742938173,6.27282057947455,8.05836126241016,5.84174372278854,4.60268632841724,1.7025214117002,2.32222893370545,5.44765747649664,1.87551069035637,1.01266878582834,-0.356803047431846,1.70487122540291,5.27770700739813,4.39986424621101,2.11269531583982,2.15394548631737,-1.05975666677956,2.25677867211963,4.16872005912019,0.393861455912485,3.55503662060591,..
Slovak Republic,SVK,GDP per capita (current US$),NY.GDP.PCAP.CD,5712.47802761654,6554.62808369461,8675.39633696465,10650.1290097126,11641.5410321763,13167.8954730379,16110.4817265237,18744.3192278346,16586.7527805228,16899.448680529,18469.4354316836,17516.9691054078,18312.7805149823,18770.9289896545,16442.0760860018,16636.0769133073,17645.5298716761,19573.3717031314,19406.0589683582,19735.4858280801,22123.3342114545,21317.7943982363,24614.8734642794,25992.6748502048,..
Slovak Republic,SVK,Total natural resources rents (% of GDP),NY.GDP.TOTL.RT.ZS,0.359441674513417,0.257190615969929,0.256611358525381,0.300470034071033,0.320443991598652,0.295365970628096,0.320032290067116,0.384452093508407,0.269772306103852,0.337208259001387,0.359867998454853,0.325157520045924,0.296934539699268,0.288569282906269,0.26302479249352,0.261669771629207,0.333116894336664,0.289202597240663,0.251989434209045,0.219233025168727,0.226150293544136,..,..,..,..
Slovenia,SVN,"Portfolio equity, net inflows (BoP, current US$)",BX.PEF.TOTL.CD.WD,-2200000,10800000,16000000,-13100000,97800000,196722317.114945,274516700.643432,-271318135.181914,23300121.6087956,169921421.578354,228072484.066672,148169759.637769,164937448.868894,122812305.008426,58310936.0437971,52443733.9174008,43386420.8708573,614657694.413916,93438568.7949679,-8954622.86405326,-21768803.2304468,-35435565.2982015,-7760161.5101862,-51305569.6665952,..
Slovenia,SVN,GDP (current US$),NY.GDP.MKTP.CD,20668868706.8115,23214593516.2095,29360575031.8177,34156553313.4031,35947936823.7781,39260368837.0342,47880266542.577,55509332322.3578,49975540954.8465,47793117240.9001,51199194599.3094,46167053954.3367,47867056858.8892,49514466379.6057,42709468274.8137,44290685824.0682,48153200134.6613,53689067639.9176,53909922735.545,53384760135.1581,61540813361.8556,59899117741.0022,69255264238.3855,72972015197.3859,..
Slovenia,SVN,Trade (% of GDP),NE.TRD.GNFS.ZS,105.583223530684,104.880458289416,103.280027127626,112.399933466762,121.127284217914,130.517913086158,137.66309435102,135.387093664802,114.482301023638,128.606575425363,140.332355750319,143.656448572975,145.168789432403,146.471705096746,147.218367714503,148.238448080388,158.70213584467,162.613493975851,160.044275685249,147.549008584942,161.788727511439,186.647076274632,160.1596693009,155.657928684474,..
Slovenia,SVN,"Foreign direct investment, net inflows (% of GDP)",BX.KLT.DINV.WD.GD.ZS,2.42490291611765,7.96826357828918,1.82421495294141,2.23412471685355,2.70057223244549,1.76264658794015,3.93587276921145,1.94695512755549,-0.694282375481298,0.667761282375457,1.71085960342006,0.072644638587861,0.217315881641324,2.05875310395561,4.05096848349793,3.26541395278807,2.4842141360232,2.86489909951597,3.99098612082388,0.948340847721794,3.60613978687237,3.64010857871706,2.09028809314832,2.5587649173879,..
Slovenia,SVN,GDP per capita (current US$),NY.GDP.PCAP.CD,10375.6255869861,11639.1297780477,14711.674874253,17103.8297783905,17969.7095907161,19563.005059144,23725.1596001515,27461.9764165315,24501.7897290425,23329.8417691156,24940.6284841605,22442.1417859955,23236.9655321695,24013.0682060959,20697.2748530619,21447.8377796036,23303.077705959,25888.0481065655,25814.1687167572,25392.0651093612,29192.8401933019,28360.3041467268,32660.4753581346,34301.0318686594,..
Slovenia,SVN,Total natural resources rents (% of GDP),NY.GDP.TOTL.RT.ZS,0.199306385689207,0.13744231201025,0.144377050092285,0.234121034135071,0.184333376963884,0.211639433767345,0.231396138446941,0.393053204516194,0.206333476418366,0.300599361470026,0.35989971304657,0.252704524589708,0.206400677505941,0.264570914876485,0.263848700764214,0.261246243560769,0.268545994107094,0.261790471547443,0.23437135303998,0.214171558575469,0.189323915465621,..,..,..,..
Solomon Islands,SLB,"Portfolio equity, net inflows (BoP, current US$)",BX.PEF.TOTL.CD.WD,..,..,..,..,..,..,..,..,..,..,..,..,..,..,..,..,..,..,..,..,..,..,..,..,..
Solomon Islands,SLB,GDP (current US$),NY.GDP.MKTP.CD,409508552.979972,346406738.885237,417666638.600021,468000121.313434,552881356.697517,617257457.758489,695291217.982227,776335523.470373,805557289.459198,898128551.289162,1063898226.71892,1185217634.37393,1285905957.64116,1335576762.84974,1307908813.59962,1379486290.71433,1469790526.3972,1615473250.25259,1619150563.92084,1536143427.82958,1558312103.84225,1466670929.62333,1506124566.40404,1583964703.75061,..
Solomon Islands,SLB,Trade (% of GDP),NE.TRD.GNFS.ZS,45.1100685673042,45.1275100252581,55.9586091334969,62.8118976683083,66.5710765635257,69.7893991429226,83.7476138715,87.3526158028726,71.8849530192377,96.1485545423385,107.247515572534,104.823434628967,99.6074605551315,93.4534070100296,88.1884859107326,85.54984577725,82.1974922027324,88.4949614655388,82.9985659020552,60.2204365577573,67.4200567835061,74.8355405329858,101.13453179317,111.352972064455,..
Solomon Islands,SLB,"Foreign direct investment, net inflows (% of GDP)",BX.KLT.DINV.WD.GD.ZS,-2.10427182649691,0.04208946552377,-0.24166681936572,-0.642148336511867,0.099144118861877,7.17813029275399,12.3665456662597,9.68358178998539,6.03099456453907,18.4740701129879,11.2842365456827,2.01494633587355,4.15538562986034,1.5740038730018,2.46368311219347,2.70706733520786,2.91769302207799,1.54707244532947,2.02495638459342,0.584583885803386,1.79162262618701,2.77627597762606,5.23830750788181,2.08128126058924,..
Solomon Islands,SLB,GDP per capita (current US$),NY.GDP.PCAP.CD,911.791935385411,756.890296490792,895.984242546501,986.070953503889,1144.49233397681,1255.62447417684,1390.14870956707,1525.84666261203,1554.70671006386,1685.14535823757,1924.05795643133,2066.25738638356,2161.38627543917,2164.95289873002,2045.47721526649,2082.62383124213,2143.57670489272,2278.19908624102,2223.65890942466,2063.32780991967,2043.44413170658,1877.78104490956,1882.64394148042,1933.55538435227,..
Solomon Islands,SLB,Total natural resources rents (% of GDP),NY.GDP.TOTL.RT.ZS,5.62366918680554,7.11043995156603,9.62018845302295,7.43048542464874,8.97922922933814,10.6910961000805,16.6857707308539,18.6314854935,12.9304859284596,15.7647772737329,19.9027124452237,20.8519077419093,17.7681136707893,20.6416871336495,16.6664900887493,14.3004643478535,22.9192896376451,22.3396585662881,19.145353163623,19.1938888891881,18.395048524098,..,..,..,..
"Somalia, Fed. Rep.",SOM,"Portfolio equity, net inflows (BoP, current US$)",BX.PEF.TOTL.CD.WD,..,..,..,..,..,..,..,..,..,..,..,..,..,..,..,..,..,..,..,..,..,..,..,..,..
"Somalia, Fed. Rep.",SOM,GDP (current US$),NY.GDP.MKTP.CD,2252847464.68608,2192684134.59273,2836724351.5616,3859592813.10255,4683246454.10048,5026743282.04251,5430713728.89074,5913620292.90573,2948594552.44952,2687807003.73935,2906000096.93249,4364670159.99578,5062881600.00104,5728399719.99958,6152149099.99942,6613743069.99912,7621501710.0012,7873000000,8656000000,8628000000,9483000000,10203000000,10958000000,11967000000,..
"Somalia, Fed. Rep.",SOM,Trade (% of GDP),NE.TRD.GNFS.ZS,..,..,..,..,..,..,..,..,..,..,..,88.5736460782288,83.3409991258378,81.7010414559322,76.4793322385239,74.3615625516249,68.6756490932841,73.8219230280706,70.2980591497227,75.6954102920723,79.0994411051355,90.7576203077526,103.121007483117,130.325060583271,..
"Somalia, Fed. Rep.",SOM,"Foreign direct investment, net inflows (% of GDP)",BX.KLT.DINV.WD.GD.ZS,0.00177553077281127,0.00638486856320524,-0.0299641380218025,-0.124106356083442,0.51246502261239,1.90978521507055,2.5963438148083,1.47118001648448,3.66276197282804,4.16696585149836,3.50997923598382,2.45906325256211,5.09591217775954,4.55624629490798,4.92510820324606,4.9896102178043,4.84156553446397,5.18226851263813,5.16404805914972,6.18915159944367,6.33765685964357,6.23346074683917,6.17357181967512,6.39257959388318,..
"Somalia, Fed. Rep.",SOM,GDP per capita (current US$),NY.GDP.PCAP.CD,244.914842538455,229.598918310039,286.273025198975,375.410326225387,439.979907805478,457.996662206659,479.635628065289,507.03744334738,246.513251675105,219.202453852397,235.325945610434,350.261946720512,393.398703952979,429.431656725102,445.583080073396,460.928490585175,510.939952317726,509.497273804534,539.954816211694,518.16113333875,549.056994756254,573.141165798229,596.885985135589,629.538899449007,..
"Somalia, Fed. Rep.",SOM,Total natural resources rents (% of GDP),NY.GDP.TOTL.RT.ZS,..,..,..,..,..,..,..,..,..,..,..,..,17.8127642098138,18.2921917574279,18.8761765982543,19.5454511774019,18.697269661953,11.735774261604,10.7304105687897,11.455284804417,11.2356934915275,..,..,..,..
South Africa,ZAF,"Portfolio equity, net inflows (BoP, current US$)",BX.PEF.TOTL.CD.WD,-962206104.578785,-388001064.525599,685321877.386741,6661132852.9392,7230025206.96705,14958983803.1123,8669901672.18484,-4706978804.55621,9363573949.99781,5826049293.85318,63234623.171308,7159071796.20098,7282900940.32677,9337805650.87331,8499112926.62985,1639686877.45817,7588260263.03942,2945712323.75868,-4289261425.58757,-5160029599.04478,-27434214993.2767,1029815194.71477,-4382755472.19833,-3933642791.23351,..
South Africa,ZAF,GDP (current US$),NY.GDP.MKTP.CD,135429905922.526,129087556612.449,197018965308.697,255806908594.573,288867217196.534,303858675363.643,333077117253.684,316131258616.309,329754060647.129,417363822801.713,458199494830.834,434400545085.811,400886013595.573,381198869776.106,346709790458.563,323585509674.481,381448814653.456,405260723892.517,389330032224.269,337974655408.055,419986284375.368,407596043067.885,381440724491.232,401144998373.585,..
South Africa,ZAF,Trade (% of GDP),NE.TRD.GNFS.ZS,49.170945185829,53.4655016294369,45.723862568979,45.6435752240041,47.4277813970329,53.7681412741145,57.125139137747,65.9745237996233,49.5875353278801,50.4060871625999,54.6363504358971,55.5826171933345,58.875027630051,59.4995740550593,56.7266761447156,55.8612575048782,53.5359318293741,54.4855451276341,53.8979964081406,50.7596590804177,56.1647136277546,64.94713440234,65.6798759740707,61.646770473025,..
South Africa,ZAF,"Foreign direct investment, net inflows (% of GDP)",BX.KLT.DINV.WD.GD.ZS,5.36834529785161,1.14635726911695,0.397492744432543,0.274199790569949,2.25781874505445,0.205125538574008,1.97755772219349,3.12686614310453,2.31217470344994,0.884904611686012,0.903381424332556,1.06492249485696,2.05358095229684,1.51932743753979,0.438735792056356,0.684612553455795,0.539673956759456,1.3742911715346,1.31407752293306,0.933073684352391,9.68098022663018,2.26670277731613,1.0127377916456,0.580891709673066,..
South Africa,ZAF,GDP per capita (current US$),NY.GDP.PCAP.CD,2847.15191945908,2688.23676032806,4062.21755993786,5221.46333731721,5836.87663325127,6077.38293388876,6591.85535960564,6184.75474328399,6374.70560042992,7973.47195771517,8646.05571071635,8076.97678479741,7331.65467384919,6856.73137092522,6112.27382485974,5651.20585165749,6618.33508255701,6914.1780318076,6533.71121032856,5580.60383075189,6828.75624590017,6534.24867783397,6034.27208964673,6267.186814093,..
South Africa,ZAF,Total natural resources rents (% of GDP),NY.GDP.TOTL.RT.ZS,4.94658656928292,4.67923392268105,2.99086668200306,4.77963979439938,4.56849246597233,5.2274047401405,6.3657074741337,11.9900580422374,4.93797499670312,6.84683101275869,7.81466074244917,6.40436399402211,6.11153096342063,4.66573419871465,2.80794769347075,3.56159906611897,3.8355856656622,3.86949148830953,4.18782227881945,4.01777511009808,7.32857859192335,..,..,..,..
South Sudan,SSD,"Portfolio equity, net inflows (BoP, current US$)",BX.PEF.TOTL.CD.WD,..,..,..,..,..,..,..,..,..,..,..,..,..,..,..,..,..,..,..,..,..,..,..,..,..
South Sudan,SSD,GDP (current US$),NY.GDP.MKTP.CD,..,..,..,..,..,..,..,14586253383.0632,12231264525.0671,14602072410.9506,14907308932.7534,11931472169.4915,18426469016.9492,13962212847.4576,11997800760.2242,..,..,..,..,..,..,..,..,..,..
South Sudan,SSD,Trade (% of GDP),NE.TRD.GNFS.ZS,..,..,..,..,..,..,..,97.2662973183488,94.8357640879963,90.9434483661131,93.226859754919,71.6198113947489,50.8112465907463,64.6345178070809,65.5513491845003,..,..,..,..,..,..,..,..,..,..
South Sudan,SSD,"Foreign direct investment, net inflows (% of GDP)",BX.KLT.DINV.WD.GD.ZS,..,..,..,..,..,..,..,..,..,..,..,1.34937246395858,-4.30359174766787,0.00741877910985015,0.0012502291294692,..,..,..,..,..,..,..,..,..,..
South Sudan,SSD,GDP per capita (current US$),NY.GDP.PCAP.CD,..,..,..,..,..,..,..,1654.21153546555,1323.22068747862,1498.27034985194,1448.98435006408,1109.26050083408,1650.18943353528,1242.73450181032,1080.14718624765,..,..,..,..,..,..,..,..,..,..
South Sudan,SSD,Total natural resources rents (% of GDP),NY.GDP.TOTL.RT.ZS,..,..,..,..,..,..,..,58.2776601424041,35.188657039956,43.7092935094988,51.7868586633182,5.60460947133863,14.7084526216951,28.4570049428564,13.0532234224485,..,..,..,..,..,..,..,..,..,..
Spain,ESP,"Portfolio equity, net inflows (BoP, current US$)",BX.PEF.TOTL.CD.WD,8976971040.77707,6023661147.44983,-3658156158.43575,10956876300.6859,-9576687028.21863,-24004390711.448,15597126422.9571,-2211744707.30444,8108195241.84046,-3362792969.55261,3872025018.51336,9816272735.48387,28699587395.5576,28757096690.8184,29723626668.5753,1781568669.07163,17417052255.328,-14612657528.2237,9208766224.89163,12348277215.0224,18139420371.5724,2086052648.33603,-9736516593.46797,3629166006.89065,..
Spain,ESP,GDP (current US$),NY.GDP.MKTP.CD,627798682378.741,708938227243.923,907963217057.645,1069829382514.67,1154667551775.88,1261846683275.29,1476746276854.51,1636115447612.5,1496587590847.66,1427989078916.67,1487568659241.25,1330994811670.31,1362186923157.65,1380244561361.96,1206164777553.12,1243015667917.12,1321754088818.83,1431642809327.06,1403496387686.27,1289783836971.21,1461244901852.69,1448850658406.62,1619481980719.64,1725671652742.19,..
Spain,ESP,Trade (% of GDP),NE.TRD.GNFS.ZS,58.0138895625701,55.1021415309759,53.4357897202258,54.4795182656074,54.6991667043772,56.0839263823216,57.6269487657546,55.8281315172523,46.8366899971109,52.6933699734019,58.5118228859632,60.5540346961864,61.6687726441327,63.39926213895,63.5820412248232,63.1886778507294,66.167446137857,67.0094103982921,66.3662250440692,59.4461280147076,66.524588943191,78.4657338703054,71.7976366055733,69.9502612382631,..
Spain,ESP,"Foreign direct investment, net inflows (% of GDP)",BX.KLT.DINV.WD.GD.ZS,4.62197940241983,5.54556177892168,3.41488423629312,2.39691740423512,2.44941913037175,2.80982337619077,4.7599135539395,4.36076294618522,0.505306851587762,2.51885825626411,1.73938048405349,1.44631700014204,3.4608559063245,2.31642230011085,1.97131692755332,3.61722479660389,2.54039212306223,4.46748509754483,2.16052375036307,2.92165980781023,4.42272902452136,4.65609043363165,2.89981565316893,2.47896679493344,..
Spain,ESP,GDP per capita (current US$),NY.GDP.PCAP.CD,15368.2337984435,17111.0685058941,21522.0170990262,24925.0267844576,26450.9530130382,28421.686527407,32652.015594702,35603.248328071,32279.8208476151,30658.7422282912,31824.6219134777,28456.4438151477,29228.846559842,29707.765509467,25982.4416197775,26755.6061149398,28381.3425596906,30602.4212881113,29786.5245689007,27233.9426461608,30799.4775937775,30319.4987196616,33493.2225409111,35326.7683069278,..
Spain,ESP,Total natural resources rents (% of GDP),NY.GDP.TOTL.RT.ZS,0.0564405854963142,0.0459379332028074,0.037680043973568,0.0468983599455063,0.0365129860316234,0.0437611139022438,0.0522545246245296,0.0651768808604099,0.0353108280972567,0.058346056568316,0.065256205028861,0.0730629225763844,0.0627348719312166,0.0606477510711108,0.0478922611851597,0.0419317249195144,0.0530656069147325,0.0630077839936006,0.0390101070611282,0.0381216045324834,0.115181021827658,..,..,..,..
Sri Lanka,LKA,"Portfolio equity, net inflows (BoP, current US$)",BX.PEF.TOTL.CD.WD,-34690000,-52630000,-143200000,-100350000,-215500000,-304000000,-322010000,-487900000,-381500000,-1048530000,-171408609.378536,272350971.843786,225680547.264148,178061373.425482,-60123100.9024812,24368776.2416764,358638656.660148,-4401080.5263425,-4367751.5309651,-216741809.896527,-232216253.949589,151173147.17154,8089239.87703683,1597169.77187038,..
Sri Lanka,LKA,GDP (current US$),NY.GDP.MKTP.CD,15749753804.8344,16536535647.0834,18881765437.2151,20662525941.2985,24405791044.7761,28267410542.5164,32350238760.4239,40713826215.0093,42066224093.0065,58636049434.1871,67753285896.6254,70447217163.7784,76976203829.4765,82531125190.5224,85090301052.0465,88000211171.5956,94369350285.5814,94450015982.8405,88998706296.5783,84335574581.5072,88556698937.7033,74143020262.8076,83716142582.1945,98963185509.6499,..
Sri Lanka,LKA,Trade (% of GDP),NE.TRD.GNFS.ZS,80.8986015327576,76.3351317826517,75.336247330543,79.4829449011187,73.6039729580533,71.2611784883009,68.6065116601391,63.369043608222,49.1491415308235,..,..,..,..,..,46.9179708088816,46.4715370252187,47.1404098004644,49.8093967521361,49.42552388546,37.089118857292,41.2288463291999,46.6826080196819,43.5362302960951,42.3975008711047,..
Sri Lanka,LKA,"Foreign direct investment, net inflows (% of GDP)",BX.KLT.DINV.WD.GD.ZS,1.09074720867871,1.1882779089504,1.21132740876657,1.12667735136244,1.11612854301768,1.6970072277349,1.8639738781084,1.84752962305149,0.960390452698523,0.814446069624814,1.41088360121529,1.3359173422599,1.21148000445532,1.08277813761066,0.798746315198801,1.01937184461335,1.45462805347273,1.70888696252001,0.835367459152173,0.514700552667608,0.66882570941316,1.19249322228342,0.851705946554554,0.769118881748846,..
Sri Lanka,LKA,GDP per capita (current US$),NY.GDP.PCAP.CD,803.544026627385,834.936014905338,946.382255128072,1028.62068132555,1207.21994764165,1388.89739119932,1578.63451125392,1973.58476901287,2026.65939950702,2808.36244503709,3224.95745150496,3327.77613691283,3739.43181100202,3972.04375736464,4057.7158346231,4149.19190775593,4398.88828068715,4358.56095906047,4081.94772722003,3847.60137695639,3996.96240014909,3342.63650253855,3798.89016573011,4515.56787322732,..
Sri Lanka,LKA,Total natural resources rents (% of GDP),NY.GDP.TOTL.RT.ZS,0.196220474071304,0.203787939938968,0.196684504988527,0.147494466742975,0.124198914028397,0.16417428202828,0.196497793780255,0.168491007991096,0.154024920053947,0.181247741101714,0.161869001521806,0.137234670569948,0.111206626762233,0.106716230120525,0.116815682766825,0.120808775080832,0.0888765377568958,0.064834147164453,0.0722571812304566,0.0850400982115445,0.0832444969793704,..,..,..,..
St. Kitts and Nevis,KNA,"Portfolio equity, net inflows (BoP, current US$)",BX.PEF.TOTL.CD.WD,145316.169025107,-99291.2525166411,-37431.5151770148,-27294.6607969264,164913.372925407,-181470.042373096,79613.4336319114,115242.551852794,274321.660847882,252526.631731274,211502.330735883,518021.397346137,-1190411.66279835,..,2747131.85185185,-8043363.33333333,183127.777777777,-679778.518518518,226453.703703703,334615.925925925,-2725691.11111111,491924.444444444,233718.888888888,92552.2222222222,..
St. Kitts and Nevis,KNA,GDP (current US$),NY.GDP.MKTP.CD,458643829.014199,481077373.669966,469869869.86987,506900000,547203703.703704,644414814.814815,689285185.185185,777692592.592593,774274074.074074,778718518.518518,836092592.592593,824585185.185185,874548148.148148,952111111.111111,957222222.222222,1006818518.51852,1056977777.77778,1076548148.14815,1107855555.55556,883922222.222222,858622222.222222,981429629.62963,1055651851.85185,1122388888.88889,..
St. Kitts and Nevis,KNA,Trade (% of GDP),NE.TRD.GNFS.ZS,..,..,..,..,..,..,..,..,..,..,..,..,..,..,..,..,..,..,..,..,..,..,..,..,..
St. Kitts and Nevis,KNA,"Foreign direct investment, net inflows (% of GDP)",BX.KLT.DINV.WD.GD.ZS,18.2189521068262,15.7414536616028,16.0706237869386,9.07455659677946,9.90185105493234,15.5984629925169,18.2275138957072,19.2570726755219,17.2637807805493,15.7969193594166,10.5862643242429,13.793834368349,16.4870548666494,16.4538142918271,13.4009221512864,12.0592980087624,4.54372053093376,3.72038789959679,5.63784923158187,0.321150763222841,2.23512681815828,4.1869384420309,2.82603990513145,3.74957950139418,..
St. Kitts and Nevis,KNA,GDP per capita (current US$),NY.GDP.PCAP.CD,10022.5919235637,10453.6587064313,10175.6295449989,10944.6183741768,11783.7867154145,13837.8495311219,14757.9579751035,16604.9448615905,16503.4119292794,16622.9457908577,17832.4572919975,17532.0559008608,18580.1301949935,20219.3954237956,20328.8003530109,21387.5415511103,22464.9899633959,22901.3816403197,23595.4923231291,18859.0190361046,18361.1449697886,21011.5744209816,22576.9248439166,23960.6534357084,..
St. Kitts and Nevis,KNA,Total natural resources rents (% of GDP),NY.GDP.TOTL.RT.ZS,0,0,0,0,0,0,0,0,0,0,0,0,0,0,0,0,0,0,0,0,0,..,..,..,..
St. Lucia,LCA,"Portfolio equity, net inflows (BoP, current US$)",BX.PEF.TOTL.CD.WD,126543.602743159,152928.949803745,162391.968793312,158571.472994537,302835.02182818,328110.118617235,333438.072458093,98105.1437102525,407140.707773411,560934.675298818,466778.397147344,683034.500780981,1002476.74041152,..,562924.763176533,484747.777777777,459397.777777777,525184.444444444,581696.296296296,646401.851851851,..,546991.481481481,626056.296296296,753453.703703703,..
St. Lucia,LCA,GDP (current US$),NY.GDP.MKTP.CD,892592592.592592,900000000,987407407.407407,1066666666.66667,1135555555.55556,1268319185.18519,1336088814.81481,1437731111.11111,1401507888.88889,1482385185.18519,1568370370.37037,1598207407.40741,1660392592.59259,1749185185.18518,1807640740.74074,1868544444.44444,1998503703.7037,2060955555.55556,2095344444.44444,1499274074.07407,1867185185.18518,2342714814.81481,2430166666.66667,2549062962.96296,..
St. Lucia,LCA,Trade (% of GDP),NE.TRD.GNFS.ZS,..,..,..,..,..,..,..,..,..,..,..,..,..,..,..,..,..,..,..,..,..,..,..,..,..
St. Lucia,LCA,"Foreign direct investment, net inflows (% of GDP)",BX.KLT.DINV.WD.GD.ZS,11.743549263599,11.1010234731533,16.5934320723105,11.3957277281637,10.1698606969307,22.7795189564418,15.193420090713,13.6063864155208,9.63093050790719,11.7530170243607,6.19533348387191,7.38092558879021,7.56598774359971,3.84517869828728,8.42203722655325,8.64914217402882,4.500439600106,2.20879100094065,3.60370334233035,6.61223231489807,3.76096784623319,2.47761444857422,8.35645076926594,7.32073642166254,..
St. Lucia,LCA,GDP per capita (current US$),NY.GDP.PCAP.CD,5570.45247098106,5567.89428424719,6058.60622059326,6494.60034867886,6863.43641919345,7611.17856675319,7964.38211480117,8516.96075488787,8250.52180732734,8673.68720340529,9128.99442011613,9260.30006551714,9577.21733754358,10044.8218377677,10334.9860823918,10638.1269396653,11333.1123822102,11642.6984727769,11794.0597229805,8411.07474936367,10459.1321248092,13103.8243147472,13554.7684784933,14181.6303351598,..
St. Lucia,LCA,Total natural resources rents (% of GDP),NY.GDP.TOTL.RT.ZS,0.0108995599318409,0.00976368630541872,0.00955262139236899,0.00923644702272921,0.00854642315722339,0.011003542472601,0.0107765868867244,0.0106419166715498,0.00993011381194443,0.0213939960854132,0.0171733829693113,0.0164637996812387,0.0211912988549864,0.0254436551499196,0.0186627705111545,0.0242375524260307,0.0188680203388547,0.0120179605482605,0.0105301058741755,0.0193601689591786,0.0134294898917373,..,..,..,..
St. Martin (French part),MAF,"Portfolio equity, net inflows (BoP, current US$)",BX.PEF.TOTL.CD.WD,..,..,..,..,..,..,..,..,..,..,..,..,..,..,..,..,..,..,..,..,..,..,..,..,..
St. Martin (French part),MAF,GDP (current US$),NY.GDP.MKTP.CD,..,..,..,..,..,..,..,..,..,..,775875748.523832,..,..,772921958.529509,..,..,..,..,652206037.103874,..,649206262.847519,..,..,..,..
St. Martin (French part),MAF,Trade (% of GDP),NE.TRD.GNFS.ZS,..,..,..,..,..,..,..,..,..,..,..,..,..,..,..,..,..,..,..,..,..,..,..,..,..
St. Martin (French part),MAF,"Foreign direct investment, net inflows (% of GDP)",BX.KLT.DINV.WD.GD.ZS,..,..,..,..,..,..,..,..,..,..,..,..,..,..,..,..,..,..,..,..,..,..,..,..,..
St. Martin (French part),MAF,GDP per capita (current US$),NY.GDP.PCAP.CD,..,..,..,..,..,..,..,..,..,..,20930.5821177758,..,..,20638.7705882379,..,..,..,..,19033.0649634889,..,21668.3776525323,..,..,..,..
St. Martin (French part),MAF,Total natural resources rents (% of GDP),NY.GDP.TOTL.RT.ZS,..,..,..,..,..,..,..,..,..,..,0,..,..,0,..,..,..,..,..,..,..,..,..,..,..
St. Vincent and the Grenadines,VCT,"Portfolio equity, net inflows (BoP, current US$)",BX.PEF.TOTL.CD.WD,-65285.3309765092,-64039.2197714866,-62308.5204586622,-43586.6806825196,-169820.761189059,-127692.229085998,-69470.1623844711,-143004.553140823,-171614.178006484,-115586.558663711,-239522.74270656,-322790.031265545,-597144.695378774,733669.537037037,-427506.444444444,-830647.350351851,-121218.217603704,-409245.441684259,-1227934.44444444,5110,-7983.33333333333,78470,4769.62962962963,..,..
St. Vincent and the Grenadines,VCT,GDP (current US$),NY.GDP.MKTP.CD,462072333.333333,487763851.851852,509090888.888889,549900185.185185,579948925.925926,643501148.148148,713596666.666667,732663259.259259,714300259.259259,720447888.888889,713796370.37037,730032592.592593,764781259.259259,770900000,786555555.555555,814303703.703704,844040740.740741,884329629.62963,910481481.481481,864566666.666667,888677777.777778,989188888.888889,1072237037.03704,1157207407.40741,..
St. Vincent and the Grenadines,VCT,Trade (% of GDP),NE.TRD.GNFS.ZS,..,..,..,..,..,..,..,..,..,..,..,..,..,..,..,..,..,..,..,..,..,..,..,..,..
St. Vincent and the Grenadines,VCT,"Foreign direct investment, net inflows (% of GDP)",BX.KLT.DINV.WD.GD.ZS,3.86141465002383,5.38789344689429,6.85125115746727,15.120110354189,6.88174169420403,18.6436807370603,11.7815895828964,21.4509743987017,15.3014273138421,13.3089028738841,11.8576076339128,18.1986473300916,20.0776834830317,16.1399244753356,15.7495814618354,8.66074512206484,19.5953970726633,4.52412383276845,7.5606563885612,7.54647187844049,18.8915993798527,6.59514716509223,6.88612464767325,12.0060314102276,..
St. Vincent and the Grenadines,VCT,GDP per capita (current US$),NY.GDP.PCAP.CD,4071.08601098962,4303.27976789727,4499.61454193342,4873.48947742443,5157.39373878102,5744.8278621257,6398.19123532172,6598.90531450859,6463.78777336717,6551.96835992405,6527.68996854448,6713.80768643865,7072.46737188939,7168.82875342911,7353.73556054184,7656.90042881178,7988.04445019298,8428.12677153069,8740.59425232061,8351.20324040982,8641.27904024443,9693.55867833025,10582.3656725229,11501.2265187188,..
St. Vincent and the Grenadines,VCT,Total natural resources rents (% of GDP),NY.GDP.TOTL.RT.ZS,0.0180467018441428,0.0151801262417854,0.015347834892368,0.0145943068486417,0.0134063462217842,0.0171699193285803,0.0157871725548066,0.0161514365672412,0.0148951275322513,0.0333656636694466,0.028465453623185,0.0269643348103745,0.034115439439788,0.0423946065801886,0.0312630692791454,0.0407859033307733,0.0329828886778541,0.0209304790297473,0.018299980174056,0.0256464367493511,0.0193291690653381,..,..,..,..
Sudan,SDN,"Portfolio equity, net inflows (BoP, current US$)",BX.PEF.TOTL.CD.WD,..,..,..,..,78153790,-33678264.4186908,543039.977370946,72198549.1553194,-468296.470250573,7491374.58248874,12733660.5450168,2171312.94401074,13324.3572550667,2307783.97926419,..,..,..,..,..,2529354.28596324,2969639.90173597,524009.092595894,..,..,..
Sudan,SDN,GDP (current US$),NY.GDP.MKTP.CD,15716361792.1926,18137128388.3606,21355298459.5955,26646007250.7319,35182711987.974,45263831634.1497,59440139774.8128,64833083257.1431,51621044076.9231,58962978034.4828,55018567210.5263,37632919966.6667,43024018082.1918,49516748617.9775,51726758676.7677,42630376000,41283617976.1905,32333780383.2924,32338079165.2893,27034593750,34229513774.9936,51666875363.0963,39898289820.7951,49672435513.1126,..
Sudan,SDN,Trade (% of GDP),NE.TRD.GNFS.ZS,20.2933456223411,25.6255617213052,26.4402280670553,30.4323376195052,35.8715914021946,36.2025936172703,34.4033361615632,36.7410978273835,32.7808783344833,32.728309950035,27.512339023518,21.8561745247301,26.8585245020134,20.8451090041313,18.3782728546541,15.2816698903461,17.8313898297102,21.8679187274323,26.1196204552625,9.95514507626151,4.12754863828426,2.69883443585856,2.47372878267665,1.99541210225008,..
Sudan,SDN,"Foreign direct investment, net inflows (% of GDP)",BX.KLT.DINV.WD.GD.ZS,3.65224475988548,3.93215499570306,6.31782319761386,5.67090591014718,4.4387993666553,4.06910716037147,2.53091571467554,2.54980980762297,3.3441756822644,3.50004539535845,3.15234852962884,6.14212434699966,3.92312074519106,2.52698516017578,3.34135261447755,2.49532759301928,2.58043876395005,3.51269523880448,2.55226968828806,2.65193447042229,1.52754029838982,1.11000421594226,1.37399372870934,..,..
Sudan,SDN,GDP per capita (current US$),NY.GDP.PCAP.CD,451.293304443359,506.262634277344,580.320251464844,705.113342285156,905.543640136719,1132.474609375,1444.37219238281,1527.58239746094,1178.22180175781,1305.63598632813,1332.6572265625,1019.22210693359,1138.62780761719,1275.43835449219,1292.37963867188,1033.21594238281,966.505676269531,731.027465820313,709.975280761719,577.795227050781,712.122009277344,1046.24084472656,797.283447265625,984.607666015625,..
Sudan,SDN,Total natural resources rents (% of GDP),NY.GDP.TOTL.RT.ZS,6.91016926563004,7.22283531579549,7.00622430942374,10.1433483895059,12.4802287524508,12.5389562552987,13.677466454982,17.9797789026983,9.8427070618575,11.9428584964653,16.7759073133375,6.64669345938477,7.51778871746273,5.17423775201674,2.97569090164715,2.74050635867162,2.48029512284545,6.14770644131694,8.25976911220096,9.29265238055366,12.7502116848016,..,..,..,..
Suriname,SUR,"Portfolio equity, net inflows (BoP, current US$)",BX.PEF.TOTL.CD.WD,..,..,..,..,..,..,..,..,..,..,3342.79704,..,..,..,..,..,..,..,..,..,..,..,..,..,..
Suriname,SUR,GDP (current US$),NY.GDP.MKTP.CD,834279357.798165,1093574468.08511,1274190311.41869,1484092538.40527,1793410397.38738,2626380435.17877,2936612021.85792,3532969034.60838,3875409836.06557,4368370997.92126,4422276621.78703,4980000000,5145757575.75758,5240606060.60606,5126237646.22072,3317421648.09918,3591679430.99988,3996198866.57453,4016040575.08796,2911807496.20227,3107923197.96954,3791603200.0259,3472693412.08497,4416775112.09627,..
Suriname,SUR,Trade (% of GDP),NE.TRD.GNFS.ZS,..,..,..,..,..,98.1681931723564,101.377000372162,109.166838523407,87.9206617785298,90.9613941465855,..,..,..,..,..,..,..,..,..,..,..,..,..,..,..
Suriname,SUR,"Foreign direct investment, net inflows (% of GDP)",BX.KLT.DINV.WD.GD.ZS,-3.21235324229173,-6.73022296587416,-5.97242023566089,-2.51332036478539,1.56127119820371,-6.22149014709964,-8.40083736509118,-6.54973190348526,-2.41006768189509,-5.85344056449596,3.28538383339053,3.40245351551791,3.62949532348678,-1.13866864622319,3.5828587235507,6.9833403838341,2.67494793416759,3.27713336345246,2.09560541663346,0.0357132024302943,-4.26991302669251,-0.245419018781694,-1.52896596211284,-0.850285319023894,..
Suriname,SUR,GDP per capita (current US$),NY.GDP.PCAP.CD,1714.64846637242,2202.340682196,2516.10404020956,2887.7721728844,3453.42865937765,5002.65798695759,5530.17615638309,6576.08546307249,7129.5768626291,7943.60482816915,7949.88867218383,8851.24050668908,9043.19281529222,9108.18905406764,8813.61705392067,5644.2061057532,6049.52128553675,6665.74180472239,6629.66775248603,4755.39221710693,5029.84838543953,6084.43876736445,5521.97602122638,6961.78955961526,..
Suriname,SUR,Total natural resources rents (% of GDP),NY.GDP.TOTL.RT.ZS,11.6233257963328,7.86803705064934,6.93494800304082,8.9413724509072,15.2004474166859,13.1868444010477,14.3924082867818,15.9675361939534,11.3987131377577,22.1694362010361,31.9335594131783,29.1297720421828,20.7444083074763,13.3454910423686,5.12495877980327,15.0617975898749,19.7854729048857,8.44388268533074,6.83251753458721,4.60122863820656,9.59272209392741,..,..,..,..
Sweden,SWE,"Portfolio equity, net inflows (BoP, current US$)",BX.PEF.TOTL.CD.WD,-2659285864.21692,2565637933.92128,452177528.085666,-82617965.5336933,2053670507.06806,-1460888370.19572,4488907955.97813,-1626388896.85204,1372180597.86273,5144356169.45957,2211252765.58559,3969457153.03562,5099789694.88399,2007944855.2951,1926800190.96273,-3047369374.18491,3259905209.3765,46479960.393408,1147073389.49472,7374259068.167,17874411771.5879,-20114318712.9339,-2380163751.63681,2729414780.47058,..
Sweden,SWE,GDP (current US$),NY.GDP.MKTP.CD,242497797484.776,267371907446.776,334072443515.576,384545442175.019,391688455928.597,422528394459.353,490047789548.441,514614100832.941,434311714442.499,492750897239.447,570538581144.45,549739674655.127,584125353119.18,577727767303.596,501602351911.6,513058312950.939,535172356784.769,549649344043.182,530894124494.418,544265668451.678,631693331300.776,575071237640.921,578990915246.07,603715224265.798,..
Sweden,SWE,Trade (% of GDP),NE.TRD.GNFS.ZS,80.5691828117714,77.0853186972402,75.3282174864238,78.7358819187356,84.167923018031,88.3302608918239,89.5469236610223,92.8083687095596,81.958313967393,85.0914849272733,86.3907448060188,85.2980605424359,81.6402521329964,83.8229810483527,84.1730765958171,83.4519478574149,86.0693088740521,90.4087142361701,92.7511390290561,84.4745958141618,91.1102374413042,107.111751826512,107.619709443974,105.883091480464,..
Sweden,SWE,"Foreign direct investment, net inflows (% of GDP)",BX.KLT.DINV.WD.GD.ZS,7.51256723790645,6.87493521047709,1.79831756030611,4.38300602347958,5.30592267942897,5.21921287841886,9.41612400200535,8.05196630424181,2.06323507354771,0.126859666003955,1.22329216394859,0.777373680569339,0.2546975094246,-1.0454392642501,1.94926707461038,3.01534061830454,4.54156677126576,-0.129928906336359,2.9559286166832,3.36375559523307,9.17868162234424,9.35228228785513,3.22512369002956,4.47808450970011,..
Sweden,SWE,GDP per capita (current US$),NY.GDP.PCAP.CD,27259.3174300217,29957.7776664916,37292.2419727801,42758.0048564929,43378.4077394363,46531.3762240485,53568.3057787832,55817.1759726485,46707.6425044751,52542.5759090299,60379.4814599322,57749.5615420853,60843.9888799369,59583.4584491714,51188.1652120493,51703.5088332851,53210.2233318965,54018.4554391861,51648.9892820514,52568.5726980146,60647.5416365347,54836.8907235124,54950.2834725622,57117.4877440616,..
Sweden,SWE,Total natural resources rents (% of GDP),NY.GDP.TOTL.RT.ZS,0.322643494072171,0.321564907171153,0.263508968727942,0.238576047242459,0.436646674359194,0.441406275820555,0.649093880537934,0.653208439558389,0.34427300932069,1.41416853353088,1.6957695570353,1.06629092584269,1.00193412946544,0.908726777199877,0.488159781498559,0.722466863316197,1.04602397797532,1.06109616438888,0.404780111504663,0.370599691340783,1.20827979934218,..,..,..,..
Switzerland,CHE,"Portfolio equity, net inflows (BoP, current US$)",BX.PEF.TOTL.CD.WD,1839880074.95805,5678789985.13901,-4427639706.90213,-2789103841.7831,3950905712.25718,537177851.519688,688710323.36406,24352497443.7087,9239157533.23554,-7166652505.20709,7535939857.30455,15065574415.195,2818046947.45015,3406580717.83187,-13530117328.1498,-2886622030.95153,-39333328832.8469,-18492628177.4794,-2978605661.3008,-18580456929.3191,-5040305124.64978,-21629165693.6848,9358357384.45991,-12910179706.8888,..
Switzerland,CHE,GDP (current US$),NY.GDP.MKTP.CD,286582672434.226,309301422430.386,362075086507.76,403912891033.374,418284865884.998,441634672196.523,490740715594.802,567267767519.158,554212916092.271,598851028906.58,715888126682.396,686420221557.99,706234937370.968,726537808338,694118186379.628,687895460902.713,695200833086.499,725568717468.001,721369112726.724,741999406005.627,815309330986.719,828508926958.393,894424821645.205,936564198048.516,..
Switzerland,CHE,Trade (% of GDP),NE.TRD.GNFS.ZS,96.0398378851633,91.7818508640225,90.3354961093127,95.5170944588529,102.261172141836,106.245154784945,113.331857768509,116.778000147488,109.775984598968,120.065123269341,125.556273159907,126.453860464505,133.693708414477,120.213423375239,117.138482218872,123.565924513577,123.621807602301,124.428504325808,124.127612180467,121.785977998371,130.016261288489,138.500698753519,135.32000224909,134.09514852061,..
Switzerland,CHE,"Foreign direct investment, net inflows (% of GDP)",BX.KLT.DINV.WD.GD.ZS,3.40739822340102,2.6699038482556,5.44667518652086,1.75837273590171,0.637104289050494,12.1731323129404,9.92138923782949,0.527253063961103,8.59932509165806,2.95077318898271,2.90052077420682,5.81910221569192,-3.52948637026792,2.89084632358213,17.3922014905275,24.8364271188431,21.1132101645126,-22.2992307115934,3.09898460757035,-32.1514826654422,-14.8138174061548,-1.49836009615472,-12.9086989818136,-11.5737467714118,..
Switzerland,CHE,GDP per capita (current US$),NY.GDP.PCAP.CD,39638.7911061864,42458.7384679187,49335.7456291067,54659.4571488233,56242.8933645639,59011.0324592016,64989.1553256031,74175.1927898555,71568.3123885672,76531.3729407691,90476.7589651577,85836.2076767359,87304.3305813557,88724.9909402638,83806.4476003837,82153.0745447889,82254.3769269767,85217.3691512274,84121.9310304414,85897.7843338323,93664.7736696111,94394.5106803525,100623.549627296,103998.186685604,..
Switzerland,CHE,Total natural resources rents (% of GDP),NY.GDP.TOTL.RT.ZS,0.020027551740193,0.0174874465729194,0.0179605826583903,0.0139653911937158,0.0146097923245434,0.0174346266304433,0.0193040083982512,0.0170877778380369,0.0149515003832237,0.0153502739851764,0.0129731788701895,0.0116054102262085,0.0122925706275075,0.0133939110821008,0.0106918477707141,0.0105099534065671,0.00979558760538153,0.0130088671838284,0.0091832516564973,0.00802785319765779,0.00910740311945595,..,..,..,..
Syrian Arab Republic,SYR,"Portfolio equity, net inflows (BoP, current US$)",BX.PEF.TOTL.CD.WD,..,..,..,..,..,..,..,..,..,..,..,..,..,..,..,..,..,..,..,..,..,..,..,..,..
Syrian Arab Republic,SYR,GDP (current US$),NY.GDP.MKTP.CD,20237024724.7039,20669357462.3831,21828144686.0394,25086950495.0495,28858965517.2414,33751788856.305,40465318382.0585,52557913568.9549,54111735628.7065,61390830874.7007,67539428159.4474,43190318032.5627,21361254635.051,21502061465.9498,16466863117.0009,12597854877.4254,16369843352.3453,21497782867.6426,22583045060.0821,12047752036.091,14353205678.4991,23622827079.5047,..,..,..
Syrian Arab Republic,SYR,Trade (% of GDP),NE.TRD.GNFS.ZS,67.3681324999384,71.6443076814108,61.5469905405418,78.1149285929097,80.1330024866606,74.2052265865927,76.3793535157197,74.2279600990172,59.9438252393676,64.0101646947258,50.6960943456553,35.3686903315942,44.7052547833532,54.2644225210945,51.0862078228369,67.1119365330928,61.0508521719631,50.6590991144828,41.9994711236162,44.818335302748,61.2204850955149,35.6094680799956,..,..,..
Syrian Arab Republic,SYR,"Foreign direct investment, net inflows (% of GDP)",BX.KLT.DINV.WD.GD.ZS,0.543558163793316,0.556379172450294,0.732998623113997,1.09618743838262,1.73256383601582,1.95248910452015,3.06919397837023,2.7885874585822,4.74859703108017,2.3931861526359,1.19065657189387,..,..,..,..,..,..,..,..,..,..,..,..,..,..
Syrian Arab Republic,SYR,GDP per capita (current US$),NY.GDP.PCAP.CD,1186.82913474027,1183.2473451033,1220.179077256,1368.1148230028,1533.90166536568,1718.78347217338,1937.61138578027,2429.12477087189,2462.20193643202,2730.61477118949,2952.14349372257,1897.66115018696,985.892669227054,1060.59105886854,847.731631942565,656.3490586313,851.502005254153,1098.0668642357,1109.53926036049,572.355289831901,663.614245706815,1051.67149587463,..,..,..
Syrian Arab Republic,SYR,Total natural resources rents (% of GDP),NY.GDP.TOTL.RT.ZS,5.22698243829877,5.48864248955815,5.8103150487949,4.83903739957955,5.53488198706116,5.40934294961658,4.80807293077512,5.63988552760689,3.3008620480675,4.10943264371734,20.3536054160127,15.2359708811944,10.4697183432435,5.74137102637288,3.61325134885599,3.17208654310089,3.11485462954234,3.35036111849182,3.76931985084524,6.37482598047532,..,..,..,..,..
Tajikistan,TJK,"Portfolio equity, net inflows (BoP, current US$)",BX.PEF.TOTL.CD.WD,..,1512900,343300,..,..,..,..,..,..,6509450,47010,-341880,51390,1368020,44350,47470,..,1330,-73403580,464280,348960,217260,-1298310,601960,..
Tajikistan,TJK,GDP (current US$),NY.GDP.MKTP.CD,1080772551.29433,1221106220.2868,1555318261.4172,2076176869.41089,2312352020.6689,2830213848.6203,3719524540.86193,5161299725.27673,4979472364.4534,5642221099.17704,6522756255.012,7633036903.07634,8448411318.25417,9112605459.32845,8271431485.07484,6992416096.89018,7536402852.85802,7764999999.45362,8300813599.3084,8133963550.65742,8937805347.13963,10713525200.3998,12244169292.7998,14204575548.5536,..
Tajikistan,TJK,Trade (% of GDP),NE.TRD.GNFS.ZS,146.657305562056,138.6839688324,137.669592976856,128.338170674363,126.994699303416,141.153912074728,145.528099715723,114.480149093579,85.9781370434108,73.493044509473,79.7842446734572,83.1759445401528,71.7437428882341,54.6071596053705,49.9378160689555,55.7246446907573,53.7861046057767,55.8461114113303,56.0450159145896,55.7491040194954,71.825937435383,65.4355115893577,65.6347010367354,..,..
Tajikistan,TJK,"Foreign direct investment, net inflows (% of GDP)",BX.KLT.DINV.WD.GD.ZS,0.878575236633123,2.95358416825764,2.03493399294115,13.1022122444311,2.35601238535648,11.9647283955266,9.67777994325544,9.42813566158299,2.993500899093,1.6649590356128,2.23653413214552,3.16697499395782,3.351407966942,3.58397838530001,5.48892076080458,3.45540459636672,2.46572647891723,2.84433010113639,2.5637213527723,1.30975252279444,0.94025522151091,1.62432287476597,1.14813698883392,2.05083616601343,..
Tajikistan,TJK,GDP per capita (current US$),NY.GDP.PCAP.CD,168.676285365186,186.951638285222,233.58124845289,305.745158587502,333.927150941684,401.018403316427,516.997210618914,703.327375898643,664.795655734657,737.338883219356,833.601978202852,952.452819695469,1028.19704279396,1081.54402932039,956.916310930656,788.710481734485,829.45714764957,834.288404578801,871.022372934846,834.311715460625,896.748053372182,1052.17949484894,1178.47990060249,1341.20229027672,..
Tajikistan,TJK,Total natural resources rents (% of GDP),NY.GDP.TOTL.RT.ZS,0.805848988816504,0.870841445154547,0.771708158446555,0.670242624415773,0.573554955696277,0.806534780212606,0.755300010566859,0.83611428208625,0.667149274578302,1.67499054637824,2.03753218816376,1.70765801661998,1.3294136907651,2.19331996280515,2.26536441077173,3.80725838932103,4.54778525164425,5.40040742136206,5.22368712777317,5.13513488386848,9.04634759702914,..,..,..,..
Tanzania,TZA,"Portfolio equity, net inflows (BoP, current US$)",BX.PEF.TOTL.CD.WD,8200000,2200000,2700000,2400000,2500000,2625000,2756250,2894062.5,3038765.625,3190703.90625,3350239.1015625,3517751.05664062,3517751.05664062,3693638.60947266,3878320.53994629,3878320.53994629,3878320.53994632,882735.02,5500000,5500000,5190067.1405,5500000,5500000,5500000,..
Tanzania,TZA,GDP (current US$),NY.GDP.MKTP.CD,13563990022.3641,14129651895.6911,15211487708.7684,16673062473.3981,18395383647.4975,18619859795.2852,21860434823.4808,27947821397.9272,29400573553.6075,32012892919.37,34657140096.4836,39650394362.9287,45648857242.315,49986726460.6805,47413919817.124,49774409374.4538,53274884532.7886,57003712892.0858,61026731925.9213,66068737786.0639,70655628147.8986,75749121842.9149,79030935627.0781,78844405385.2195,..
Tanzania,TZA,Trade (% of GDP),NE.TRD.GNFS.ZS,28.0301432282533,27.4992172734904,30.4488358249326,33.609786736665,36.9592732894013,42.7681664691467,48.0583947796554,49.0265445510865,43.5326006456317,47.6404394295683,56.1661241821809,54.3689490815138,48.6316275295495,45.3560223433065,40.7576808778314,35.4204704002636,33.1125919853124,32.6426099043737,33.0185892502311,27.9630151969884,29.9151840074048,35.0034517101994,38.212034806339,41.5131207208244,..
Tanzania,TZA,"Foreign direct investment, net inflows (% of GDP)",BX.KLT.DINV.WD.GD.ZS,4.04947475303632,2.79955328638088,2.09316343526651,2.65421873789577,5.08562696835774,2.16456512450246,2.66011088834969,4.94943766923668,3.24017488387777,5.66396796617806,3.54720849735785,4.53878496380622,4.57242839319348,2.8329281892962,3.17633492826527,1.73591210997565,1.76011643802415,1.70440979499363,1.99459353959393,1.42845965174632,1.68494347865961,1.89781100360764,2.08641570952108,2.17843632795407,..
Tanzania,TZA,GDP per capita (current US$),NY.GDP.PCAP.CD,396.638732910156,402.649047851563,422.18359375,450.385284423828,483.334869384766,475.746734619141,543.198303222656,675.977233886719,693.823547363281,736.530151367188,775.392761230469,861.969909667969,963.05712890625,1022.74841308594,939.127319335938,953.0107421875,986.674011230469,1023.10626220703,1063.32250976563,1117.41528320313,1159.85656738281,1207.52062988281,1224.00219726563,1186.71691894531,..
Tanzania,TZA,Total natural resources rents (% of GDP),NY.GDP.TOTL.RT.ZS,4.04412476360876,4.85747358130828,6.86273700817164,5.35429372711806,4.99358813102763,5.52196373960203,6.20610344090512,5.0765951351817,5.53625650735826,5.55945838220369,7.33646177996057,6.8325198508577,5.76723525319283,5.04690559304949,5.30193884393363,5.61603835789229,5.13616759488345,3.61159728659091,3.53145044367484,3.85169508025186,6.69370906979479,..,..,..,..
Thailand,THA,"Portfolio equity, net inflows (BoP, current US$)",BX.PEF.TOTL.CD.WD,351522976.304753,538954637.727765,1786452799.49057,1319155852.75306,6250383026.5,5410245254.49999,7230585047.79999,-9441823507.40001,9548264469.59999,2397768147.89999,22895120.7,84663431.069351,-3293353914.98952,-5811449015.5736,-8969392289.79198,-786102217.123508,598390518.35961,-6997999778.56761,55830303.057433,-7868487119.47237,-1962658622.16602,6421230056.74843,-5657548885.30234,-3395481689.01395,..
Thailand,THA,GDP (current US$),NY.GDP.MKTP.CD,120296476180.402,134300904400.022,152280615245.887,172895685154.658,189318408468.595,221758296021.621,262942621455.053,291382982430.951,281710630187.319,341104766329.17,370818739623.622,397558325278.579,420333654592.547,407339040197.651,401296238228.084,413366349747.508,456356813536.764,506754208404.485,543976691793.886,500461898480.246,506194668789.937,495644697587.661,515906283940.933,526517658841.684,..
Thailand,THA,Trade (% of GDP),NE.TRD.GNFS.ZS,120.267966273533,114.969743021067,116.692819704865,127.411873720393,137.853866832247,134.086946191268,129.873226989717,140.437011540931,119.269418854589,127.250522638251,139.675407224576,137.67493851024,132.462274174269,130.905495444398,124.839662152526,120.57522728913,120.891427433638,120.841864730984,109.689514715166,97.8007432465178,117.252944620852,132.858712082871,128.824114152375,136.747107022451,..
Thailand,THA,"Foreign direct investment, net inflows (% of GDP)",BX.KLT.DINV.WD.GD.ZS,4.21223509530842,2.48815301889834,3.43593984811892,3.38947495269123,4.33958708070528,4.0212567065949,3.28356939351343,2.93824905393328,2.27590224065624,4.32320928209171,0.667087644548593,3.24456444314608,3.79126450872817,1.22145318013998,2.22468548959784,0.843364340718618,1.81550260101987,2.71279835138662,1.01734877580041,-0.857989527274493,3.04025282072429,2.39179841841837,2.00183400496619,2.71636831286516,..
Thailand,THA,GDP per capita (current US$),NY.GDP.PCAP.CD,1889.93432467144,2089.75183111554,2347.54001286066,2641.56268717857,2867.70383436062,3331.32043511773,3918.52817434581,4309.13509292986,4135.43986952819,4973.86288823778,5373.6232832898,5725.52802835463,6018.08244729255,5801.1978916205,5688.85335397884,5833.57715617098,6413.09182530343,7099.77650081458,7605.69657797759,6985.64393892574,7057.20754802279,6909.35281815827,7195.10130919449,7346.62022142185,..
Thailand,THA,Total natural resources rents (% of GDP),NY.GDP.TOTL.RT.ZS,1.94127427905778,1.74432562114147,2.29161140202485,2.39381750940094,2.84717140955297,2.88566054006214,2.75732969055044,3.62309704439162,2.40093157400913,2.73568032123207,3.14709998160529,2.90571167294829,2.61852748014065,2.8228271736769,1.93092320697655,1.5532188768547,1.63215260676224,1.81670642609227,1.51242491485513,1.1095683956846,1.8170265297611,..,..,..,..
Timor-Leste,TLS,"Portfolio equity, net inflows (BoP, current US$)",BX.PEF.TOTL.CD.WD,..,..,..,..,..,..,..,..,..,..,..,5000000,2000000,..,..,..,..,..,..,..,..,..,..,..,..
Timor-Leste,TLS,GDP (current US$),NY.GDP.MKTP.CD,477359252.614385,469455490.775238,490439116.183565,440771962.234046,462267954.030558,453792414.597114,542795446.507391,648523571.342018,726937835.848612,881909347.096515,1042534597.52614,1160555039.5788,1395727420.71268,1447535182.8616,1590282371.46446,1640464612.08088,1584878439.93596,1555988614.43594,2032550389.41316,2162619240.86927,3625024341.27346,3208599889.00965,2079767170.22651,1865608515.41321,..
Timor-Leste,TLS,Trade (% of GDP),NE.TRD.GNFS.ZS,166.743432303288,180.403747192172,122.311960519559,107.330836147183,74.6712693208544,98.8757187138751,128.760893188042,135.250768661926,157.686439820937,134.400510427226,140.766344089557,128.500488863095,79.634121567732,82.7357767711716,60.0769230184537,60.3106239445445,58.6347534789983,64.8191803659945,70.6142431890513,84.7503102509987,99.8599994214434,97.6211103607359,89.3046529157582,95.4485021286221,..
Timor-Leste,TLS,"Foreign direct investment, net inflows (% of GDP)",BX.KLT.DINV.WD.GD.ZS,..,..,0.921419163129843,..,0.196422873807942,1.86827372807191,1.60190394822128,6.12128417638544,6.59681588921818,3.43944724816262,4.70566335701583,3.47958024159337,4.00200675225529,2.34229136010836,2.70363935182192,0.333972458756695,0.423750951361252,3.08007810122631,-7.79447354365124,-16.2053004878706,-6.59364357378021,1.67248575304862,5.87499269142466,12.0853687045097,..
Timor-Leste,TLS,GDP per capita (current US$),NY.GDP.PCAP.CD,587.700634429079,533.982465942154,534.901171348385,474.420726695663,487.464506929223,464.667016791076,540.154630518785,628.153191495026,686.579329690731,813.060220670369,939.045238884406,1022.61906675901,1204.56843320518,1224.74956308733,1319.59295003154,1335.54391073349,1266.17771143471,1219.46599728983,1562.36458068032,1630.86938521256,2684.92676774277,2343.24954740187,1502.41147438211,1331.9705130185,..
Timor-Leste,TLS,Total natural resources rents (% of GDP),NY.GDP.TOTL.RT.ZS,0.349604288511654,0.385732111728361,0.520108397399869,..,..,..,..,..,..,..,..,..,..,..,79.4309494383903,44.5556159738805,44.8705165836223,62.7689541343655,44.8952633775622,34.3932968859447,34.7297460391742,..,..,..,..
Togo,TGO,"Portfolio equity, net inflows (BoP, current US$)",BX.PEF.TOTL.CD.WD,1478704.82111854,6159605.78059172,9803457.89344689,14865227.8424433,16003539.436713,10359369.3381444,6322162.19457476,1376681.48645795,2083805.45285362,4527134.14649641,29708.3094484182,..,..,..,-152229.734809218,-3275365.52247076,-89234518.0478246,-183544243.479374,-179969308.696949,-173934041.507947,..,..,..,..,..
Togo,TGO,GDP (current US$),NY.GDP.MKTP.CD,2093498674.49678,2410199032.43102,2987984050.99318,3191561508.69088,3221910408.46516,3320907721.74508,3759962853.26476,4578847112.70688,4721888275.26937,4746386893.22553,5422439152.10906,5413541649.14901,6021729629.82454,6393314707.85456,5755457836.01866,6071167584.1951,6387424239.8801,7029215766.46367,6992654019.28876,7486031561.86885,8541668141.26198,8646453099.4124,9816236302.58515,10651180146.531,..
Togo,TGO,Trade (% of GDP),NE.TRD.GNFS.ZS,51.3941520650307,51.609565282441,55.389978417259,57.8710938708872,61.4542800128481,61.6128604620733,61.7740721086659,62.3076674472105,62.210419994299,66.7974885937104,77.732312664143,75.7132085684163,82.1477877564195,70.9156517502517,69.1281378813376,66.4450409805081,58.2088602526732,57.5737388499452,56.3421740349757,55.0659513954403,56.3775580757321,61.575092396894,..,..,..
Togo,TGO,"Foreign direct investment, net inflows (% of GDP)",BX.KLT.DINV.WD.GD.ZS,3.46872208576776,2.39840389095673,1.53192291487705,2.50559738999836,2.97971035930976,2.75216144371014,1.65977178667302,1.11146694137374,0.980635149082811,2.63493273204289,13.4388023170829,2.24458540176674,3.04894540679557,0.844950465027458,4.48026975109969,-0.76275824996834,1.38645400988561,-2.57457902571647,4.9437244573784,-0.79089727996859,-1.59478801736582,-2.00429827129667,0.812296154474204,0.786342441379874,..
Togo,TGO,GDP per capita (current US$),NY.GDP.PCAP.CD,396.692654520135,445.238691488925,538.16537776929,560.266308533382,551.259850017077,552.50227125256,607.587886721352,718.948386717473,720.693768151415,704.986772286079,783.988944671672,762.39162379069,826.542799987227,855.584809246574,751.051987587248,772.581357620609,792.765700965864,851.120561233595,826.255209019798,863.468665870276,962.075187515872,951.232378690387,1055.01727877926,1119.38160509429,..
Togo,TGO,Total natural resources rents (% of GDP),NY.GDP.TOTL.RT.ZS,6.64861942296073,6.84815672076429,9.30157253117212,6.31025984592111,6.87103075962386,8.39328796217993,10.5484843902413,15.1545627268664,14.6752963580582,11.3076284343152,17.924810571738,20.9936889901917,15.5653200902369,13.3950715961836,12.7280087175611,9.003109569313,7.77733835842081,4.87362329556752,4.32587635811955,4.73168572169493,7.86417419787513,..,..,..,..
Tonga,TON,"Portfolio equity, net inflows (BoP, current US$)",BX.PEF.TOTL.CD.WD,..,..,..,..,..,..,..,..,..,..,..,..,..,..,..,..,..,..,..,..,..,..,..,..,..
Tonga,TON,GDP (current US$),NY.GDP.MKTP.CD,181117230.406546,182764280.828501,202246591.215502,230678011.42199,261823805.433238,292232703.306768,298519623.342085,344438844.333518,312415028.446113,366887374.989696,414143828.494419,471122971.305043,451788498.263614,440997738.014078,437525514.240726,420828262.317922,459976850.268529,493530783.00463,506031238.979937,506571467.895978,519306352.78704,556514555.400882,591139749.44287,..,..
Tonga,TON,Trade (% of GDP),NE.TRD.GNFS.ZS,62.4065643935194,73.8374093817514,73.2160568173731,73.9737151214869,76.2080494394572,66.3549884749532,68.2299182500325,72.6563791156237,74.3406648891028,70.7976681214649,78.8578648859134,77.9722872799652,82.731581196292,74.7304245935745,81.3902410936397,87.7771675387955,88.0434937486257,86.1039624323194,88.0453900968952,81.8494988890262,68.5461486002269,70.1272756617234,79.6239205024045,..,..
Tonga,TON,"Foreign direct investment, net inflows (% of GDP)",BX.KLT.DINV.WD.GD.ZS,4.21200124520251,2.56728501801885,0.0901243029612134,2.39886931834874,2.29371409620501,3.75983551599556,5.89035555053906,6.24719241143554,0.0790635732994994,1.27041874988286,1.8451444721178,-0.178618753397925,1.38770980540009,3.00261120308574,3.37347770551723,3.9505771329227,-3.40708330022208,4.70301138186589,-1.20711457204864,0.754966505925585,0.049775545023486,0.523176247933185,0.44357392332268,..,..
Tonga,TON,GDP per capita (current US$),NY.GDP.PCAP.CD,1753.51667576626,1759.4805324576,1936.04104012389,2195.44890047673,2477.72620144825,2750.34778600857,2797.06560109144,3218.45303993196,2914.23774004564,3416.08356601207,3849.99375750134,4384.17058724217,4219.24670113014,4136.59013792529,4123.90323993332,3987.98626206287,4365.92932788383,4675.04791274385,4788.83342304684,4792.35854741522,4922.80171378368,5298.01941509951,5651.59373063157,..,..
Tonga,TON,Total natural resources rents (% of GDP),NY.GDP.TOTL.RT.ZS,0.0334836324185704,0.0356624746568151,0.0416732311926056,0.0314037620833385,0.0240156319029119,0.0365612699976649,0.0481607338181629,0.0556292226810907,0.0549399979848963,0.0485079387936127,0.0478419579924403,0.0398683612912305,0.0401188794815067,0.0521558048423682,0.0421389970297059,0.0453861467678001,0.0540904435129096,0.0399575891818241,0.0355539728781376,0.0390440712702677,0.0407524657583253,..,..,..,..
Trinidad and Tobago,TTO,"Portfolio equity, net inflows (BoP, current US$)",BX.PEF.TOTL.CD.WD,..,..,..,..,..,..,..,..,..,..,937.549721292527,..,..,..,..,..,..,..,..,..,..,..,..,..,..
Trinidad and Tobago,TTO,GDP (current US$),NY.GDP.MKTP.CD,8824849191.03571,9008298228.60273,11305459802.0683,13280291989.5755,15982389018.4041,18369361094.3886,21641620049.9352,27871587349.5413,19172165225.5015,22157920592.3669,25433007437.1605,27147349937.4689,28560537057.1548,29474180005.1333,26841141793.2143,23624322192.6274,23830750900.6899,23883058083.2171,23477745791.6977,20888515184.2239,24222963262.7213,28341164301.126,25036993423.3664,25633544529.4849,..
Trinidad and Tobago,TTO,Trade (% of GDP),NE.TRD.GNFS.ZS,..,..,..,..,..,..,..,..,..,..,..,..,..,..,..,..,..,..,..,..,..,..,..,..,..
Trinidad and Tobago,TTO,"Foreign direct investment, net inflows (% of GDP)",BX.KLT.DINV.WD.GD.ZS,9.46078540845564,11.1874626530467,7.14964286416839,7.51564800520554,5.87959659171048,4.80528416565147,3.83520271627024,10.0489432656806,3.69859111717232,2.47947454143897,0.161394418487235,-7.01485652796411,-3.95638927717075,2.24404378789224,0.658801127950337,-0.0998893521188151,-1.97594519661626,-2.93172548825317,0.783604895019003,5.0552618910961,-3.85907284846354,4.1369722626234,-5.98486458707791,-1.76782828873977,..
Trinidad and Tobago,TTO,GDP per capita (current US$),NY.GDP.PCAP.CD,6657.41466937221,6762.93080808096,8445.04653518298,9871.03419820086,12346.4373094075,14152.6607422113,16606.675360681,21298.9945258063,14634.0565003912,16815.424737361,19151.0870229722,20332.1389531925,21304.9777496628,21908.3014555644,19887.2327716498,17449.1538801956,17566.0999700656,17571.498737278,17212.6128892163,15283.6270531554,17712.5674104655,20750.5202434652,18308.4536298575,18733.4110406494,..
Trinidad and Tobago,TTO,Total natural resources rents (% of GDP),NY.GDP.TOTL.RT.ZS,10.1729837328617,11.8982860535807,10.6549102773187,10.8323099394832,16.0670386642135,18.3898478452635,15.9606779203426,15.2710339879178,16.147506232455,13.5019281289188,21.1902057775941,19.0454490519432,18.9417880426583,15.5987828212435,7.5354554955632,4.12214241273861,5.76137730000007,11.2320374302733,11.0689882994292,5.88215476519225,7.85936855870429,..,..,..,..
Tunisia,TUN,"Portfolio equity, net inflows (BoP, current US$)",BX.PEF.TOTL.CD.WD,-14596383.9196503,6330301.04098285,13970184.0054328,24087356.8140455,12100814.428487,64837249.4881764,29968197.8109168,-39037718.8770229,-88648608.6167632,-25918681.011597,-43756733.3988422,-15365982.4891824,80016824.050185,71921893.1774338,152679538.647804,-56842693.316367,-63858148.1137047,-44252679.4627347,13788540.7182394,-30586777.6633625,-33958120.8009308,-15675372.7442058,20803637.8159724,-30573829.184457,..
Tunisia,TUN,GDP (current US$),NY.GDP.MKTP.CD,22065832448.8623,23141616604.5242,27453902261.4629,31183885241.4396,32272186694.8043,34376664600.5898,38915353866.757,44859439902.2191,43455740497.3061,46206091937.9628,48123325825.0739,47311401812.6733,48685446413.953,50271812920.612,45779494041.9295,44360072680.4476,42163530590.9462,42686504459.801,41905642418.825,42491780918.361,47073234359.1819,44929920092.7955,48205328303.3398,51332285656.5422,..
Tunisia,TUN,Trade (% of GDP),NE.TRD.GNFS.ZS,89.5522011944661,85.3421759692656,82.390340709916,86.9253446966283,90.2512478803945,93.9409304094309,104.059400976647,114.343660218696,93.0168787876722,100.151009836799,100.106379304237,101.550723929668,98.9549566862038,96.1071038558701,87.2485306596052,87.0926643641466,95.8091979825804,103.871824260635,102.332614725789,84.3333297071767,93.6334140664079,116.095794384146,112.128858013354,106.298549204247,..
Tunisia,TUN,"Foreign direct investment, net inflows (% of GDP)",BX.KLT.DINV.WD.GD.ZS,2.04621697501891,3.41507220577273,1.96504647635127,1.89888949723214,2.20844919497596,9.42473369729129,3.89395159860218,5.79738619600755,3.50988118042442,2.88814231758981,0.899077534980039,3.28518933963283,2.1744128074392,2.03842746868013,2.11999260597179,1.40344558640993,1.9233125677007,2.32248034984414,1.94487649950903,1.46634304906862,1.16289301361367,1.43159199894021,1.46351333844229,1.4797736580075,..
Tunisia,TUN,GDP per capita (current US$),NY.GDP.PCAP.CD,2235.71981624751,2320.7723805785,2725.8643148859,3067.41936376975,3146.8260743927,3322.56933570096,3726.91672935667,4255.05008019523,4080.09032448781,4291.86120891575,4420.64772206537,4297.26782454273,4369.79345826358,4458.97895464547,4014.94773686432,3847.80354448809,3619.03247319953,3628.10366464236,3528.87213306798,3548.65363663803,3906.93926319391,3707.29283414381,3951.11683376921,4181.13789301228,..
Tunisia,TUN,Total natural resources rents (% of GDP),NY.GDP.TOTL.RT.ZS,2.92496870132318,2.84157068666264,2.55468043997787,3.04495874209081,4.33097628210826,4.79955838418535,6.35147319614426,9.88012098886805,6.99090855049675,5.80230500738706,6.26002372605509,6.61237658820711,5.46168537320013,4.59413759866907,2.68828674720116,2.18515588296029,2.51025972718522,2.82187987069052,2.24739229652362,1.46717230583582,2.24923087429424,..,..,..,..
Turkiye,TUR,"Portfolio equity, net inflows (BoP, current US$)",BX.PEF.TOTL.CD.WD,-79000000,-16000000,905000000,1427000000,5669000000,1939000000,5138000000,716000000,2827000000,3468000000,-985000000,6276000000,842000000,2559000000,-2395000000,823000000,2971000000,-1131000000,406000000,-4255000000,-1434000000,-4038000000,1387000000,-2481000000,..
Turkiye,TUR,GDP (current US$),NY.GDP.MKTP.CD,202195080239.036,240778008473.845,315392899922.379,410156784495.948,508314210212.544,559668118237.002,685228481017.03,775415944332.866,653894449921.288,782545664268.333,844192507380.795,885327622479.052,962167643588.925,942343431928.654,865460050683.656,870818016909.84,863874522365.276,788356985773.667,775853144222.613,733628247119.077,839938668172.134,926097476913.818,1141242864657.45,1359123768774.12,..
Turkiye,TUR,Trade (% of GDP),NE.TRD.GNFS.ZS,49.9447830679013,48.1026101234402,46.3681553387846,48.9934575435266,46.3088308846211,48.9456766641314,48.027468179713,50.7612500066681,47.0391385732199,46.9433366709891,53.651583897618,53.3277612968607,53.0683530043043,54.30677404128,51.8749252596832,48.870183807987,56.1356585158689,62.8251323851165,62.5784589326239,60.389853117297,69.6088976086437,79.8982722314341,65.6832084738667,54.5988061195916,..
Turkiye,TUR,"Foreign direct investment, net inflows (% of GDP)",BX.KLT.DINV.WD.GD.ZS,1.65780492583561,0.449376588359619,0.539644361182156,0.679008638958041,1.97338571270823,3.60660172381881,3.21746696332257,2.56004537243285,1.31290302296241,1.16274364749147,1.91686136260632,1.55241965245755,1.40962960980578,1.41530142282668,2.225752648523,1.58873607703875,1.29532700760314,1.57923380202967,1.22536076199392,1.02531493703228,1.50891969619413,1.48839623728753,0.933806495534912,0.860701598247461,..
Turkiye,TUR,GDP per capita (current US$),NY.GDP.PCAP.CD,3052.2256706793,3591.08628982587,4649.63668068586,5979.6054216148,7331.85429430255,7990.08251407245,9766.91734545294,10913.4079047769,9076.92472236977,10698.9699409757,11373.6355760885,11776.7593362033,12635.5570016068,12209.3862327674,11064.6494504662,10984.3643169061,10756.3877677883,9684.11819884721,9395.23378001368,8798.11791709313,9981.76398411336,10897.8397861365,13375.0947282864,15892.7157287241,..
Turkiye,TUR,Total natural resources rents (% of GDP),NY.GDP.TOTL.RT.ZS,0.290748556810644,0.208352788307941,0.185862775534768,0.258039998415792,0.246555610028496,0.338060205831875,0.393584701213481,0.622799886391042,0.390043503554907,1.0333326630856,1.15599036897188,0.748490714870341,0.621362748916478,0.515494221044849,0.259377096732697,0.381853603415781,0.379263394718781,0.52996663633101,0.382779823529053,0.397202384078982,0.827048726504594,..,..,..,..
Turkmenistan,TKM,"Portfolio equity, net inflows (BoP, current US$)",BX.PEF.TOTL.CD.WD,..,..,..,..,..,..,..,..,..,..,..,..,..,..,..,..,..,..,..,..,..,..,..,..,..
Turkmenistan,TKM,GDP (current US$),NY.GDP.MKTP.CD,3534772732.39746,4462029108.72349,5977440582.80171,6838351088.46688,8103901996.37024,10276674364.8961,12664165103.1895,19271523178.8079,20214385964.9123,22583157894.7368,29233333333.3333,35164210526.3158,39197543859.6491,43524210526.3158,35799714285.7143,36169428571.4286,37926285714.2857,40765428571.4286,40810067974.509,41509903181.7231,40589905812.0364,42208726137.7192,45894538665.5538,51387209872.2994,..
Turkmenistan,TKM,Trade (% of GDP),NE.TRD.GNFS.ZS,81.9858549438358,63.7046861184792,63.201750694386,59.3199674884855,53.9723419741336,52.4473010022922,56.2777777777778,94.7240751970891,104.95217927132,96.8630558404027,111.062833823441,109.333652637251,98.5928226795449,91.0934829576602,81.2999305660859,62.0460846966262,53.5753567069955,50.9002726399821,44.2857594037204,35.9365938526967,33.0581170797482,37.3609509597775,34.0992738017257,28.7346076303052,..
Turkmenistan,TKM,"Foreign direct investment, net inflows (% of GDP)",BX.KLT.DINV.WD.GD.ZS,4.80936153099431,6.18552665782493,3.78088241730494,5.17229951232728,5.16047701696434,7.11222302125938,6.75922962962963,6.62635738831615,22.5235632084151,16.0841101892421,11.6000011402509,8.90000000898042,7.30000002103605,8.8000010883235,8.49997845154391,6.20181210651458,5.49999584909072,3.9411831208517,4.54209517895884,3.45999795208479,3.17156362954225,2.21764501242202,3.00321589469314,3.2007384018073,..
Turkmenistan,TKM,GDP per capita (current US$),NY.GDP.PCAP.CD,756.034976276398,935.540801478466,1228.94870289404,1379.23009682692,1604.01618452312,1996.59310717308,2414.96071986964,3605.50395120549,3707.97850699617,4058.53937000739,5143.61929334647,6053.8748468749,6599.64529055481,7164.14536184006,5759.497903834,5686.98040962764,5828.4816623489,6125.05169712085,5998.0017434754,5972.72356566861,5723.30227157906,5837.84224538947,6231.91323839698,6856.65802730208,..
Turkmenistan,TKM,Total natural resources rents (% of GDP),NY.GDP.TOTL.RT.ZS,75.3659098606219,52.4472081690816,48.7135348522424,44.100559936972,43.1678316179969,51.478078444309,49.2587863251987,56.9658866272325,22.9354468837346,23.2100512626625,34.2784349181735,30.8737007585666,27.4926438120002,20.1759840166561,15.4827871650235,9.65761604863881,13.0262092742703,20.0690091609088,13.4925127713072,..,..,..,..,..,..
Turks and Caicos Islands,TCA,"Portfolio equity, net inflows (BoP, current US$)",BX.PEF.TOTL.CD.WD,..,..,..,..,..,..,..,..,..,..,..,..,..,..,..,..,..,..,..,..,..,..,..,..,..
Turks and Caicos Islands,TCA,GDP (current US$),NY.GDP.MKTP.CD,358744800,366707900,409753600,485598800,578645800,721891500,773490000,862684000,703176000,686788000,842941000,832848000,863328000,956605000,1078274000,1202078000,1197958000,1314329000,1371838000,918387000,1236459000,1434119000,1638653000,1745378000,..
Turks and Caicos Islands,TCA,Trade (% of GDP),NE.TRD.GNFS.ZS,..,..,..,..,..,..,..,..,..,..,..,..,..,..,..,..,..,..,..,..,..,..,..,..,..
Turks and Caicos Islands,TCA,"Foreign direct investment, net inflows (% of GDP)",BX.KLT.DINV.WD.GD.ZS,..,..,..,..,..,..,..,..,..,..,..,..,..,-7.26872638131726,-6.48146945952513,1.38011010932735,1.84213469921316,3.21281809957781,1.96536835982091,3.31220825207674,2.3203583782398,2.44052271812869,1.99307418959353,2.5209301366237,..
Turks and Caicos Islands,TCA,GDP per capita (current US$),NY.GDP.PCAP.CD,18325.7458111974,17803.9471767733,18859.1890274773,21246.00980049,24122.3028180757,28734.2873064523,29443.8523030072,31453.8228752689,24596.8938015951,23093.8498268267,27327.4006354146,25923.6156503875,25653.819867471,27292.5820256776,29457.0140691162,31373.5612684327,30014.2309523213,31625.616593277,31780.5217068989,20690.9160546118,27329.2885087196,31280.5418020808,35470.2151608295,37506.7798431288,..
Turks and Caicos Islands,TCA,Total natural resources rents (% of GDP),NY.GDP.TOTL.RT.ZS,0.00195017578846437,0.00177744045909041,0.00176369859536628,0.00160774282106281,0.00137263351421437,0.00165189492161972,0.00166099161014742,0.00165092058226261,0.00192412123548456,0.00470190017585731,0.00387136232153088,0.00388988760953433,0.00513935047593194,0.00597028510106603,0.00415130851289815,0.00520201843450933,0.00448799747282142,0.00277281674159693,0.00235664810158653,0.00416657969513341,0.00326750077470616,..,..,..,..
Tuvalu,TUV,"Portfolio equity, net inflows (BoP, current US$)",BX.PEF.TOTL.CD.WD,..,..,..,..,..,..,..,..,..,..,..,..,..,..,..,..,..,..,..,..,..,..,..,..,..
Tuvalu,TUV,GDP (current US$),NY.GDP.MKTP.CD,13964732.327114,16842672.5952874,19456338.0318228,22798274.9795551,22909979.8163078,24096875.4635825,28450168.692765,31874434.857882,28076983.9703819,32105408.4771121,39196957.4908996,39345579.4723758,38615890.6320745,38760982.6540096,36811936.0824587,41629064.2232388,45276595.3533146,48015259.8751356,54123198.5662913,51746594.3148543,60196405.7138393,59065982.0873657,62280311.5852172,..,..
Tuvalu,TUV,Trade (% of GDP),NE.TRD.GNFS.ZS,..,..,..,..,..,..,..,..,..,..,..,..,..,..,..,..,..,..,..,..,..,..,..,..,..
Tuvalu,TUV,"Foreign direct investment, net inflows (% of GDP)",BX.KLT.DINV.WD.GD.ZS,-0.0666666494262608,-0.0580645319026113,-0.0563999939036809,-0.0513057875857508,-0.049835027314228,-0.0439171144323173,-0.0388537261065432,5.29515256931844,6.23669078552393,1.41793409770446,-0.303818658053084,3.36770368726284,0.8726977275,0.773974186046512,0.81495306122449,0.720650357142857,0.662593990689801,0.622427121663383,0.552184660028822,0.193249432786911,0.331298850213827,0.337639353401454,0.267002517757908,..,..
Tuvalu,TUV,GDP per capita (current US$),NY.GDP.PCAP.CD,1456.78409421177,1750.25175052348,2006.84249941442,2322.56265072892,2304.82694329052,2396.26844307702,2794.16310084119,3088.30877413836,2683.96749549583,3024.8170790571,3636.08139989792,3598.46163091053,3510.21640142483,3528.85858102782,3357.83417700071,3808.69755015909,4165.66338700106,4466.12034928245,5115.13075950206,4976.11254109571,5905.08198095343,5911.32727055301,6344.7750188689,..,..
Tuvalu,TUV,Total natural resources rents (% of GDP),NY.GDP.TOTL.RT.ZS,0,0,0,0,0,0,0,0,0,0,0,0,0,0,0,0,0,0,0,0,0,..,..,..,..
Uganda,UGA,"Portfolio equity, net inflows (BoP, current US$)",BX.PEF.TOTL.CD.WD,..,415517.95606547,..,23979142.6142838,..,19126127.2854649,-23109741.5534815,13067014.4365323,131061427.487723,-70492929.8348151,105513074.190025,14067921.4084105,94849522.0019661,4844693.05027704,10101250.8418642,16279236.132,14934030.9124159,66201825.2029179,14459127.0053059,306456.153805565,6387733.21860212,4655995.51317046,4816529.48187102,5041389.47265168,..
Uganda,UGA,GDP (current US$),NY.GDP.MKTP.CD,5840503868.51573,6178563591.12051,6606884275.23087,7939487547.77384,9239221763.05793,9977647682.96954,11902564494.8833,14440404132.2047,25127805566.6584,26673441430.7857,27871725241.4723,27305915910.7877,28915786516.6123,32612397257.4458,32387183730.1002,29203988696.2626,30744473841.424,32927025619.6795,35353061003.4359,37600368241.6657,40529788748.6737,45565333210.9108,48768955863.3175,53911907086.1525,..
Uganda,UGA,Trade (% of GDP),NE.TRD.GNFS.ZS,35.3299767819725,36.2777941561831,36.5857264641268,35.4600862456436,38.9942854839061,43.6332857896204,46.7774166522822,56.2582682050634,47.0638780748379,38.2692490371291,39.7552255606122,43.5021371397314,43.1091548734687,36.0144010819085,37.6892983324358,31.2093620232119,36.8370529334101,36.6384055999567,39.3610539647435,37.0006923916369,41.7136307424781,34.5053019270937,33.3416963302219,42.6527889088562,..
Uganda,UGA,"Foreign direct investment, net inflows (% of GDP)",BX.KLT.DINV.WD.GD.ZS,2.59388837097761,2.98852729237692,3.06033199910157,3.72085072270846,4.11082611076276,6.45705802026041,6.65659725038112,5.04737190164171,3.3491615513943,2.03900471067451,3.2086060344385,4.41438584859015,3.79031709675384,3.24589612959273,2.27760507458345,2.1425304891559,2.61088918011351,3.20512810607337,3.68569218154174,3.16881317773755,4.06673785760736,6.48067616265599,6.13816501913594,6.04170465829259,..
Uganda,UGA,GDP per capita (current US$),NY.GDP.PCAP.CD,236.021188853993,241.984688408335,250.71543664681,292.38185796262,330.405402707025,346.518255310647,401.389130865581,472.842681495852,798.947089938247,823.488144282,835.620060555838,795.222867553127,818.285427416713,896.054795546394,862.934610355811,752.696571725656,765.218332297361,792.16570022814,822.171150036357,845.766463890124,882.791717542504,963.067314117178,1002.30913917142,1077.91278452817,..
Uganda,UGA,Total natural resources rents (% of GDP),NY.GDP.TOTL.RT.ZS,12.4643931713023,14.2481201571521,20.8852302359366,15.1925629839147,13.9239561199514,13.2519669621419,16.1640796388529,16.4379945980784,9.46245873827469,8.10229439370414,9.15620849237058,10.6585708011681,10.6586103842094,10.3312319703494,10.7947576138514,12.7336513052995,12.1305147407764,8.38888217833344,7.38833937837014,7.56349041713714,7.47552032336567,..,..,..,..
Ukraine,UKR,"Portfolio equity, net inflows (BoP, current US$)",BX.PEF.TOTL.CD.WD,87000000,95000000,84000000,-61000000,82000000,322000000,715000000,388000000,105000000,290000000,519000000,516000000,1180000000,-391000000,177000000,69000000,110000000,-9000000,49000000,173000000,-73000000,-11000000,2000000,4000000,..
Ukraine,UKR,GDP (current US$),NY.GDP.MKTP.CD,39309580983.2282,43956163612.0433,52010355753.0461,67220154164.3166,89238865118.5263,111884752475.248,148733861386.139,188110390659.515,121552153444.124,141209170427.233,169333835201.554,182591753827.949,190498811460.028,133503871861.723,91030967789.0717,93355869403.9223,112090505081.739,130891088293.55,153883047509.577,156617722013.342,199765859570.935,161989520721.19,181221517868.744,190741262414.705,..
Ukraine,UKR,Trade (% of GDP),NE.TRD.GNFS.ZS,99.9261276192731,95.994669810112,102.590182257396,109.981708544962,94.6475701087848,89.181052639031,88.0465606718626,94.1718921417534,87.4761626200316,95.72973045329,104.805073904259,102.622788356626,94.0016694501782,100.691782483624,107.806616298156,105.521204913122,104.034982911399,99.1998150718675,90.5112342910763,79.1564523761815,82.69796136345,87.3965139907244,77.5096141935657,77.7530113300514,..
Ukraine,UKR,"Foreign direct investment, net inflows (% of GDP)",BX.KLT.DINV.WD.GD.ZS,2.01477599147626,1.57657070830023,2.73791628490563,2.55131815944331,8.7495509827803,5.00872538573992,6.8531805098082,5.68814936936009,3.9234187670663,4.56840018285092,4.256089748054,4.47720109403357,2.36694390135139,0.634438528402592,-0.217508398305494,4.42178946686191,3.28306130596563,3.80086991777664,3.76649676088543,0.194103193490519,3.98166133947207,0.136428578229067,2.52287921090664,2.1065185105382,..
Ukraine,UKR,GDP per capita (current US$),NY.GDP.PCAP.CD,800.49072265625,903.011901855469,1076.48156738281,1401.01806640625,1875.33508300781,2366.494140625,3160.32763671875,4017.806640625,2607.08764648438,3039.63232421875,3656.69799804688,3951.34228515625,4129.89697265625,3054.908203125,2094.47387695313,2158.46118164063,2604.28759765625,3059.0517578125,3619.86157226563,3709.76928710938,4775.94580078125,4199.6708984375,5139.59814453125,5389.47314453125,..
Ukraine,UKR,Total natural resources rents (% of GDP),NY.GDP.TOTL.RT.ZS,4.2625129241196,3.31708349401602,3.00747829119925,3.35413577019042,4.34601419220758,4.59204338036687,5.41574038243989,7.94411211992449,4.78921031716247,7.06385110746983,7.90825649188772,4.70265519474683,3.99136453684378,3.6083209332499,2.59911540564351,2.39942596673544,2.95421204623726,2.91046955095297,1.73179870039083,1.09312749593482,7.5129023639251,..,..,..,..
United Arab Emirates,ARE,"Portfolio equity, net inflows (BoP, current US$)",BX.PEF.TOTL.CD.WD,..,..,..,..,..,..,..,..,..,..,..,..,..,..,..,..,..,..,..,..,..,..,..,..,..
United Arab Emirates,ARE,GDP (current US$),NY.GDP.MKTP.CD,103311640571.818,109816201497.617,124346358066.712,147824370319.946,180617467964.602,222116541865.214,257916133424.098,315474615738.598,253547358747.447,307736419332.88,368881143635.126,392793464942.138,409632675289.313,424935874744.724,381973042886.317,381717086453.37,403365010211.028,440560108917.631,433926208304.969,357161878829.135,422441388699.796,511403403675.97,522622191967.325,552324846834.581,..
United Arab Emirates,ARE,Trade (% of GDP),NE.TRD.GNFS.ZS,89.8645799289427,93.0716588147781,102.300169490783,116.622612523831,119.552871642254,119.470669577786,136.798152865771,148.513544025723,153.461944358373,135.485709128426,144.176786868982,156.637694501481,157.398083989641,159.515615057764,164.286182737903,165.39501917458,165.476542469815,154.747005019293,163.822152944853,181.29188817064,182.909355066597,185.741660982819,199.044979237546,..,..
United Arab Emirates,ARE,"Foreign direct investment, net inflows (% of GDP)",BX.KLT.DINV.WD.GD.ZS,1.14589216998935,0.0867813662286139,3.42266271097113,6.76715211324682,6.03481604123485,5.76543753223521,5.50043971722883,1.60487460715228,0.447367365845778,2.85854032456409,1.938861867408,2.43554239157448,2.38382217021709,2.60546065371654,2.23861395699196,2.51620200951453,2.56696112401594,2.35729150002132,4.11928564301823,5.56735507865122,4.89230472033291,4.44591399207935,5.87184069440898,8.26261712974626,..
United Arab Emirates,ARE,GDP per capita (current US$),NY.GDP.PCAP.CD,27745.1708087672,27753.6089526346,29659.5428567811,33376.7152295209,38719.3138307623,44342.6048322482,45854.7325158162,50054.1700681803,37803.0663738777,44795.2949302268,51921.904511613,53141.6124340099,53247.2409495441,52725.2358407934,44910.334995523,42721.0999383185,43733.6192287435,47135.3591943971,45938.6073581994,37991.7492971665,44118.5047192771,50759.7589231191,49850.6872175164,50273.5060469837,..
United Arab Emirates,ARE,Total natural resources rents (% of GDP),NY.GDP.TOTL.RT.ZS,17.5963966616315,16.2376283737788,19.2061128677808,22.2210170035245,25.3343747676468,27.2052072035567,24.9372063571947,27.7149122716078,19.713461721995,23.7768704858008,29.7789568323524,28.2144669709365,27.3813114030779,23.9739257701595,14.0468089597238,11.8055195768229,14.3278424370326,18.1866824883602,16.8958990035406,11.9722335248016,17.634095847399,..,..,..,..
United Kingdom,GBR,"Portfolio equity, net inflows (BoP, current US$)",BX.PEF.TOTL.CD.WD,-43924309882.3498,-1134807154.82299,54489461946.7069,37715033033.2978,-13204027853.1614,-55987613154.2232,-14248622355.1755,101030864400.231,27351681975.6501,-53774646929.5325,-2414102199.17427,5021145017.5703,43508651765.5527,32561270309.7466,93158595151.382,-118649446909.515,110094072751.534,296700617.1852,-27085082807.7727,49988916802.6458,-2881019690.72679,-39787327232.5049,-32039697378.4906,-4647965639.63956,..
United Kingdom,GBR,GDP (current US$),NY.GDP.MKTP.CD,1656171009068.66,1790536570743.41,2061227755102.04,2429774807762.72,2551361818181.82,2719558417663.29,3104699879951.98,2945251838235.29,2429358155475.93,2496740681057.14,2675590034128.66,2719715961539.83,2796908333283.39,3085362169410.29,2945579890258.46,2706807606538.73,2699118387873.1,2897028009916.05,2875710080015.3,2724001478304.59,3194559188925.93,3181244350465.41,3420796653789.08,3686033044482.13,..
United Kingdom,GBR,Trade (% of GDP),NE.TRD.GNFS.ZS,52.6342367336438,51.2361820991323,50.0681187039704,50.2885521756133,52.5442740383211,56.7047791729812,52.7493524964733,56.4365501052604,54.6537301085991,59.0511802227821,63.3240615708901,61.9688704472535,61.7195395154583,58.8210228333296,57.125044605439,59.8395315138259,63.1899245764158,64.9097721959201,65.0035664177054,59.1598893030611,58.53838629291,69.1989264413981,64.9923841747803,62.8401605267118,..
United Kingdom,GBR,"Foreign direct investment, net inflows (% of GDP)",BX.KLT.DINV.WD.GD.ZS,3.38678339988188,5.01305498138785,1.74707721568844,3.58303251413023,9.90268786448172,7.4878491502754,6.74831602886359,8.60551599075423,0.598804602454409,2.67286674184503,1.00957357920277,1.71895853790766,1.94762104828418,1.90870445734316,1.53903424150931,11.9998637298189,4.64443540147576,-0.864867036878713,0.688204352262878,5.77039185007421,3.20643815254935,2.91635435189931,0.403116734836793,-0.351465690300773,..
United Kingdom,GBR,GDP per capita (current US$),NY.GDP.PCAP.CD,28013.8729635508,30158.7017807858,34556.7726095905,40504.4118103928,42240.2462987547,44695.161023424,50629.0799172887,47652.4030691881,39009.3715547821,39778.3220528565,42295.9273835322,42688.3263728372,43606.9837896348,47746.2421759562,45255.3449216209,41257.9085545556,40916.8115070354,43702.9976303165,43158.7411267323,40812.6794663879,47691.3768799404,47057.043229179,49944.4702124201,53246.3676145108,..
United Kingdom,GBR,Total natural resources rents (% of GDP),NY.GDP.TOTL.RT.ZS,0.937004459646389,0.81283767292158,0.762200302418188,0.735707508866846,0.83595827885591,0.913361392253003,0.855441736513527,1.33659576191205,0.84946186314372,0.861239087184779,1.07544716241254,0.866071942237571,0.717358769907282,0.569359660800821,0.337710045585096,0.273025131582337,0.397885220213493,0.626195352812848,0.540491129160741,0.28397504842807,0.588544260440276,..,..,..,..
United States,USA,"Portfolio equity, net inflows (BoP, current US$)",BX.PEF.TOTL.CD.WD,121464000000,54067000000,33982000000,61787000000,89258000000,145481000000,275617000000,126805000000,219303000000,178953000000,123357000000,239066000000,-62642000000,154312000000,-187306000000,-139701000000,149634000000,156916000000,-291427000000,687416000000,-53068000000,2586000000,45460000000,305897000000,..
United States,USA,GDP (current US$),NY.GDP.MKTP.CD,10581929774000,10929112955000,11456442041000,12217193198000,13039199193000,13815586948000,14474226905000,14769857911000,14478064934000,15048964444000,15599728123000,16253972230000,16843190993000,17550680174000,18206020741000,18695110842000,19477336549000,20533057312000,21380976119000,21060473613000,23315080560000,25604848907611,27292170793214.4,28750956130731.2,..
United States,USA,Trade (% of GDP),NE.TRD.GNFS.ZS,22.967181335596,22.2863741094897,22.6273130062789,24.4480622643257,25.6385530316517,26.9752780973197,28.0120176822667,29.8677957945319,24.7595311689876,28.2198952346731,30.8424862411943,30.6818353657295,30.0079539684645,30.0044781614855,27.8235649187872,26.6079620604584,27.3130208877206,27.6103792720958,26.4537594940475,23.4015629969394,25.6095576621932,27.3139397355363,25.2903297883366,25.3786342507088,..
United States,USA,"Foreign direct investment, net inflows (% of GDP)",BX.KLT.DINV.WD.GD.ZS,1.63009964802286,1.01613919132561,1.02218472001084,1.74869134454691,1.09166213272067,2.16033528740671,2.39469093772646,2.30937902080946,1.11260034220261,1.75453268550496,1.68911277121237,1.54020811932936,1.71066753395925,1.43502130688419,2.80914762910409,2.53749765919682,1.95521086285051,1.0457039920427,1.47787452846554,0.650821071352324,2.04998648308338,1.62816817042838,1.32618252590589,1.03321085618604,..
United States,USA,GDP per capita (current US$),NY.GDP.PCAP.CD,37133.623113437,37997.7596573051,39490.2749557007,41724.6316287624,44123.4070679055,46302.0008800056,48050.2237771135,48570.0459804586,47194.9433547336,48642.6100179312,50024.868799398,51708.4011556577,53179.0127634561,54973.4207515712,56572.9188996063,57638.1018367192,59635.0984397965,62499.8744390068,64746.4506778863,63515.9491807833,70205.050916026,76657.2488844403,81032.262117545,84534.0407841548,..
United States,USA,Total natural resources rents (% of GDP),NY.GDP.TOTL.RT.ZS,0.915678454324647,0.689227378994075,1.0459220644239,1.25369196394813,1.49664347432686,1.13066389011262,1.07811498701399,1.92914075974883,0.743921134944805,0.968704075093042,1.23502930471558,0.776694501385092,0.750833995599957,0.703153661885122,0.234371770177788,0.303325431060077,0.427546323641111,0.595678810382377,0.557098125905551,0.329505971924439,1.27994423022721,..,..,..,..
Uruguay,URY,"Portfolio equity, net inflows (BoP, current US$)",BX.PEF.TOTL.CD.WD,34875083.0863107,-9480161,-6405514,20122388.5981308,-2386100,-26613005,2290733.68166266,-11681341.2518335,-17933668,..,..,792347.060848086,142918.031298386,-3565266.33280886,-3445729.35867601,-1214685.89356152,-11482907.4569899,19169755.1493501,22373455.612764,68088451.2031587,109202597.674143,105970101.989179,41259766.3163979,3720145.44685174,..
Uruguay,URY,GDP (current US$),NY.GDP.MKTP.CD,20898761742.2386,13606515722.5864,12045638351.8507,13686329890.1191,17362857683.8545,19741420739.8901,23797773024.3992,31119602538.8322,32708319077.5179,41950361211.9581,50342406067.0777,54232266358.7811,61337621933.7857,61496186973.902,57680327998.6689,57480787465.2716,65005997963.4822,65344577415.7535,62222313618.8454,53559359261.826,60739084240.8633,70594110920.0358,77991666837.7382,80961511073.5797,..
Uruguay,URY,Trade (% of GDP),NE.TRD.GNFS.ZS,36.3095126435057,40.02906730756,51.7591995826472,61.4766880860242,58.8776963255774,61.9715745165876,59.2104478374095,65.2080950071821,53.3944192683736,51.6990372012256,53.2470340109018,55.0611541633768,49.7178464746233,49.0876240632174,45.3282408087534,48.4705583785623,46.3780042035515,47.7913104806475,49.7448341159636,47.7318733182088,58.3150410230338,61.0307951043821,52.910987066463,52.4649167856379,..
Uruguay,URY,"Foreign direct investment, net inflows (% of GDP)",BX.KLT.DINV.WD.GD.ZS,1.48526947201505,1.32180928215272,3.34326299269857,2.57711736584849,4.76089085880271,7.64053554410063,5.70951115694377,6.88302281006264,4.89964589428753,5.22300143125049,5.34359480768242,11.7901578728278,1.60901257578737,6.6430584199945,4.6342339444993,-0.897082488190792,4.13270996152796,2.64222389301977,2.35703341175475,1.81750744846519,8.50404179273101,12.4804063396028,-6.72904061401343,-4.86239476784597,..
Uruguay,URY,GDP per capita (current US$),NY.GDP.PCAP.CD,6382.76104740859,4149.76140312687,3671.12329256883,4168.66065438387,5284.25677987129,6001.33294783172,7222.05403645877,9423.96562595893,9881.39573127081,12641.0576849008,15132.2675725587,16259.5940814256,18335.2594772322,18322.4276767157,17125.9016800298,17009.7584207276,19184.6502617082,19249.9404677501,18315.7316980028,15757.5355995779,17881.818721099,20818.6146091144,23019.4221560046,23906.5133029408,..
Uruguay,URY,Total natural resources rents (% of GDP),NY.GDP.TOTL.RT.ZS,0.216877824747985,0.45458997663173,0.632377734235131,0.800895044345689,0.806565485741014,1.12340438595144,1.28842123844774,1.56798161399914,1.34673827245616,2.02169884847788,1.43709496222999,1.17962644777555,1.29138043579779,1.45872376049256,1.85218241655473,1.74168715941962,1.82938511988003,1.97299244228802,1.70632780467724,2.29343009292959,1.92773520463627,..,..,..,..
Uzbekistan,UZB,"Portfolio equity, net inflows (BoP, current US$)",BX.PEF.TOTL.CD.WD,..,..,..,..,3898751.94779597,11827429.5946055,2189026.89500072,1843081.42440903,-2299387.81816058,646334.484564494,5709015.98643323,721964.290870703,1304676.15713828,1671081.82717164,601406.056048974,2042851.94742824,3149642.25947865,13020591.7822047,29197412.2785814,32469054.376176,15999858.3207494,25573930.0688967,23154515.7516253,-4082096.07190796,..
Uzbekistan,UZB,GDP (current US$),NY.GDP.MKTP.CD,11401421329.1974,9687788512.80184,10134453435.4603,12030023547.8807,14307509838.8053,17330833852.919,22311393927.8817,29549438883.8338,33689223673.2577,49765676402.4495,60178909297.208,67517349212.0609,73180037914.9104,80845385809.4529,86196264755.3105,86138288644.171,69703222282.7278,58695899092.1083,67293639798.3996,66443265418.3086,77340060003.0347,90095926567.4359,102641879248.764,114965293466.611,..
Uzbekistan,UZB,Trade (% of GDP),NE.TRD.GNFS.ZS,56.776277587152,58.954524710746,70.4592746850874,76.5956691950086,69.5252584247083,67.4712921717973,74.4141929762327,79.7479920348578,68.673142199791,49.2689977994484,49.6542884929351,44.2393191333204,42.3779149727359,36.3570546649043,30.7561914307089,29.1922970388042,42.5595081895217,64.1381394985773,64.9639227632407,56.0515308349971,57.4589716973222,62.8412525378517,66.1051443040339,60.7274403812997,..
Uzbekistan,UZB,"Foreign direct investment, net inflows (% of GDP)",BX.KLT.DINV.WD.GD.ZS,0.726225245162731,0.674044441759953,0.815041487200325,1.46799380148438,1.49216056466347,1.19530557570436,2.99176207276698,1.85438789059302,1.81985173937585,3.34115466012917,2.68375111593279,1.10230120247607,0.945033981533171,1.00027476951682,1.20794015152469,1.93048466413592,2.57993736270607,1.06427628704368,3.44235052410005,2.60108803608825,2.94839500995796,2.94947448385164,2.10084902446518,2.5972703195852,..
Uzbekistan,UZB,GDP per capita (current US$),NY.GDP.PCAP.CD,454.415812256778,381.409296889283,394.164028897235,462.171492867885,542.835808692209,649.118167003925,824.028192334768,1074.72928796701,1205.7993547038,1753.20730243278,2087.86386135694,2307.34649117185,2461.97947403595,2674.9628382103,2803.19018021751,2753.37951427589,2190.60411562888,1813.08530813664,2041.38480729431,1978.28051860763,2258.51964119278,2578.66689394219,2878.96879292451,3161.70010632875,..
Uzbekistan,UZB,Total natural resources rents (% of GDP),NY.GDP.TOTL.RT.ZS,23.6268314045495,20.2621767791619,21.8113636692648,18.7848672272018,15.384751249307,25.5491555225991,22.592298325054,30.0514470934068,18.630930613669,14.7836491186156,19.0673372740717,17.2844522443221,14.6803511298882,10.3618681106859,7.25480371959986,6.72025279446491,12.0271937236882,18.6507971459477,10.8569985159248,9.08357795040879,20.46516083278,..,..,..,..
Vanuatu,VUT,"Portfolio equity, net inflows (BoP, current US$)",BX.PEF.TOTL.CD.WD,..,..,..,..,..,..,..,..,..,..,..,..,..,..,..,..,..,..,..,..,..,..,..,..,..
Vanuatu,VUT,GDP (current US$),NY.GDP.MKTP.CD,257926881.72043,262596535.549028,314471413.001776,364996869.129618,394962433.029368,439358586.535588,516392922.513728,590748429.401902,592622319.145664,670712979.682038,770153588.218833,747839697.746593,758304466.245339,773717010.546445,759690180.951654,804323576.861028,880043284.399407,914727908.137793,936526267.622513,909421043.508407,950394006.532514,1055031360.57356,1115861055.72463,1117972034.22642,..
Vanuatu,VUT,Trade (% of GDP),NE.TRD.GNFS.ZS,87.7721451440768,91.6997236888901,91.5679895901106,98.7059775016543,100.173820339297,89.5414618090556,90.1716511021211,105.774852580058,108.489179063187,103.823312203828,96.9987664175314,104.451629665983,106.410757127713,105.199318296807,108.758665668253,106.351935265734,105.526573713997,110.679659822766,99.3829688227082,69.9148948336494,59.9521259721408,63.5996121674253,..,..,..
Vanuatu,VUT,"Foreign direct investment, net inflows (% of GDP)",BX.KLT.DINV.WD.GD.ZS,6.98039768364935,5.3932717652808,5.72730354776944,5.4358941630547,3.35516527658254,9.88873620776164,6.61419496414564,6.38080367466041,5.42349577313271,9.40930036151551,7.93578473613464,8.07506480226511,7.83052394467406,1.7146015060309,4.08340749314985,5.49263637992702,4.34327388667744,4.10870468514392,5.64318738616692,4.52584159327415,4.53028102541425,1.01371235156553,0.83061864668994,2.58164239501493,..
Vanuatu,VUT,GDP per capita (current US$),NY.GDP.PCAP.CD,1350.18338238522,1340.71537528287,1566.51396790858,1774.31867585894,1873.99142640619,2034.79289624351,2333.70506748914,2603.60883136724,2546.38324565986,2815.18828985779,3163.1861645138,3004.78416664293,2979.79608084399,2973.09026493408,2854.89412272653,2956.12644801489,3159.86055790126,3206.65748718811,3207.44650452083,3042.98711598286,3107.20312858002,3370.21191956953,3482.61458237637,3410.77023167097,..
Vanuatu,VUT,Total natural resources rents (% of GDP),NY.GDP.TOTL.RT.ZS,0.75567411241593,0.798636115210123,0.912412528807683,0.675079281587889,0.56881892988079,0.65556136825846,0.783751103579609,0.975476260660565,0.871792337326022,0.832399543964073,0.844354134271983,0.801186721952393,0.752150306423104,0.987395102309584,0.815485061379561,0.816331822730397,0.902392843807671,0.60798151676621,0.547725243089635,0.629507608350041,0.568069760913224,..,..,..,..
"Venezuela, RB",VEN,"Portfolio equity, net inflows (BoP, current US$)",BX.PEF.TOTL.CD.WD,31000000,-5000000,97000000,-170000000,28000000,41000000,50000000,1000000,118000000,10000000,6000000,-34000000,-571000000,49000000,5000000,..,..,..,..,..,..,..,..,..,..
"Venezuela, RB",VEN,GDP (current US$),NY.GDP.MKTP.CD,122911036746.729,92893587733.6549,83620628582.1082,112451400424.964,145513489651.872,183477522123.894,230364012575.687,315953388510.678,329787628928.472,393192354510.653,316482190800.364,372592062768.06,258930655486.37,214689614732.719,125449241571.391,112915034262.314,115883275162.586,102021093964.682,73014084091.3,42838020721.1995,56614976854.5499,89013255584.7499,102376526555.948,119802963257.783,..
"Venezuela, RB",VEN,Trade (% of GDP),NE.TRD.GNFS.ZS,42.141268017362,48.5757106494068,50.577007378194,55.3674556023219,60.1273297561422,58.6655915584603,56.1990954818909,51.8290123789932,38.5209296583297,46.1368935240203,49.6381215967995,50.6485838828706,62.4795214214587,64.2074401112959,60.288846101805,41.307217198655,42.5829358408751,54.6450667905599,58.1292903256504,26.0912344958707,29.2263400311727,27.8982770650022,28.0946077372131,26.0811657596499,..
"Venezuela, RB",VEN,"Foreign direct investment, net inflows (% of GDP)",BX.KLT.DINV.WD.GD.ZS,3.01356175819466,0.819216932585212,1.88111477594963,1.32412757366554,1.68369269808689,0.107915126446007,1.89178854425804,0.659274461280102,-0.344767329112459,0.402601927997842,1.85002511047875,1.33819275777321,0.828407125440933,0.528670192739894,2.35633150346133,1.40548157326263,-0.25801825119328,0.609677838011936,0.772453708102055,3.51089983775956,2.14254260514198,2.63893280227629,0.0126982233499548,1.36272366359347,..
"Venezuela, RB",VEN,GDP per capita (current US$),NY.GDP.PCAP.CD,4920.39313600453,3652.09896501865,3229.50557082079,4269.08970872392,5432.4854184654,6739.38065342218,8331.62096991844,11262.4514256759,11596.6021921731,13646.3046622664,10843.9229703167,12607.2361246243,8656.35669723668,7096.22047105512,4103.1384987005,3670.15737848208,3791.33160682077,3422.65467014854,2523.11275230667,1506.0436210041,2004.93397949792,3155.04207099687,3617.43594578269,4217.59102643391,..
"Venezuela, RB",VEN,Total natural resources rents (% of GDP),NY.GDP.TOTL.RT.ZS,15.3442903568827,19.4545884689745,21.8955843439596,23.8297115705399,29.2230041014033,28.0774680117788,23.1186941835454,23.9223070628002,10.5416668243022,12.380878328857,24.4753357613612,18.7812359044725,17.6253449138361,11.8465082797294,..,..,..,..,..,..,..,..,..,..,..
Viet Nam,VNM,"Portfolio equity, net inflows (BoP, current US$)",BX.PEF.TOTL.CD.WD,..,..,..,..,115000000,1313000000,6243000000,-578000000,128000000,2383000000,1064000000,1263000000,1270000000,252000000,..,..,..,..,..,..,..,..,..,..,..
Viet Nam,VNM,GDP (current US$),NY.GDP.MKTP.CD,32685198808.5549,35064105500.8344,39552513231.9169,45427854693.2554,57633255738.1992,66371664817.0436,77414425532.2452,99130304099.1274,106014659565.214,147201173196.979,172595049183.925,195590661129.249,213708811665.34,233451469642.519,239258328381.741,257096001177.982,281353605986.903,310106478394.659,334365270496.667,346615738537.796,366474752771.009,413445230668.578,433857681378.291,476388230307.175,..
Viet Nam,VNM,Trade (% of GDP),NE.TRD.GNFS.ZS,111.955937998525,116.696868652499,124.327954439125,133.016497868747,130.714846045026,138.313621869598,154.605383996554,154.317479627758,134.706317721758,113.977687539714,125.260577940829,123.224116745985,130.846354866743,135.410521454361,144.914228195237,145.409507973118,160.98008365887,164.663936775893,164.704215031408,163.245862814935,186.675832836814,183.153619147836,164.818071269894,173.862024782965,..
Viet Nam,VNM,"Foreign direct investment, net inflows (% of GDP)",BX.KLT.DINV.WD.GD.ZS,3.97733545270572,3.99268705133996,3.66601229989583,3.54408107288199,3.39040363930871,3.61600090432522,8.65471771434805,9.6630390545572,7.16881988884276,5.4347392933443,4.30487434902161,4.27832287681174,4.16454517277325,3.94086189051961,4.93190773329022,4.90089302916746,5.01148721749681,4.99828319622328,4.821074861051,4.55836196782424,4.27314566190187,4.32947308910883,4.26407109843686,4.23394171325231,..
Viet Nam,VNM,GDP per capita (current US$),NY.GDP.PCAP.CD,419.205677580901,445.132861817313,497.117089249256,565.452284586212,710.746759994861,807.756645117054,925.640338348717,1163.83195772873,1226.16976051536,1683.16182443979,1950.92504174913,2185.11767654291,2359.51736472828,2546.38464459903,2577.56885340113,2735.0604380416,2956.10992127753,3222.31003125366,3440.90025375434,3534.03953482647,3704.1935590038,4147.69777213621,4323.35031982451,4717.29028732449,..
Viet Nam,VNM,Total natural resources rents (% of GDP),NY.GDP.TOTL.RT.ZS,7.98035643169834,7.4254913633254,7.95488668034576,11.7642910494755,12.1341965365962,12.2305390234099,11.4131853552874,13.9196883964883,7.40088651172265,7.4812809152762,9.06944428635118,7.29867693307343,5.91331153505454,5.66094916066902,3.38333033260239,2.68357593807147,3.21350443557147,3.26009968480725,2.50068260501281,1.8108819584417,2.54701708790768,..,..,..,..
Virgin Islands (U.S.),VIR,"Portfolio equity, net inflows (BoP, current US$)",BX.PEF.TOTL.CD.WD,..,..,..,..,..,..,..,..,..,..,..,..,..,..,..,..,..,..,..,..,..,..,..,..,..
Virgin Islands (U.S.),VIR,GDP (current US$),NY.GDP.MKTP.CD,..,3262000000,3443000000,3797000000,4428000000,4484000000,4784000000,4244000000,4201000000,4324000000,4223000000,4089000000,3738000000,3565000000,3663000000,3798000000,3794000000,3923000000,4121000000,4229000000,4507000000,4672000000,..,..,..
Virgin Islands (U.S.),VIR,Trade (% of GDP),NE.TRD.GNFS.ZS,..,283.169834457388,362.968341562591,435.159336318146,503.206865401987,552.118644067797,560.367892976589,863.195098963242,508.402761247322,586.401480111008,679.232772910253,157.177794081683,142.241840556447,164.291725105189,84.7665847665848,113.296471827278,157.696362677913,159.240377262299,155.4234409124,113.596594939702,180.297315287331,205.629280821918,..,..,..
Virgin Islands (U.S.),VIR,"Foreign direct investment, net inflows (% of GDP)",BX.KLT.DINV.WD.GD.ZS,..,..,..,..,..,..,..,..,..,..,..,..,..,..,..,..,..,..,..,..,..,..,..,..,..
Virgin Islands (U.S.),VIR,GDP per capita (current US$),NY.GDP.PCAP.CD,..,30062.0225050457,31731.2566241187,35006.3614404514,40828.7460927775,41377.1466009652,44158.5054044325,39152.3750657306,38753.1825393897,39905.1284180994,38997.1373164651,37795.3192590675,34597.9766940328,33045.3643795999,34007.3529411765,35324.9748874586,35365.0693039774,36663.2087550584,38633.5298915336,39787.3741650202,42571.0777368471,44320.909185774,..,..,..
Virgin Islands (U.S.),VIR,Total natural resources rents (% of GDP),NY.GDP.TOTL.RT.ZS,..,0,5.53610623916158E-05,4.55087436911593,2.303477558914,2.4815703726033,3.8258764076629,9.54949861751269,1.83139190991551,3.45978934522894,4.1047335352688,1.96183734012522,1.34622849772001,0.85274473054265,0.448439817567942,0.440640386181765,0.458057890874122,0.372382849153501,0.247081553705368,0.205447216042101,..,..,..,..,..
West Bank and Gaza,PSE,"Portfolio equity, net inflows (BoP, current US$)",BX.PEF.TOTL.CD.WD,13900000,8244000,13160000,7840000,13700000,..,..,..,77500000,-2898255.91800002,-677336.498687282,25771449.2175351,83581418.9765221,-2918735.0500001,54455040.0648651,-134499999.999999,43000000,12300000,-23000000,-29000000,169086114.180595,-53000000,-141871822.235135,-84535277.2191356,..
West Bank and Gaza,PSE,GDP (current US$),NY.GDP.MKTP.CD,4003700000,3555800000,3968000000,4603100000,5125700000,5348300000,5815700000,7310400000,8085700000,9681500000,11186100000,12208400000,13515500000,13989700000,13972400000,15405400000,16128000000,16276600000,17133500000,15531700000,18109000000,19165500000,17847900000,13711100000,..
West Bank and Gaza,PSE,Trade (% of GDP),NE.TRD.GNFS.ZS,82.7259784699153,76.2528826143203,76.398689516129,81.1235906237101,83.8363540589578,82.6374735897388,91.9992434272745,79.4799190194791,75.1511928466305,68.4976501575169,67.2495329024414,66.9293273483831,66.2713181162369,67.7398371659149,70.7809681944405,65.4225141833383,68.4486607142857,71.4012754506469,68.9934922812035,67.2881912475775,73.0835496162129,82.3949283869453,79.5331663669115,81.3136801569531,..
West Bank and Gaza,PSE,"Foreign direct investment, net inflows (% of GDP)",BX.KLT.DINV.WD.GD.ZS,0.478966972250668,0.265481748129816,0.324395161290323,0.445786535161087,0.707064400959869,0.347548940784922,0.33694998022594,0.70458524841322,3.7160419011341,1.85860711452246,2.13515604683715,0.515918270255689,1.40253913684002,1.14163752860063,0.751035803856381,1.92447798073354,1.14056698202946,1.29446294401352,0.769720046510608,0.513433766585376,1.95194132723981,1.62179695015304,0.580098297204125,1.18281329825606,..
West Bank and Gaza,PSE,GDP per capita (current US$),NY.GDP.PCAP.CD,1335.55319529359,1156.21747345769,1257.69857009689,1422.19088643544,1543.70141392774,1570.10439962728,1664.24571669276,2035.20234121766,2191.78178736868,2557.07562356699,2880.79843707909,3067.43872735614,3315.29753909282,3352.11259506043,3272.15432360708,3527.61382413178,3620.36048715937,3562.33094270256,3656.85827137011,3233.56863835858,3678.63565662194,3799.95527015163,3455.02852911712,2592.30591217647,..
West Bank and Gaza,PSE,Total natural resources rents (% of GDP),NY.GDP.TOTL.RT.ZS,0,0,0,0,0,0,0,0,0,0,0,0,0,0,0,0,0,0,0,0,0,..,..,..,..
"Yemen, Rep.",YEM,"Portfolio equity, net inflows (BoP, current US$)",BX.PEF.TOTL.CD.WD,..,..,..,..,..,..,..,..,..,..,..,..,..,..,..,..,..,..,..,..,..,..,..,..,..
"Yemen, Rep.",YEM,GDP (current US$),NY.GDP.MKTP.CD,9852990692.98714,10693430511.4664,11777532662.0499,13867634371.4773,16731566717.1888,19063143369.858,21650528674.0933,26910855807.288,25130278212.5575,30906749533.221,32726417878.391,35401331609.5916,40415233436.1767,43228585321.3272,42444490073.8555,31317825274.1507,26842229044.5848,21606160663.0318,..,..,..,..,..,..,..
"Yemen, Rep.",YEM,Trade (% of GDP),NE.TRD.GNFS.ZS,70.8923979770182,74.7304558609206,74.3826165968098,71.8466740069203,76.773285677642,82.0761626564135,79.1234205876059,81.244718850294,68.0713910145084,64.3856367797178,63.0594579549043,61.3616371825683,52.5118781367089,48.2430405122774,30.3676590844637,31.0815442908559,42.9699046721967,56.0778227215077,..,..,..,..,..,..,..
"Yemen, Rep.",YEM,"Foreign direct investment, net inflows (% of GDP)",BX.KLT.DINV.WD.GD.ZS,1.57455746010621,1.06889926368752,-0.756584613746177,1.03534601615477,-1.80531053584597,5.88029989730047,4.23684804102557,5.7769623200871,0.51412085018398,0.610357927076417,-1.58233916831705,-0.0402221829314871,-0.330496410064222,-0.539237328374498,-0.0363882528160336,-1.79131212045889,-1.00531889341895,-1.30563839823089,..,..,..,..,..,..,..
"Yemen, Rep.",YEM,GDP per capita (current US$),NY.GDP.PCAP.CD,487.141257946318,513.241486570603,548.905883049973,627.632023395762,734.159908450927,809.713127624703,890.305768114988,1071.63583282105,969.243509864478,1155.20305261418,1186.47500581215,1245.05068272078,1378.75002954928,1430.16420964026,1362.1738120601,975.359417003225,811.165970405745,633.887202451545,..,..,..,..,..,..,..
"Yemen, Rep.",YEM,Total natural resources rents (% of GDP),NY.GDP.TOTL.RT.ZS,33.2270815659587,31.0497728852744,32.1919199005229,34.1535884387229,41.1656856093808,40.4987746786826,33.0050730617766,33.8694342767331,21.001304593999,23.5484181707179,25.9395800444886,18.8463591940271,13.5874899680381,10.9650660396012,2.06582147254408,0.766194564986369,2.00088361190121,4.87867391772049,..,..,..,..,..,..,..
Zambia,ZMB,"Portfolio equity, net inflows (BoP, current US$)",BX.PEF.TOTL.CD.WD,7520000,-260000,2250000,-80000,5325000,1970000,3841500,-5670000,-13098844,100525920,24600000,-7407558,5465000,6128199,182760,2985698,-2506525,-5356156,-1305015,2918032,283259,-71154,15293.7021325719,-9677847,..
Zambia,ZMB,GDP (current US$),NY.GDP.MKTP.CD,4094441301.21423,4193850445.42632,4901869764.05957,6221110219.45542,8331870169.14977,12756858899.2812,14056957976.2648,17910858637.9048,15328342303.9575,20265559483.8548,23459515275.5776,25503060420.026,28037239462.7142,27141023558.0829,21251216798.7762,20958412538.3093,25873601260.8353,26311507273.6735,23308667781.2258,18137764930.651,22096416932.0089,29163782140.4858,27577956471.244,25303185342.2511,..
Zambia,ZMB,Trade (% of GDP),NE.TRD.GNFS.ZS,64.668282708979,64.9164969990648,62.3128446757629,70.8130749317722,62.200282191364,57.8568188739027,65.7714586909068,59.4548891205874,56.1213809555165,65.0147025206122,72.7954324384283,75.367709855907,80.4562410213373,76.1934997276313,79.8652687573958,73.958561254616,71.5856946542566,74.8883695274665,68.791204936096,79.2068494095955,86.2085111934645,69.2973154193203,78.2418870451485,62.5348874064443,..
Zambia,ZMB,"Foreign direct investment, net inflows (% of GDP)",BX.KLT.DINV.WD.GD.ZS,3.54138670780308,7.11494136195091,7.07893144253237,5.85168864010044,4.28403218909524,4.82712872237458,9.41811167277731,5.24050811284723,4.53277977632725,8.53319643791576,4.72516156867912,6.78938124085044,7.48932505567266,5.55542791808588,7.44741668984243,3.16251974813899,4.28050117059574,1.55231886738395,2.3509190433173,1.35190577412928,1.78407846118257,-0.223286755156161,2.32465335614826,9.32437789659637,..
Zambia,ZMB,GDP per capita (current US$),NY.GDP.PCAP.CD,396.548952993504,393.864625518616,446.290104839041,548.685974566277,710.982068171696,1051.71714895686,1118.73162626953,1375.50211006997,1136.24168316848,1451.10616017155,1624.86817763443,1710.05061343728,1820.71854827391,1707.48573136694,1295.87788680068,1239.08527877713,1483.46577328065,1463.89997855593,1258.98619844462,951.644316655957,1127.16077872857,1447.12310138035,1330.72780576709,1187.10943350064,..
Zambia,ZMB,Total natural resources rents (% of GDP),NY.GDP.TOTL.RT.ZS,6.91796764834799,8.58178422740853,12.6388158009955,13.7756377211636,14.1027021273131,19.2015029596777,21.7874311599282,16.052538455331,16.7968643399172,18.6647201093496,17.4237334954232,13.5753487511819,12.023594729012,10.842259058696,11.1602533885932,11.6772125402718,13.2264399699464,11.7483463033985,7.91506539515975,16.2222307618142,35.2641479964325,..,..,..,..
Zimbabwe,ZWE,"Portfolio equity, net inflows (BoP, current US$)",BX.PEF.TOTL.CD.WD,..,..,..,..,..,..,..,..,67000000,63090000,10000000,99200000,114200000,130300000,122800000,-80061343.26,-100881819.3,-101265597.4943,-53917018.693632,-81646526.1003605,-107706706.239279,-93700000,-22800000,-22600000,..
Zimbabwe,ZWE,GDP (current US$),NY.GDP.MKTP.CD,6780750000,6345250000,5730500000,5808500000,5758250000,5446750000,5294750000,4418000000,9670750000,12047750000,14109000000,17123500000,19100750000,19505500000,19973250000,20559250000,51035657370.5179,34141666666.6667,33357695635.1284,31980334561.3123,41287673690.0771,40757561708.7741,35871779680.6335,41539411516.4448,..
Zimbabwe,ZWE,Trade (% of GDP),NE.TRD.GNFS.ZS,67.8980938686723,66.8098183680706,70.4519675420993,76.0394249806318,76.043068640646,82.8200302932942,84.1682798999008,109.523540063377,61.7764909650234,83.1234047851259,89.4659437238642,74.1627003825153,58.6560737143829,54.6717592473918,56.7496526604333,51.2190376594477,55.028317831061,54.55031658746,46.1065442675515,40.1784062234355,44.1145594899855,55.0673522476036,40.2912612046942,41.4865312656314,..
Zimbabwe,ZWE,"Foreign direct investment, net inflows (% of GDP)",BX.KLT.DINV.WD.GD.ZS,0.0560409984146296,0.408179346755447,0.0663118401535643,0.149780494103469,1.78526462032736,0.734382888878689,1.30128901270126,1.16794929832503,1.08574826151022,1.01750672670554,2.44028634205117,2.04309866557655,1.95306467023546,2.42393171156853,1.99867322543902,1.66841598492163,0.601908067055593,1.21217684971106,0.748473073606359,0.470482157673421,0.575184665386161,0.826254039449821,1.68432122793783,1.12046122708248,..
Zimbabwe,ZWE,GDP per capita (current US$),NY.GDP.PCAP.CD,566.388746448872,524.936478570323,468.471932927213,469.719298949304,461.271387547912,431.034994414964,413.521244592925,340.917447588572,735.821693871697,902.010759067388,1037.77565157218,1239.22709745709,1362.99498323368,1372.91526173161,1387.12632595026,1408.13945253431,3445.44941020134,2270.89531874302,2184.32923855469,2059.67445384499,2613.60542083552,2536.40050223076,2195.22492079245,2497.20332208763,..
Zimbabwe,ZWE,Total natural resources rents (% of GDP),NY.GDP.TOTL.RT.ZS,4.02799179313518,5.17219377081197,6.98217572203532,8.43730994677101,8.5582074673681,11.4813042316831,15.559238462362,18.3230470823159,6.76260898727295,7.09847064162797,7.87938898914128,5.96773281078297,5.04283935109174,5.62126327970579,4.60618520596556,4.49541367401877,6.09544838030308,3.37818944674235,4.71576545765887,4.74666809490234,6.39845161112644,..,..,..,..
Africa Eastern and Southern,AFE,"Portfolio equity, net inflows (BoP, current US$)",BX.PEF.TOTL.CD.WD,-923410600.282414,-370072792.573281,713451446.41866,6715942951.01914,7384091968.59583,15031498414.3078,8717602206.49365,-4575375173.30718,9777174973.12893,13746966996.735,6198530490.472,8066853301.60757,8640262206.06523,9176957794.99933,9961634318.2871,-2220871236.68634,10692645946.9926,1922391613.81143,-3867286474.14887,-2404392118.82123,-17995361130.6893,-228879727.99999,-1279138007.67667,-863075901.078063,..
Africa Eastern and Southern,AFE,GDP (current US$),NY.GDP.MKTP.CD,260849957489.123,269746009737.978,358116081062.427,445974808500.088,521561976778.096,587500469826.421,674999944547.619,726770401376.729,726921646144.603,863822114606.332,959822476083.878,969265729636.028,981308886976.783,998836162271.296,910002035578.038,831868076442.431,978076465866.452,1020955778298.17,1018714795912.35,938607563405.087,1114144799994.21,1228967879390.01,1179359054880.45,1242693542929.85,..
Africa Eastern and Southern,AFE,Trade (% of GDP),NE.TRD.GNFS.ZS,47.9559637004703,57.2943038862584,54.865818834396,55.9014690795976,58.6583006346614,59.2211968534177,64.926552245923,72.1139529810406,60.8267897293719,61.1440016011495,63.0683921534385,61.0262151920067,61.4749476479476,59.8998848247145,54.919335043677,52.9532018565789,51.8332071754235,55.0220378948386,53.528129184284,49.5217047765169,54.5012645153596,57.1527762711517,56.1705277452305,54.422178323254,..
Africa Eastern and Southern,AFE,"Foreign direct investment, net inflows (% of GDP)",BX.KLT.DINV.WD.GD.ZS,4.77476973739498,2.45311397862458,2.44332327879905,1.82591614109867,2.02191300437059,1.25663111373599,2.43740589998239,3.1569406143365,2.58633169148882,1.64090292830012,1.85611503894181,2.54452875718434,2.19652894927539,2.77477576165797,3.15341226900222,2.01279729360831,1.04098584311975,1.29749882402945,1.48207355066174,1.42127340311204,4.91251538256361,1.71786547617322,1.96186990522882,2.15814407842415,..
Africa Eastern and Southern,AFE,GDP per capita (current US$),NY.GDP.PCAP.CD,625.82781544115,630.512327648462,815.432296267735,989.015463629244,1126.2973233912,1235.26660811771,1381.5525968929,1447.54575437552,1408.75346659428,1628.90524793139,1761.98926096159,1732.03802145335,1706.02274412621,1690.16679245944,1498.8752400759,1334.47050032928,1528.10422421284,1552.07372194919,1507.08559963484,1351.59166910879,1562.41617477738,1679.32762166466,1571.44918918981,1615.39635562849,..
Africa Eastern and Southern,AFE,Total natural resources rents (% of GDP),NY.GDP.TOTL.RT.ZS,7.13522486498834,7.89407464206872,7.2995521207375,8.23755974901512,9.50721830298341,10.7436447369756,12.8939205891036,18.7710770617454,10.2070601334327,12.0272921636119,13.8327602240159,11.6995532431167,11.0178558522859,9.38296875339101,6.60084684041393,7.22666290910055,7.8985670517882,7.54909239311972,6.73387216198373,6.15684891122153,10.3538976268673,..,..,..,..
Africa Western and Central,AFW,"Portfolio equity, net inflows (BoP, current US$)",BX.PEF.TOTL.CD.WD,12169481.2559071,10523904.0931312,14462129.4693216,-20908789.6658731,777851336.089607,1779894215.10638,1446917860.22695,-1049886555.26628,1047852145.64852,2218361130.83605,2573070435.17641,9817536111.9483,5345487213.39231,1183591208.37951,-378163818.814765,423796175.513904,1373011178.579,1155204578.15039,-1573623412.67608,-313463346.935824,110363256.752659,328605389.667618,1525704882.65539,1900854693.84778,..
Africa Western and Central,AFW,GDP (current US$),NY.GDP.MKTP.CD,150714426912.056,180129182230.862,208646527354.851,257939299771.713,316515667947.035,402077365740.581,470947616490.719,574259808704.121,515037106035.659,605794323433.505,691133400013.31,748030003656.802,844180401591.48,904071921008.085,778022057597.448,700028168335.244,694051345937.233,777840323023.311,1026996211935.8,963784699293.976,1026651004045.79,1063649130876.99,938238370514.198,736384961061.523,..
Africa Western and Central,AFW,Trade (% of GDP),NE.TRD.GNFS.ZS,..,..,..,..,..,..,..,..,..,..,..,..,..,..,..,..,..,..,..,..,..,..,..,..,..
Africa Western and Central,AFW,"Foreign direct investment, net inflows (% of GDP)",BX.KLT.DINV.WD.GD.ZS,2.13936964022108,2.44742099166616,2.52204859848841,1.80420304723066,2.93133338546773,2.28870294816693,2.76690161524521,2.84147402329329,3.52591020083717,3.15128327333642,3.54506641288462,2.79570166892171,2.26936723127983,1.83591900224731,2.13330027622449,2.23535718815748,2.55635653292547,1.91395272862701,1.22700011228508,1.04084419108634,1.60141749103716,1.46814555146344,2.08163638802875,2.39840367592386,..
Africa Western and Central,AFW,GDP per capita (current US$),NY.GDP.PCAP.CD,532.972787221754,619.337335030759,697.481256337088,838.213391665852,999.770023047319,1234.64185574403,1405.88018847409,1666.52048270501,1453.4952836253,1662.63365844147,1844.05436728177,1941.11824321812,2131.60609132899,2221.35033761012,1860.72768628324,1630.03943895258,1574.23056437855,1720.14009242722,2216.38505520833,2030.86165860293,2112.79407637079,2138.47315259913,1841.85506354867,1411.33702938476,..
Africa Western and Central,AFW,Total natural resources rents (% of GDP),NY.GDP.TOTL.RT.ZS,13.8191029852262,11.7815428511944,12.6472066993838,13.4477095695287,17.7741124988791,16.5455783445603,16.0585289289267,17.8256688816695,11.3525022294865,14.2289387822417,17.8007612366636,16.1216507786234,12.4255645840542,9.92710636965712,6.13557528473642,6.36027952574379,8.87794485151043,10.0023935267185,8.62552056707509,5.91722849001492,9.7344518344612,..,..,..,..
Arab World,ARB,"Portfolio equity, net inflows (BoP, current US$)",BX.PEF.TOTL.CD.WD,-1337567.07388764,-125317572.066549,511441454.442414,765198276.401631,4876034670.56254,2266077385.9006,330579568.492145,3155741804.24071,1633857574.10887,5082287286.67068,66762337.4329703,273994769.340881,2032035717.11374,4636127248.82873,329037699.086292,2407841168.13324,3169188561.84597,4259886542.31077,26491507958.4747,7747698288.54769,5594523896.10442,17310478127.6331,9300861187.24945,8034558495.15087,..
Arab World,ARB,GDP (current US$),NY.GDP.MKTP.CD,744722772315.71,746650656664.553,830076413454.428,987304981951.166,1210081969427.04,1439461108230.61,1674641032780.09,2118071078804.52,1829849574764.63,2161397546202.94,2573067811497.98,2813567531715.43,2883689839002.54,2937035588682.67,2580328583417.41,2536564595458.87,2611323720520,2920829737234.67,2965285548936.01,2604104981819.8,3085141461685.6,3747416641077.45,3622495663981.78,3735881442514.34,..
Arab World,ARB,Trade (% of GDP),NE.TRD.GNFS.ZS,73.2257874878177,73.5196699691684,80.1785790851044,84.5068077172092,88.6457164514402,88.9408719600594,92.9395640965946,96.7573478237637,88.7840499830423,85.4722234406328,88.2778925699692,89.7697484348065,88.7552573164628,86.5625376235488,81.6833904367822,76.0430297374186,79.4530344876072,79.8820396126159,79.0696226380511,74.5045919856139,79.4584284528696,86.7932393179498,86.7466586209333,62.2097108772467,..
Arab World,ARB,"Foreign direct investment, net inflows (% of GDP)",BX.KLT.DINV.WD.GD.ZS,1.195021490742,0.82496095204721,1.75833925602519,2.16478959100851,3.16813035855029,3.97121100672377,3.80340434197896,2.58732735207834,2.2218541513522,2.11194389033051,1.31663145630821,1.54970201135426,1.2495361508121,0.858594694517584,0.848345430500515,1.90316892678224,1.20765569076214,1.51863791071918,1.21983791189292,1.28359953435291,2.25750539146834,2.07805996103919,2.45975024296504,3.63591508558193,..
Arab World,ARB,GDP per capita (current US$),NY.GDP.PCAP.CD,2536.69232600737,2483.11187485029,2696.67212547749,3133.70187873975,3750.69825886818,4355.05756933724,4940.7022651172,6091.93206445673,5134.45006055159,5944.95217290432,6915.82768123695,7384.10682814613,7376.02829575498,7338.35092727915,6290.55879501691,6042.19675439672,6096.72395041636,6699.18058175457,6674.34224402621,5739.41283580539,6697.41498492196,7950.35581975672,7513.89907880749,7583.81170078144,..
Arab World,ARB,Total natural resources rents (% of GDP),NY.GDP.TOTL.RT.ZS,22.9193126120246,22.0838435054735,24.5259535907581,29.0399592018759,34.7397170108959,35.3772791024228,32.9540433788554,37.0415442861232,24.4924460923132,27.7740520193242,34.8780127275844,34.4082052971307,31.771876026964,28.3987327270637,17.1240935333974,14.5188595135069,18.2725065180973,23.1576538692586,20.4443090027516,13.6262366894215,20.4004333046325,..,..,..,..
Caribbean small states,CSS,"Portfolio equity, net inflows (BoP, current US$)",BX.PEF.TOTL.CD.WD,17718835.5229263,808887.294250208,33811080.6253123,-711920.830481365,-4920869.76332474,7019074.33961778,55313799.2585411,28298440.3244003,-3190289.33155808,-4448987.34588975,206914.393868853,-2348027.46902422,-7748989.95803252,523835.900078294,150933123.850988,25325410.2866852,66186354.1996304,68958103.0549539,117778282.962963,47748608.5185185,95418355.1851852,72073546.6666667,92442179.2592592,1702.22222222225,..
Caribbean small states,CSS,GDP (current US$),NY.GDP.MKTP.CD,26504661126.1591,27742046925.4435,30589389405.8968,33597817092.3498,38224293958.7281,44325879983.2222,49739222993.1148,57296315261.9305,47913515379.1154,53047626322.0273,56828150706.0989,60427163825.0841,62064949752.4886,64075043973.1037,62545153672.0285,58073168349.5106,59690101434.3488,61252081219.8672,62185458482.7062,53320869430.7059,62687149265.4471,78506430710.7309,79534673452.944,90344593407.0488,..
Caribbean small states,CSS,Trade (% of GDP),NE.TRD.GNFS.ZS,..,..,..,..,..,..,..,..,..,..,..,..,..,..,..,..,..,..,..,..,..,..,..,..,..
Caribbean small states,CSS,"Foreign direct investment, net inflows (% of GDP)",BX.KLT.DINV.WD.GD.ZS,5.94384498855064,6.40591700255412,5.38473591331926,6.28508218802429,6.69401138022517,6.55647307070313,6.09318576846857,9.16134161582968,5.29267167797249,4.68462421397548,3.74989721701899,0.640356613895504,0.839851234339379,3.86459317212514,3.20051424087611,3.18454919035672,1.50095759823363,3.44440050917286,7.01505209394827,6.64034388356222,4.21254201462852,-0.397301239631366,-1.57808665663235,10.6792439839521,..
Caribbean small states,CSS,GDP per capita (current US$),NY.GDP.PCAP.CD,6647.62547849072,6903.07418576198,7551.08983381761,8233.61082543875,9439.33720644986,10883.0475520742,12134.9066978741,13890.1303094208,11554.0589194758,12711.087492863,13526.9467562,14290.6349320103,14577.1689272446,14947.9426963116,14497.5393236017,13376.8057759012,13671.1377634132,13896.7409040963,13995.8548364074,11957.223222537,13995.2694921728,17456.3084845676,17596.5404249612,19903.8112311908,..
Caribbean small states,CSS,Total natural resources rents (% of GDP),NY.GDP.TOTL.RT.ZS,4.14056738211568,4.54870109040218,4.67391932378817,5.20851232156477,7.92869429416839,9.04782500216796,8.52784792905006,9.14138794290036,8.22719067407141,8.58497024344945,13.278999370676,12.2406253394284,11.5019134178589,9.06476250289659,4.28496238024667,3.82156090521278,4.58360385585124,5.50150187114763,5.16511225563906,4.01930905523046,7.88856961719093,..,..,..,..
Central Europe and the Baltics,CEB,"Portfolio equity, net inflows (BoP, current US$)",BX.PEF.TOTL.CD.WD,659340938.968117,-843832047.82929,848263461.811531,4272330335.87008,-318173178.90434,701133271.548118,-3754528382.55891,-1425368512.76133,2070918116.87319,7005523975.14938,3546682969.74909,4670002990.28832,4204716173.87822,3886371117.6713,6843301256.62868,-2633215779.45694,2409454845.1561,1280202406.59992,-114529190.893528,-4673269772.20014,-1362706507.67823,-2704924206.97354,1784125869.44948,3280298860.33242,..
Central Europe and the Baltics,CEB,GDP (current US$),NY.GDP.MKTP.CD,469501416107.35,528524764911.334,634291134326.277,763490469817.591,885715817927.209,1001314786967.89,1264257753875.72,1530264815688.71,1289259547165.21,1319443729249.66,1458155270134.3,1361899009858.4,1420222538112.93,1467451281263.28,1297141271990.05,1321561415743.83,1467501784248.85,1656383422202.66,1684318282245.77,1678294256145.3,1926347717339,1954419184114.96,2273205742208.3,2462005273603.48,..
Central Europe and the Baltics,CEB,Trade (% of GDP),NE.TRD.GNFS.ZS,80.5911753052678,79.5447219618856,83.8467467274666,90.7634620261512,93.7320808776105,101.888196946312,104.682037182865,104.185166871239,92.9319755129392,104.464984905731,112.883966693345,116.12084582553,117.682858283811,119.875144797024,119.413555662705,120.335512986639,123.351879836094,123.819500551781,121.363013902895,114.658310873069,125.55242593516,139.83650926868,123.605007799846,116.319512552977,..
Central Europe and the Baltics,CEB,"Foreign direct investment, net inflows (% of GDP)",BX.KLT.DINV.WD.GD.ZS,4.60612061020183,5.01051912621906,3.21841248805906,5.63778072352798,8.43686308902709,8.15209179254913,12.1330403943211,9.03146896170313,2.36140759120575,1.61300869025255,3.43951780224961,2.89121901660299,1.10764880919044,3.66873207560602,1.80880990392683,8.80263719364417,2.10815672055366,-1.1357787238551,9.12473767717775,12.6654808411373,6.31304664342921,4.17185107299096,0.294316334110165,-0.147680272642613,..
Central Europe and the Baltics,CEB,GDP per capita (current US$),NY.GDP.PCAP.CD,4360.9626352209,4941.34251407648,5948.84961048537,7180.27037029658,8352.50713208299,9466.68526162197,11997.2743828359,14573.6892707792,12302.0391574104,12635.7541209869,13997.3000771488,13104.066588243,13712.6744030811,14208.4090786575,12596.8862547468,12874.699956166,14339.8243059389,16227.2484719489,16534.9264870407,16581.3526115028,19223.9274030651,19530.1553232172,22690.3736174216,24604.8068595604,..
Central Europe and the Baltics,CEB,Total natural resources rents (% of GDP),NY.GDP.TOTL.RT.ZS,1.01979872521841,0.744572295180919,0.717838049113847,1.1061097330347,0.964281330836715,1.19480132473422,1.05152672179859,1.55001632883028,0.897497864660391,2.20029237738755,2.86079487305536,2.06986567788745,1.76799260913013,1.63159566473226,0.825631539045938,1.01596313200799,1.46868644836589,1.37821568057069,0.587609631709931,0.476124718719927,0.786964127057054,..,..,..,..
Early-demographic dividend,EAR,"Portfolio equity, net inflows (BoP, current US$)",BX.PEF.TOTL.CD.WD,2017116066.93746,2873302303.75807,11598910230.0653,20843109683.3836,34888034796.9168,39114442549.7634,54984546617.1754,-21177176332.1848,44729524288.2535,46392524425.7762,-11075877373.2192,44968984631.4099,27020622475.3646,39020263217.9329,14625509951.0265,20390305955.9237,29686086239.2084,-11851226009.1363,31298581191.1482,9081079206.9912,-9011278591.69185,-13321626612.7598,22945460598.7803,1787714316.11273,..
Early-demographic dividend,EAR,GDP (current US$),NY.GDP.MKTP.CD,3351822804548.09,3255787156323.37,3622513779274.76,4209733389066.63,4897834756101.33,5600388912441.22,6631053551528.64,7461798613306.43,7179119134034.64,8719722451021.04,9832704039068.24,10275142735646.4,10330333855700.2,10533364326771.5,10127250782286.2,10423237803666.1,11320553240043.8,11478917653356.5,11686574879191.1,10823343545638.3,12695008338487.8,14034689936337.3,14933453330998.3,15808304487948.1,..
Early-demographic dividend,EAR,Trade (% of GDP),NE.TRD.GNFS.ZS,47.5958307124912,49.1012054577805,49.9539547086674,54.1592974980815,56.5589782626148,57.9537592611841,58.2473815100009,61.2736289326359,53.2877790028952,54.8315323303574,58.0638147627474,57.7433661405682,56.6688112532542,55.0023236880475,51.0526136140885,48.6955201383382,50.6972262430871,54.6258922827951,52.213676612133,47.3375696456261,53.4080200126286,58.9341445376022,53.0713243241331,51.66586278469,..
Early-demographic dividend,EAR,"Foreign direct investment, net inflows (% of GDP)",BX.KLT.DINV.WD.GD.ZS,1.78944539897803,1.45270574330731,1.18646558508148,1.51556427923451,2.10432420182064,2.54018445800833,2.65693327614947,2.70200452716778,1.87196555413297,1.86415801387002,1.86142718681986,1.73958506935127,2.0656901605081,1.73248564839681,2.1176064823695,2.05469058999148,1.89354787125253,2.01965603795388,1.83763149693892,1.83085471714138,2.19687758662232,1.98225253051193,1.5690811265771,1.73260756149677,..
Early-demographic dividend,EAR,GDP per capita (current US$),NY.GDP.PCAP.CD,1311.18270829395,1251.30296598532,1368.47911219559,1563.10591131168,1788.28350980842,2011.10903452871,2342.68810678142,2594.55632797993,2457.28657966372,2938.79859415379,3262.90999134968,3359.13086538369,3328.41752232259,3347.32555792556,3174.36962020929,3223.9805446069,3457.64943157186,3463.50882263374,3483.31545469615,3187.03781234801,3698.98363187847,4043.82776331568,4252.59733415786,4450.18711937385,..
Early-demographic dividend,EAR,Total natural resources rents (% of GDP),NY.GDP.TOTL.RT.ZS,6.81423237754721,6.9439181238136,7.61469456260671,9.10271751372919,11.2314176870777,11.9243493617839,11.2113234885448,13.7536491324177,8.03950695036931,9.22503038812095,11.8031803630558,10.8068750734792,9.65256003527266,8.30112766997896,4.61784269372454,4.05321680761495,4.91793906556283,6.59590933129424,5.3898937006273,3.85169700450093,6.76617958931172,..,..,..,..
East Asia & Pacific,EAS,"Portfolio equity, net inflows (BoP, current US$)",BX.PEF.TOTL.CD.WD,57621773757.111,-10420909533.5889,136392162364.525,106879664223.693,185032736861.002,156838487306.314,129091511820.212,-89807344297.0282,122456825698.395,144937128292.338,10785920156.5858,138810576973.713,226839933708.263,120311594250.194,-19551269827.9815,22039094470.1727,105566814672.217,-18424369063.1483,96170599797.8389,-16509559052.098,124535017709.607,96925547881.0847,42291702470.7245,1224288443.47356,..
East Asia & Pacific,EAS,GDP (current US$),NY.GDP.MKTP.CD,7826463883839.79,7956172633989.7,8753448863353.34,9819681145695.01,10482706260278.9,11119747675836.3,12437519828885.7,14343483215174.2,14764315682393.8,17239317220822.1,19978722203920.9,21382308600766.1,21659293723344.2,22372206647098.1,22299105656919.6,23089672188769.4,24656162308335.2,26853593303707.3,27427259967363.2,27578839610232.4,31675719814404.9,31266291368260.6,31417826880875,32017179839273,..
East Asia & Pacific,EAS,Trade (% of GDP),NE.TRD.GNFS.ZS,51.2044034205677,52.7260317632784,58.2127627171281,64.7135123281802,67.2266375708886,69.657975853854,68.8974872614115,69.3381079119863,57.2786608831391,62.4576577394419,64.6346274652362,63.2211856809911,62.45604909842,61.4953749356065,55.9752061347854,52.3453171319671,54.2944579632799,55.2969571267884,53.0312724740941,50.0635221733694,55.1221330324027,60.1095992258372,57.1907295356172,58.4687416558645,..
East Asia & Pacific,EAS,"Foreign direct investment, net inflows (% of GDP)",BX.KLT.DINV.WD.GD.ZS,1.63151063557268,1.42164916211533,1.44936779400348,2.02600677639416,1.80583717718681,2.59554355224605,3.18820814716927,2.70283649431847,1.95112667503583,2.88825299244937,2.80928485561468,2.41871431290293,2.73216677558612,2.82453946243175,2.77110071754127,2.29307115755199,2.27720088001533,2.25360021189491,1.94386021656394,2.15910197383767,2.60076354078235,2.27977422973751,1.47444276685866,1.47109621535185,..
East Asia & Pacific,EAS,GDP per capita (current US$),NY.GDP.PCAP.CD,3783.30921974687,3813.81685560294,4162.83398166818,4634.6623943391,4910.91472643792,5170.318905428,5739.38750773872,6569.11576512158,6713.65045131004,7784.344658223,8955.74869819951,9507.12974075371,9553.8618750751,9793.53363771993,9691.70576095154,9965.00400107685,10566.2828244863,11438.8584591418,11622.8915284736,11639.4853357389,13336.4841670883,13139.2109813612,13176.1786055635,13405.735673015,..
East Asia & Pacific,EAS,Total natural resources rents (% of GDP),NY.GDP.TOTL.RT.ZS,1.10719691843386,0.99542328131026,1.0769245832552,1.80682002926432,2.20481806600118,2.62701555663577,3.24280864012787,4.85952825925249,2.33140799387541,3.61736482753036,4.51949755914906,2.74464254515472,2.35936566090042,2.01562537926092,1.18781136402077,1.07531660793681,1.34908943100725,1.49623364269318,1.37458315325869,1.07184349934797,2.15685820016882,..,..,..,..
East Asia & Pacific (excluding high income),EAP,"Portfolio equity, net inflows (BoP, current US$)",BX.PEF.TOTL.CD.WD,1767613488.25643,3837896066.39829,12485683184.8911,19312021369.287,25990673029.353,55185293883.914,35977970390.7145,-12398007124.4572,39444106095.4297,45426498613.7743,8301523651.5907,40744121866.0871,32527229217.0897,50868600252.4604,-769025130.653937,23527266074.5848,39255960701.3752,47792226333.9274,44667123222.6244,59931455374.4086,82684190426.3947,49238477086.1413,5953766540.27895,-19735817742.4496,..
East Asia & Pacific (excluding high income),EAP,GDP (current US$),NY.GDP.MKTP.CD,1862932027297.4,2063860728539.44,2337899791147.23,2712364424518.89,3140094784139.39,3783276519033.74,4787054921838.08,6062017772754.35,6581352893096.84,8008611577123.89,9774259220654.2,10905337947546.2,12047512338954.1,13004689014662.5,13548904084321.4,13844122751569.4,15115625540264.8,16902110052652.3,17503274977303.3,17805166443182.2,21231425978691.4,21563881384135.8,21644412635340.6,22260810771875.1,..
East Asia & Pacific (excluding high income),EAP,Trade (% of GDP),NE.TRD.GNFS.ZS,49.3996019754269,51.8954849418292,59.0380544033163,66.6157542747514,69.083574503904,70.324349676174,67.9425201146739,64.1679361949614,51.5537588488543,56.1481865080446,56.8065017577975,54.3674047518243,52.7617829667611,51.1435906351298,46.0352711694193,43.4661834303896,44.7719419402175,45.0725672746999,42.68001465761,40.5762009934068,44.6542035676862,46.7579624046604,44.5036923543447,45.9495649235364,..
East Asia & Pacific (excluding high income),EAP,"Foreign direct investment, net inflows (% of GDP)",BX.KLT.DINV.WD.GD.ZS,2.8131806551579,3.07480880362085,2.93017716664473,3.07262348271581,4.12244474891044,4.04278569952864,4.04810364306106,3.49530221998268,2.37285319290618,3.73126352278817,3.45329540589139,2.79558314804067,3.005606781911,2.53711668279628,2.26099397166296,1.59200770245069,1.58763289227537,1.84236415132526,1.49204425101988,1.7036034307096,2.06362919027047,1.29378662532685,0.594094050913378,0.503217325098738,..
East Asia & Pacific (excluding high income),EAP,GDP per capita (current US$),NY.GDP.PCAP.CD,1014.52467003618,1113.99915249896,1251.27771535816,1439.93214543391,1653.67913605181,1976.63130651455,2481.38704492063,3117.83131105355,3359.51721584875,4057.86521472833,4913.89394942906,5434.82527120289,5952.7689297214,6373.64846984799,6589.77076427462,6683.18386700353,7241.92533864361,8045.94630458507,8286.3981179292,8391.27634645494,9974.57829690175,10106.9935977814,10125.9095208645,10396.7957405051,..
East Asia & Pacific (excluding high income),EAP,Total natural resources rents (% of GDP),NY.GDP.TOTL.RT.ZS,3.60408789685391,2.95073450878053,3.20369254849271,5.40074680175966,5.92034119778028,6.17500327167284,6.75455489362504,9.50498457593684,4.29151930414519,6.3097398625033,7.63586513877191,4.40483513578008,3.36520379171158,2.77347015250941,1.53497670406624,1.35376307004502,1.64957342779913,1.82587903450451,1.57316452950628,1.1002123597412,2.09970189354757,..,..,..,..
East Asia & Pacific (IDA & IBRD countries),TEA,"Portfolio equity, net inflows (BoP, current US$)",BX.PEF.TOTL.CD.WD,1767613488.25643,3837896066.39829,12485683184.8911,19312021369.287,25990673029.353,55185293883.914,35977970390.7145,-12398007124.4572,39444106095.4297,45426498613.7743,8301523651.5907,40744121866.0871,32527229217.0897,50868600252.4604,-769025130.653937,23527266074.5848,39255960701.3752,47792226333.9274,44667123222.6244,59931455374.4086,82684190426.3947,49238477086.1413,5953766540.27895,-19735817742.4496,..
East Asia & Pacific (IDA & IBRD countries),TEA,GDP (current US$),NY.GDP.MKTP.CD,1860776095129.07,2061454246187.87,2335145056810.17,2709157341014.45,3136374977327.23,3778751294371.62,4781270693838.79,6054648571433.55,6573327283810.49,7998796323270.31,9762256276676.58,10891968350841.7,12032711129058.2,12988712786591.7,13532272043462.5,13827151057380.2,15097056837158.2,16881316789674.4,17481715455963.4,17783207218899.1,21205187136185.7,21537214774462.6,21617676926854.5,22233362919728.4,..
East Asia & Pacific (IDA & IBRD countries),TEA,Trade (% of GDP),NE.TRD.GNFS.ZS,49.399601975427,51.8954849418292,59.0380544033162,66.6157542747514,69.0846377922373,70.3255488932353,67.9435243092329,64.1703554981392,51.5560642674388,56.1500458431538,56.808989355152,54.3700360089716,52.765075443476,51.1472047708159,46.0386687646244,43.4691580089263,44.7746517907454,45.0751686963502,42.6828078908221,40.5785747992944,44.6557060199899,46.7605279255168,44.5061087097405,45.9521179316198,..
East Asia & Pacific (IDA & IBRD countries),TEA,"Foreign direct investment, net inflows (% of GDP)",BX.KLT.DINV.WD.GD.ZS,2.81286252372834,3.07465835012934,2.93017993463714,3.0726874790405,4.12232038116527,4.04345940981001,4.04802531338311,3.49526445759566,2.37282711500903,3.73120937344479,3.45331039240306,2.79572648286831,3.0057007391973,2.53737559559003,2.26120157630398,1.5924401819115,1.58791839885176,1.84266475236629,1.49228247889908,1.70379544519992,2.06377264151274,1.29406625416745,0.594458563709642,0.503187348651075,..
East Asia & Pacific (IDA & IBRD countries),TEA,GDP per capita (current US$),NY.GDP.PCAP.CD,1026.6492096959,1127.25093374819,1266.10778867241,1456.96694694124,1673.19096529507,1999.86070779606,2510.42261993326,3154.16872851062,3398.52989667846,4104.80262362259,4970.50535493565,5497.15517271917,6020.72398510662,6446.1361235924,6664.48834577557,6758.74365728701,7323.51364847919,8136.37041895137,8379.36503263574,8485.32855185979,10086.4176067356,10220.4774431567,10239.8162178816,10513.9529323033,..
East Asia & Pacific (IDA & IBRD countries),TEA,Total natural resources rents (% of GDP),NY.GDP.TOTL.RT.ZS,3.60402668605022,2.95067896135242,3.20363489810916,5.40069912533366,5.92027245039965,6.17492316658556,6.75444944027802,9.50490041426225,4.29147920034067,6.30967478261027,7.6357994231077,4.40480450540896,3.36516880912398,2.77344171216195,1.534960397984,1.35374706447194,1.64955530010108,1.82586180733672,1.57314874726315,1.10020149582825,2.0996810137546,..,..,..,..
Euro area,EMU,"Portfolio equity, net inflows (BoP, current US$)",BX.PEF.TOTL.CD.WD,126252861336.814,58020951657.2397,134281785621.022,202370406471.962,568894367637.97,581066354380.124,380555417470.972,-272255458166.048,324219636047.469,387185431209.438,131086245018.084,352046327532.588,505247516312.474,801347201220.155,724070463304.027,346483929227.179,866971150874.708,234676467546.886,589548866608.577,460270800571.898,1283322399354.62,44288743276.9226,233228635043.682,651664444954.315,..
Euro area,EMU,GDP (current US$),NY.GDP.MKTP.CD,6631899417554.06,7241862819845.99,8921228124667.76,10231007049211.6,10611825457675.7,11288300255552.1,13000311540976.4,14295718485782.5,13083077526585.9,12784744616370.5,13808563263632.6,12784947379630.9,13357283141903.1,13682058707498,11829834353286.1,12123283574466.5,12841960349280.8,13871778197583.7,13589774677631.3,13267554461613.6,14924551716260.4,14488160081806.7,15854782417877,16485444160371,..
Euro area,EMU,Trade (% of GDP),NE.TRD.GNFS.ZS,69.6581865993615,67.2678383535692,65.7762309040936,68.55795577971,71.6139909282343,75.6559314327059,77.3196355529604,78.2346033058084,68.0015634015066,75.8746139929208,81.0277663717706,82.6466325925168,82.3346463167316,82.774155890855,84.1250239193896,83.1391434816182,86.1419515182982,87.7964429522812,87.9697040718615,81.2054987257806,88.4200453456018,100.605084239169,92.0403769207638,88.5821591055065,..
Euro area,EMU,"Foreign direct investment, net inflows (% of GDP)",BX.KLT.DINV.WD.GD.ZS,4.86360815612972,3.51023522489887,3.03865690376221,2.65677846533113,5.99394085069751,7.29769435403667,9.90873470570095,4.61493334430977,4.18810406843601,3.73782812023818,6.11965166563141,4.39526802108758,4.49580040071011,3.07794977468705,6.92893001884494,4.94706770697531,4.23731660372875,1.10437244687825,3.18379965861279,-0.327020235440987,3.42873679722955,0.635945989109081,-1.73339416279384,1.64242940360832,..
Euro area,EMU,GDP per capita (current US$),NY.GDP.PCAP.CD,20289.6505275093,22047.2795660791,27010.5876151819,30803.286099919,31781.6618833533,33646.2303491169,38544.2258256115,42172.9388150163,38464.1586390033,37491.6114073082,40569.5862836129,37481.4502473034,39097.5925470426,39979.3009314013,34471.1747135027,35228.4854539428,37243.5651015997,40107.5362854643,39220.5136743355,38236.5543048506,42984.5697414154,41608.7123275598,45330.1093015768,46945.4188234427,..
Euro area,EMU,Total natural resources rents (% of GDP),NY.GDP.TOTL.RT.ZS,0.157166656244942,0.1274256574734,0.114360317441757,0.122860210216971,0.119992301330107,0.165554910937047,0.168296328391595,0.242619436075858,0.150917501994961,0.184772112414013,0.226015866233761,0.216680144520865,0.193570927574647,0.15106937705684,0.108422885950611,0.0849035229759207,0.0981515780870078,0.121111947809602,0.0986369309076314,0.0729255257732188,0.119321654703038,..,..,..,..
Europe & Central Asia,ECS,"Portfolio equity, net inflows (BoP, current US$)",BX.PEF.TOTL.CD.WD,86439271939.6774,67880032055.5846,190268356208.47,248791786874.215,572591524040.096,535664479072.343,402676442023.422,-174083230407.341,379651814214.754,348546072037.291,130885536592.823,394266530526.428,569369327299.823,842552379893.636,809419582074.831,223957727753.188,948732375918.019,197089519787.173,564975896052.96,483601524317.737,1295544484789.46,-62691540484.5871,198031759852.43,625346380044.312,..
Europe & Central Asia,ECS,GDP (current US$),NY.GDP.MKTP.CD,10189029938417.1,11156577456679.8,13567083586398.5,15814841560656.9,16835012218380.2,18236819891061.4,21308302318715.6,23453627549028.2,20648444471712.4,21118677014368.3,23432000301407.5,22560574822089.8,23574066317473.4,23920533649825,20603435735279.6,20528432079127.4,21791487069281.7,23342642668393.2,23067540030248.6,22322527185686.7,25572901699926.6,25798700454390.6,27732942821913.5,29291828957768.8,..
Europe & Central Asia,ECS,Trade (% of GDP),NE.TRD.GNFS.ZS,68.178773628587,66.0083362221832,65.0793759243657,67.4524103908411,69.8313492988083,73.3332347179198,74.027861966179,75.6990288433562,67.3167006791092,73.5375210068597,78.0895379365798,78.8759874168787,78.5348045121348,78.3407556009866,78.7659251133764,78.4536780102333,81.2214677871365,83.4200981988944,83.2547336320105,77.1301971281628,83.3069113887783,93.5866204888838,86.3708826809155,83.0418195122399,..
Europe & Central Asia,ECS,"Foreign direct investment, net inflows (% of GDP)",BX.KLT.DINV.WD.GD.ZS,4.50046484383141,3.73264325089805,2.88872621233473,2.80801655694938,6.09624355942822,7.10330363518623,8.87348411093904,5.32803714901987,3.72356806572289,3.27367039656408,4.69354108314057,3.67096172206311,3.21100226135947,2.61142116306275,5.60119729375267,6.57687268501216,4.24345149933817,-0.764657396516587,2.93506102615368,0.439273082852027,2.6616061090787,1.19277708323663,-1.22007222364958,0.610318280608877,..
Europe & Central Asia,ECS,GDP per capita (current US$),NY.GDP.PCAP.CD,11757.603659314,12849.7232593553,15584.8646461506,18114.0702003259,19227.6221679028,20766.9170925859,24195.9334256766,26524.5115468839,23259.5334613272,23702.4750230082,26239.3600613076,25164.7626116947,26196.108944305,26473.6213384574,22702.8228380066,22519.6408855547,23814.1197034605,25408.6379771601,25020.8648271756,24167.3551199699,27664.8914080918,27913.5882331645,29988.9022903108,31555.5207890657,..
Europe & Central Asia,ECS,Total natural resources rents (% of GDP),NY.GDP.TOTL.RT.ZS,1.22177622716805,1.07746645974471,1.04891161017855,1.19594530898228,1.47501571894026,1.80172847400465,1.7761342217903,2.52882430115059,1.57542728517896,1.92823693179289,2.64917869248265,2.48554437495063,2.19561200739134,1.87817517095578,1.13309230018598,0.935024121425878,1.29011492913958,1.78949400312235,1.47188999090194,0.883089489190227,2.20159536332953,..,..,..,..
Europe & Central Asia (excluding high income),ECA,"Portfolio equity, net inflows (BoP, current US$)",BX.PEF.TOTL.CD.WD,69179487.3932396,112943410.773068,1064928031.06652,1367377591.1462,5962248776.96594,5291429462.154,7665827467.64553,-125573451.51423,2984231909.41458,3952918537.47839,-376907477.484057,6448377605.6208,2095103825.63898,2286172844.28484,-2247446630.28804,849504773.76174,3097815512.38681,-2704257507.34578,839633172.317326,-3095205241.29879,-1298261956.73096,-3977369179.49429,1756314584.33764,-2732446303.94609,..
Europe & Central Asia (excluding high income),ECA,GDP (current US$),NY.GDP.MKTP.CD,335649212545.439,390532064568.536,498092410579.851,641341376416.645,798897294908.649,929637643372.55,1171542215920.56,1402429749896,1169814065612.09,1385078523367.67,1574244960285.95,1658983451713.25,1808692800315.95,1735229369225.69,1510474002479.16,1450171284448.8,1499595960769.3,1477488205993.51,1508679974755.36,1446077189727.52,1680958734568.53,1820242864725.09,2143244215113.25,2451180144505.47,..
Europe & Central Asia (excluding high income),ECA,Trade (% of GDP),NE.TRD.GNFS.ZS,66.4631964070799,65.3190217284669,65.9337968283356,70.0060845461264,66.1674012891554,66.4960483012222,66.4660759388013,69.5600290679185,61.9417335561053,61.7211555939382,68.7186207554278,68.1033556892089,64.5071648623161,64.6129020900958,62.0454498655401,61.7177030579138,66.5635351436658,72.4218659007976,71.3133005347067,65.5537271131781,73.3220603613705,82.3219771480926,72.445378547536,64.9857624231113,..
Europe & Central Asia (excluding high income),ECA,"Foreign direct investment, net inflows (% of GDP)",BX.KLT.DINV.WD.GD.ZS,2.82062855706175,2.17941283281067,2.60865446053881,3.05909726076168,3.78939059985211,5.24585275216368,5.51654143753482,4.84477027224777,3.95121498303451,2.89790738824316,3.92070630225217,3.14957808667149,2.42598797643244,2.31291860498977,2.92794916600683,3.6212267135034,2.38209054337168,2.19397428895673,2.37208541515107,1.83568040099933,2.32697829395279,1.83130761906165,1.85921731785638,1.56254971259269,..
Europe & Central Asia (excluding high income),ECA,GDP per capita (current US$),NY.GDP.PCAP.CD,1529.60615620796,1771.9219856658,2249.74301490831,2883.55689723687,3576.72283332318,4142.44695498675,5206.48238815828,6191.07369718277,5125.12331489484,6019.29491137959,6785.87680428259,7093.45607745799,7667.03397664675,7290.90050313923,6291.45594655745,5986.89723080084,6138.12063922999,5996.28775888893,6069.27407282315,5776.19343817718,6673.97429035651,7266.02243154199,8617.04840986329,9793.69205809432,..
Europe & Central Asia (excluding high income),ECA,Total natural resources rents (% of GDP),NY.GDP.TOTL.RT.ZS,4.36057630036325,3.64673989435739,3.41859365639676,3.85677279173729,4.3487493526887,5.45975015979635,5.60251624135025,7.78790273763312,5.07791008175182,5.87359876909907,7.71584464510512,6.49673945498723,5.58557669623185,4.92720181119092,2.88860418988056,2.61512983237618,3.74199384035046,5.48773247025132,4.37946076839277,2.95061751408028,6.90711419449783,..,..,..,..
Europe & Central Asia (IDA & IBRD countries),TEC,"Portfolio equity, net inflows (BoP, current US$)",BX.PEF.TOTL.CD.WD,317103282.247776,2225465335.73568,710579551.219872,3592207535.12138,7924104745.00549,11255917465.6304,26867475344.3737,-15137086683.5961,8366638610.81938,6314148322.41129,-7143000648.57678,11705556343.751,-1758210505.26255,-6892718449.58178,-2028335423.85416,-3934862015.78558,-3511590883.60093,-6329171264.25716,-3908528219.66468,-22691252441.8258,-11989191189.5141,-22053809229.3079,-337298535.874562,-3794235907.3072,..
Europe & Central Asia (IDA & IBRD countries),TEC,GDP (current US$),NY.GDP.MKTP.CD,911679939950.971,1024829473187.33,1261017408610.72,1631372379671.26,2042987028459.11,2471273605657.68,3179127986623.93,3936159309738.01,3121801768478.67,3667835476746.74,4461210535265.99,4656388146308.07,4924806846375.52,4653015277488.18,3633660246044.52,3492088089759.5,3927649813354.44,4098990245510.03,4184533628660.37,3924139091384.84,4637763943320.14,5264484546456.79,5562782514647.52,6131674441421.64,..
Europe & Central Asia (IDA & IBRD countries),TEC,Trade (% of GDP),NE.TRD.GNFS.ZS,62.8832764252981,62.2343824939558,63.4457849926342,64.6001468047648,63.0839202253977,63.5672790143565,62.9130305670834,64.8891175708098,58.2829722686652,60.5609124185625,63.473995022608,63.2106908816742,61.9394350892009,62.9537976964698,62.6394987137467,61.9722403200107,64.6955315296843,69.1948006888718,67.5632521563496,63.0176651320328,70.0990438608021,72.7487936847561,65.508808407144,60.3968644892269,..
Europe & Central Asia (IDA & IBRD countries),TEC,"Foreign direct investment, net inflows (% of GDP)",BX.KLT.DINV.WD.GD.ZS,2.30179960644284,1.86325714187073,2.54345920608459,3.66186333257806,3.38739624140875,5.26264566906024,5.47785183794367,4.7385169127983,3.47344019161048,2.96547545852403,3.1690734367155,2.5074223914981,2.46176827640093,1.95987577172723,2.03449561440663,3.21950099552479,2.20551239673348,1.75428508237551,2.39786089987541,1.63056718270803,2.93471498789805,1.05360200270419,1.48636579946935,1.05681323811387,..
Europe & Central Asia (IDA & IBRD countries),TEC,GDP per capita (current US$),NY.GDP.PCAP.CD,2080.98419116363,2340.82503908743,2879.65363440365,3723.43803208933,4660.80836930066,5632.99003233827,7247.02729943285,8951.25356376805,7074.02354262313,8280.72343768265,10028.6545563598,10418.3484935481,10965.2487116486,10307.2242685414,8009.61874995558,7659.54924391363,8575.46129195764,8911.87742979014,9058.74177112172,8478.35038656806,10014.5108823837,11421.1364427001,12129.8641155432,13337.4386956337,..
Europe & Central Asia (IDA & IBRD countries),TEC,Total natural resources rents (% of GDP),NY.GDP.TOTL.RT.ZS,8.53377455160187,7.38248460384835,7.34449604047803,7.84454180765498,8.52008742649603,9.6552545605948,8.83723940055613,11.2767792183977,7.83457022556908,8.58606720997336,11.003905235051,9.61860046039551,8.45869069395078,7.79073802532109,5.1010328186333,4.40897418431189,5.80255038164851,8.30935445815033,6.68114418214242,4.11965097843638,10.0824680010157,..,..,..,..
European Union,EUU,"Portfolio equity, net inflows (BoP, current US$)",BX.PEF.TOTL.CD.WD,124905464868.313,60203018389.0501,136711948985.766,207861115652.001,568426496288.415,573726970323.547,382774095528.97,-271935057753.774,334760011347.616,407603783180.786,134248179573.287,365428867863.464,524364484325.59,813965636453.126,732089604263.567,345711990367.031,877162444804.729,224259056206.938,595203929501.131,467802737675.256,1307694293105.89,14971380991.9482,225447958029.363,658514899042.311,..
European Union,EUU,GDP (current US$),NY.GDP.MKTP.CD,7407615944962.45,8100430284893.67,9956860723577.65,11449101966447.2,11954349375612,12768357074578.4,14789471689508,16364455236166.7,14844813523140,14641773544950.6,15874713437636.1,14731876146120.7,15398507628838.6,15763596442222.6,13656252620703.3,13988147697216.6,14871313684625.8,16092403309151.5,15809073096211.4,15504055464107.4,17495226733585.2,17023612496380.4,18659133072074.8,19497115588443.6,..
European Union,EUU,Trade (% of GDP),NE.TRD.GNFS.ZS,70.7299712766562,68.4361613375131,67.3582061795863,70.3968764065819,73.5521063042338,77.9839957210495,79.7970825624113,80.7845229076774,70.5061117229528,78.282201525606,83.4716468978193,85.0872994138992,84.7802544688451,85.494561926335,86.6784748227273,85.784351990334,88.7153567222581,90.4287944304584,90.5535185606555,83.8178454761989,91.2031115580478,103.706433693426,95.2160371763138,91.6513434875625,..
European Union,EUU,"Foreign direct investment, net inflows (% of GDP)",BX.KLT.DINV.WD.GD.ZS,4.96004264473372,3.64546641411261,2.95041384938826,2.74441430492076,6.12792770509234,7.16136276791095,10.0042495001673,5.04423120102376,3.94425910495531,3.2791694131213,5.69239713934504,3.95340946137027,3.98414087645227,2.97186638581101,6.2234555555749,5.21245621887158,3.97715491896726,0.832589764153631,3.68255848806256,1.15207859330866,3.91239265928579,1.40263277767245,-1.37876528993056,1.52951615929442,..
European Union,EUU,GDP per capita (current US$),NY.GDP.PCAP.CD,17230.6480095869,18797.8116316074,23020.9558032659,26368.6780464333,27431.4991030834,29200.5809467343,33704.6636441399,37169.0746850842,33632.0748456258,33119.5673211775,35963.3147849808,33324.7709896821,34804.7281200997,35590.1004559069,30771.6568591261,31456.8971280656,33394.5888043692,36054.953230113,35374.1403676934,34694.7035869195,39206.9791776084,38066.8844892624,41566.5741100785,43304.9642561331,..
European Union,EUU,Total natural resources rents (% of GDP),NY.GDP.TOTL.RT.ZS,0.231697134343541,0.189361405810561,0.171632932919268,0.210839359824072,0.220465201522121,0.283834397850816,0.281715891564002,0.408324243931979,0.236128297272111,0.421411971673334,0.540330011369214,0.437238437614125,0.381416273150475,0.325323528113932,0.190923338670574,0.193954594590723,0.265411080454523,0.282319440731578,0.158542270568313,0.119946318869134,0.227717894235874,..,..,..,..
Fragile and conflict affected situations,FCS,"Portfolio equity, net inflows (BoP, current US$)",BX.PEF.TOTL.CD.WD,148121924.385251,97864263.0623809,402977434.520343,-80732292.9006147,2389244358.25257,2648171961.83012,2980703672.96548,-23251892.314992,1793804594.00471,2744446490.9193,3131669779.25239,10216899481.6611,6285400635.10604,1157314660.14083,-1128887958.60492,96004409.5662625,1151400451.75224,949857078.257125,-1122700879.69661,-405529218.583895,90248612.6730515,199433001.44828,1437611662.10042,1827370572.41931,..
Fragile and conflict affected situations,FCS,GDP (current US$),NY.GDP.MKTP.CD,457048079382.208,446089285308.4,469847559925.415,595876444368.305,756354101430.868,947253259627.876,1160668758510.72,1484312853576.3,1342615105225.82,1596645964256.64,1665506572724.03,1855874824709.61,1825595058878.46,1787605499773.02,1481660318787.67,1358130757341.27,1443031828638.41,1556210403398.5,1811454247630.6,1610227321244.27,1740335947472.93,1918272363969.18,1778723185468.2,1652895518697.74,..
Fragile and conflict affected situations,FCS,Trade (% of GDP),NE.TRD.GNFS.ZS,..,..,..,..,..,..,..,..,..,..,..,..,..,..,..,..,..,..,..,..,..,..,..,..,..
Fragile and conflict affected situations,FCS,"Foreign direct investment, net inflows (% of GDP)",BX.KLT.DINV.WD.GD.ZS,2.08278362292243,1.92652856494833,2.92082274598754,2.07803654538709,3.16979999777854,2.46497071824689,3.38695069339677,2.92589711461001,2.35830678588521,2.22848516176176,2.6071358157471,2.44945578957879,1.76674170192834,0.966056890268535,1.53446560663848,1.60610933617675,1.77802740708574,1.49318532092819,1.21514200620482,0.877710938219117,1.67805525888531,1.00649053179636,1.10326012155866,1.1037887604999,..
Fragile and conflict affected situations,FCS,GDP per capita (current US$),NY.GDP.PCAP.CD,719.215886038336,684.998396992158,703.739369790737,871.155012151521,1079.24067613473,1319.3385305318,1578.9042249996,1971.04693971359,1739.10283567866,2017.56741418682,2053.715805371,2233.12675819557,2144.21479332186,2051.54643733895,1663.16200127279,1491.08080315915,1549.60952933559,1634.92965875473,1861.6533045303,1618.4798041022,1711.40128929758,1850.91743054769,1682.75058845476,1527.95809514037,..
Fragile and conflict affected situations,FCS,Total natural resources rents (% of GDP),NY.GDP.TOTL.RT.ZS,16.943740132053,16.7146334077416,17.5561440164646,20.1629361722221,23.6400841753552,23.0732053965073,21.0780851953002,23.7730542134615,14.4395782179848,17.0164933857833,21.8095745966589,20.2141655084573,17.2125275026033,14.7611831101167,10.2066362991927,9.95323238593445,12.9051992785563,15.4513454698165,12.9197795039031,8.27250804751747,15.6015824816738,..,..,..,..
Heavily indebted poor countries (HIPC),HPC,"Portfolio equity, net inflows (BoP, current US$)",BX.PEF.TOTL.CD.WD,27889481.2559071,12879422.0491966,19712198.7737296,5310277.65437081,109434959.744739,-1571806.00394782,-18513845.8829066,-14735576.1952998,678804609.60269,116380367.865609,240771947.086897,-123529508.806981,-80640738.3141584,180981251.780782,137704095.483905,189709166.586266,105177354.583665,51299308.4044792,99988435.5496965,738422.095607739,163701009.390202,126954724.725543,67068431.448203,121474822.080248,..
Heavily indebted poor countries (HIPC),HPC,GDP (current US$),NY.GDP.MKTP.CD,175879852361.523,190891346466.4,216610034974.425,249571115303.197,288591119560.47,338993250532.89,404372280163.214,481623936903.302,475213799056.474,518754130151.745,573517854715.366,595155344078.424,667314194885.704,705465847008.08,674606540074.897,677200621773.188,735068264238.844,790373898773.38,811372254522.342,816029422839.446,924417463438.7,1002501492801.3,1060316071770.29,1145111349262.57,..
Heavily indebted poor countries (HIPC),HPC,Trade (% of GDP),NE.TRD.GNFS.ZS,52.8976659047244,54.9451439312074,55.8141808305765,58.50017434195,60.1370743428907,57.1825101582769,61.1210381454367,62.8148583902903,57.262246771828,61.3643010284156,63.4586803006438,63.3430134027445,59.7603520454406,58.5808670081618,56.2244183648995,53.4924824357727,52.350299328205,53.9021196500937,53.2150962375475,47.3602801354699,51.0549807491457,55.9736105578035,52.3169493986302,52.0703577519713,..
Heavily indebted poor countries (HIPC),HPC,"Foreign direct investment, net inflows (% of GDP)",BX.KLT.DINV.WD.GD.ZS,2.66399814270064,3.10041348288403,3.16749440662027,2.97397429540126,2.8323539526485,3.04838522661331,3.67807567752871,4.03500191057887,3.29248648778966,4.62732918430767,4.97111565151435,5.49046261973884,5.28983702592895,4.17777632971167,4.43894722140018,3.63345842607201,4.02275251908824,3.59554571092826,3.00457229231784,2.2857927583204,3.48087064771837,2.73864493397505,3.22860734115343,4.37053598866678,..
Heavily indebted poor countries (HIPC),HPC,GDP per capita (current US$),NY.GDP.PCAP.CD,355.171230947667,374.531772057964,412.76823992883,462.336970473255,519.647933058567,593.211178044594,688.372468350697,797.380456091108,764.823758486232,812.08054988398,873.222093086024,881.192621901094,960.68552047794,986.983783219797,917.296109229181,894.708764701024,943.132832332498,985.478210719267,983.900062178744,962.590226473892,1061.41414950431,1121.48387311982,1155.90445279924,1216.37508472564,..
Heavily indebted poor countries (HIPC),HPC,Total natural resources rents (% of GDP),NY.GDP.TOTL.RT.ZS,7.29291620660055,7.79423191321637,9.70869313512024,9.27245068030099,10.8139919846528,11.5243578774931,12.2398767718889,13.1344981282842,9.92752963686141,10.8843633808338,13.2323269574444,11.8850768249789,10.5335453576168,9.66947957683006,8.18746675628673,8.41713441892405,8.87141721774587,7.85340300252182,6.72093406674256,6.60755179762904,11.3090537122989,..,..,..,..
High income,HIC,"Portfolio equity, net inflows (BoP, current US$)",BX.PEF.TOTL.CD.WD,265441427402.961,107993815259.16,357558633668.612,428361104922.619,830544294947.495,793319092566.513,730904678720.725,-116706280135.841,706884010980.517,645055205218.379,283017247187.353,732787591049.806,726424164913.908,1096604823271.32,619643939107.83,127615588300.909,1209373366998.7,307931168157.531,349781930209.185,1092839861711.43,1347034236076.53,9175066187.70852,251313449251.957,966381756944.196,..
High income,HIC,GDP (current US$),NY.GDP.MKTP.CD,27871346372992,29087762156088.2,32653648831585.9,36479616795556.9,38739967108318.8,41125462538928.5,45259229716493,48511546178932.7,45121580672151.6,47537047603466,51761995686417.4,51943717152963.8,52667085148263,53550117992137.3,49977567874625.5,50927970256186.1,53524059312874.9,56920619917132.1,57456170925405.3,55889737341875.5,62745314846357.3,65081334214971.6,68449582732271.5,71321142708251.2,..
High income,HIC,Trade (% of GDP),NE.TRD.GNFS.ZS,50.6409198386634,49.4773198779428,49.7635606437455,52.4724541228533,54.6697129845386,57.4327010180074,58.5317341571335,61.0841636075935,53.2477126867088,58.1761404718763,61.900071215778,62.2422859689237,61.9404059390321,61.8426544687614,60.0910197887119,58.4107360114514,60.2299036444844,61.4493252222777,60.5888526671574,56.1043222189291,60.6104593706969,67.3891758851085,63.0258324041492,60.8328044291344,..
High income,HIC,"Foreign direct investment, net inflows (% of GDP)",BX.KLT.DINV.WD.GD.ZS,2.64490691739431,2.06859512935745,1.77327022938146,2.16390119971298,3.31711472030458,4.50718272049035,5.79539761483949,3.84832232294186,2.43112934291635,2.58584902151744,3.22792938621182,2.67509864702341,2.65116825402659,2.45472825470938,4.27031527653009,4.30416334252828,3.20230377672976,0.848507269037684,2.40137993189445,1.1254280349104,2.80328785472639,2.01712222808595,0.745881718761491,1.44305832724786,..
High income,HIC,GDP per capita (current US$),NY.GDP.PCAP.CD,22083.4201672758,22929.756695357,25606.6766440821,28451.5065479041,30051.3459550589,31710.7967236991,34666.0451564196,36900.1405697145,34111.8446047683,35778.2487328682,38785.8817355705,38693.845536167,39008.3249033591,39447.7093246608,36586.4346902662,37057.8096501124,38776.5615949516,41094.8560877186,41342.2066107349,40108.2348602411,45081.6648348438,46553.1150181383,48608.1947665895,50302.6052129514,..
High income,HIC,Total natural resources rents (% of GDP),NY.GDP.TOTL.RT.ZS,1.33577946704706,1.16029411979821,1.38938165867108,1.6603166030853,2.13705562419544,2.25678547014111,2.23690123295277,3.1400239267276,1.7216889326421,2.21648436606325,3.03960957266723,2.75326892992089,2.61980725871996,2.32973415335396,1.26109595744383,1.10085957380104,1.43270610657953,1.90775786751903,1.67996837907312,1.10976019951412,2.4906664646348,..,..,..,..
IBRD only,IBD,"Portfolio equity, net inflows (BoP, current US$)",BX.PEF.TOTL.CD.WD,6449341846.11774,6011428101.13516,24206642520.0793,32166768141.7366,65619014676.5924,94754213231.4883,112181350054.072,-32709416675.0011,119488519181.456,129340582145.796,10969175567.8028,84992562384.6619,70298549969.4731,92766607413.5326,26684336304.6783,46634123217.1098,73570552658.4369,41770888951.6691,54527898590.3359,77285504583.0125,70415054321.3113,29199976784.9366,23319490317.7356,-50593648377.8174,..
IBRD only,IBD,GDP (current US$),NY.GDP.MKTP.CD,5971610298683.89,6065783594228.73,6814152968102.6,8117388576252.83,9694745482584.88,11501210367684.3,14287515549914.4,17144385222961.7,16643733351017.5,20236974559592.9,23952863037040.9,25459767024749.6,26784320183315.7,27548963986382.7,25937609442668.8,26133021093477.3,28848700119389,30736778363828.6,31377057597389.8,30204027280204.5,35879316080995.1,37943329554311.5,39248258733753.5,40930410371533.4,..
IBRD only,IBD,Trade (% of GDP),NE.TRD.GNFS.ZS,47.6852566983515,50.0023141130175,54.4023979565011,59.3046823102686,60.9185341914824,61.7955597716678,60.5530289970981,60.2573598266261,50.5106893302338,53.7907284823699,55.4665957907094,54.2579292543953,53.0441880540149,51.7753413234894,48.4463469736626,46.4759642047366,47.854645281693,50.1354302810354,48.1269430998085,45.3841048731267,50.6952082064544,53.7445531321912,49.4189756229661,49.3460670857524,..
IBRD only,IBD,"Foreign direct investment, net inflows (% of GDP)",BX.KLT.DINV.WD.GD.ZS,2.80490842035084,2.48956106201157,2.41012283995261,2.79942616852489,3.14452159832431,3.52548873283015,3.88059277507984,3.67098083161204,2.55885778171798,3.09170208708399,3.08217966474318,2.674728722555,2.69624515156334,2.3928431793333,2.35065235299543,2.11540928496882,1.82763781669311,1.96534539329249,1.83543369963187,1.78743026997198,2.22732446462242,1.58414742724457,1.05903222859275,1.03708691596117,..
IBRD only,IBD,GDP per capita (current US$),NY.GDP.PCAP.CD,1481.39193527337,1487.7220754011,1652.80701731862,1947.23386392599,2300.5592081511,2700.5582098436,3321.08117407742,3944.6530416302,3790.0835825848,4561.25191754242,5342.86138124845,5617.65268604461,5845.60507389183,5949.31912012409,5546.04775275527,5534.81953332907,6053.30921793356,6394.19484299789,6476.07259783679,6191.51088391849,7314.52836425795,7699.23258826186,7925.3992413749,8219.91265703844,..
IBRD only,IBD,Total natural resources rents (% of GDP),NY.GDP.TOTL.RT.ZS,5.2497910501048,5.05914694095053,5.23271591223494,6.85177843280048,8.12696797927379,8.84170786904065,8.64103896671593,11.0240460812588,6.02322261138084,7.50962355985335,9.17077515201093,7.23289614356411,6.10129209394309,5.13837138436584,2.85526379212225,2.54785454170493,3.20477644982547,4.09584169570653,3.35224263272756,2.27046770486522,4.6217846952628,..,..,..,..
IDA & IBRD total,IBT,"Portfolio equity, net inflows (BoP, current US$)",BX.PEF.TOTL.CD.WD,6454960504.60782,7781232979.47535,25502434287.7004,38731009284.7952,69107004804.3432,105619154673.805,133609858541.468,-58114619400.7277,125658651114.006,140894234480.455,12827477151.9537,112703247376.615,82091231721.9403,89467405466.9231,22710118722.9749,42933289201.8213,73464110251.0883,35909405882.508,49541771657.2247,50875755018.0439,61081983859.1875,23334555945.3646,21946718611.8613,-45728546075.9511,..
IDA & IBRD total,IBT,GDP (current US$),NY.GDP.MKTP.CD,6484814497363.36,6618829141640.94,7438042806499.1,8846940320931.57,10543932972658.9,12515819352845.9,15478384977817.9,18563872439706.4,18027421083675.2,21835069166669.5,25757259583860.6,27363548308329.9,28855638007106.6,29778753140210.5,28103757036548,28286257999424.7,31117686702333.8,33147599934551.5,34078219798939.1,32822847991827.3,38741335342414.8,41018485584725.7,42176516066439,43823204664493.9,..
IDA & IBRD total,IBT,Trade (% of GDP),NE.TRD.GNFS.ZS,47.8300620256771,50.0405958474563,54.2678023202232,59.0352305707308,60.6114706257582,61.4398436775892,60.348928269262,60.1849238257291,50.60967005399,53.7546441417426,55.4895656665013,54.2840904270573,53.0190988325055,51.7399193626658,48.423697900668,46.4102561070108,47.7712303341788,50.093341224051,48.1615135685922,45.3062155810799,50.5233764598286,53.6207752287313,49.3665348344317,49.2334978325309,..
IDA & IBRD total,IBT,"Foreign direct investment, net inflows (% of GDP)",BX.KLT.DINV.WD.GD.ZS,2.69494057357306,2.42441193130143,2.35737994197393,2.72451714002997,3.07248161005934,3.44665301890935,3.81443967405231,3.62938875279321,2.56354767918159,3.05829673229259,3.06764777717303,2.68004485534743,2.69053406215185,2.377130263805,2.34998589913994,2.11567014857292,1.86104588825679,1.96176759463016,1.82358068491698,1.7563755029344,2.19803544099618,1.5753897353979,1.11340685416062,1.1238529627833,..
IDA & IBRD total,IBT,GDP per capita (current US$),NY.GDP.PCAP.CD,1248.91735602024,1256.62539530548,1392.4121168826,1633.14212751517,1919.70312051472,2247.71696802584,2742.68959561751,3245.39485060629,3109.25120385232,3715.56679095123,4324.06826881192,4531.17008727409,4714.62155942195,4801.77950721902,4474.43525326247,4447.41739069513,4831.93005964107,5085.50217477104,5167.89523774326,4923.57218418891,5754.24675079938,6036.81374407089,6149.50554558945,6327.1439970487,..
IDA & IBRD total,IBT,Total natural resources rents (% of GDP),NY.GDP.TOTL.RT.ZS,5.4279772849913,5.24678917133979,5.50271707943361,7.00527567113276,8.30005677322709,8.97187539554407,8.76541749019122,11.0960077720205,6.17384486825367,7.64637750503923,9.35466382752078,7.41074007635681,6.24954489490705,5.27835559430752,3.00913748729592,2.7108164398424,3.37913375097997,4.20794632636995,3.49441674939887,2.42240953800124,4.798064194796,..,..,..,..
IDA blend,IDB,"Portfolio equity, net inflows (BoP, current US$)",BX.PEF.TOTL.CD.WD,-127922960.425349,82735075.9129761,-24957074.0036272,44035127.0725474,1219395379.68941,2940783196.28148,2716583734.05342,-1169951943.56765,515838324.978584,2757754050.11596,2631640841.122,10529798099.7486,6060685055.61553,2922723823.12898,164882046.070531,-12031136.2756103,834427319.770376,407175973.246212,-1456048915.59107,-1067233539.47496,-461473791.828309,-74390222.1916816,1508194162.69326,1625321393.07299,..
IDA blend,IDB,GDP (current US$),NY.GDP.MKTP.CD,243968067343.097,267621509349.006,302939673645.116,365116376580.756,428328538081.228,526645636948.488,609839841078.279,714771797908.919,669157586112.912,780580681565.074,888614216908.754,982900021354.995,1071507625598.43,1164584937017.84,1104888256132.44,1035761112332.6,1064701742324.65,1125278097800.27,1354444605559.25,1258453633593.24,1369357769886.58,1456880573683.68,1272526278004.68,1117411942661.72,..
IDA blend,IDB,Trade (% of GDP),NE.TRD.GNFS.ZS,..,..,..,..,..,..,..,..,..,..,..,..,..,..,..,..,..,..,..,..,..,..,..,..,..
IDA blend,IDB,"Foreign direct investment, net inflows (% of GDP)",BX.KLT.DINV.WD.GD.ZS,0.89946990026739,1.52397047020044,1.27497299868532,1.23790812509528,2.23527884362057,2.42688369506419,2.68402928069746,2.56580818096647,2.30955423261692,1.68440374259843,1.7885412056695,1.26290812189826,1.22611762796284,1.1812217011752,1.20846403276952,1.05781478707363,1.44597197493458,1.02909161952094,0.691469599504785,0.495414882620541,0.816857144233531,0.689047970934923,0.948761259378364,1.19277507152089,..
IDA blend,IDB,GDP per capita (current US$),NY.GDP.PCAP.CD,602.892871654224,644.972024005814,712.27750643014,837.139763701924,957.94448356121,1148.89181904758,1296.21736128505,1479.93269649198,1350.16810903148,1535.29922315138,1705.64443688917,1844.1586935183,1968.08172455739,2095.07253994271,1947.85246838642,1790.53787826053,1804.50559433385,1869.38204447614,2205.87361894796,2008.89632662853,2142.31172674601,2234.83616206483,1915.31328433422,1650.63788113049,..
IDA blend,IDB,Total natural resources rents (% of GDP),NY.GDP.TOTL.RT.ZS,8.90851324375446,7.95894410353973,8.56577313363633,9.43757432368817,11.5553435777101,11.5329177230184,10.8778906890393,12.7295301111753,7.89713583460051,10.2021393526525,12.6913473452462,11.0480406650875,8.7596095624707,6.94148305563742,4.07826551564687,3.90513658990217,5.5940008191973,6.71877434554955,6.25472433025524,4.22291579046737,7.1395902348144,..,..,..,..
IDA only,IDX,"Portfolio equity, net inflows (BoP, current US$)",BX.PEF.TOTL.CD.WD,-12451811.9387127,-50147742.0451782,-116354880.581512,-81808476.4454804,-96526723.3424455,-300344885.241844,-328189445.376871,-483898938.796983,281724407.771097,-956760425.53624,139520241.866314,255785420.052992,409531792.412519,666649620.89082,-23306025.3967361,291923297.126456,632743816.476559,7715544.24035908,-178005651.961022,-402656084.517899,-546516057.053863,107633100.512859,-88040352.6480037,-75070149.684409,..
IDA only,IDX,GDP (current US$),NY.GDP.MKTP.CD,269901710172.598,286409984261.394,322063889070.297,365260518035.36,421453301119.757,488333978645.602,580840387765.958,704715418835.766,714530146544.811,817513925511.557,915782329910.959,920881262225.337,999810198192.524,1065204216809.97,1061259337746.72,1117475793614.79,1204284840620.16,1285543472922.63,1346717595990.02,1360367078029.56,1492661491533.09,1618275456730.5,1655731054680.85,1775382350298.79,..
IDA only,IDX,Trade (% of GDP),NE.TRD.GNFS.ZS,53.4245750964309,53.4929716659376,53.4730032317296,55.8421917780795,57.9159289823862,56.9029494496944,59.4278805416553,60.9511239732124,54.5821280639105,57.2130400452252,60.8583944007916,60.991283613237,58.9182515275565,57.6195103933599,54.040709566092,51.1473537865157,51.7075841083153,54.0586875395731,53.2718483717597,47.9978674635589,52.2141944463882,55.0014002268337,51.9779303371641,50.8387342879846,..
IDA only,IDX,"Foreign direct investment, net inflows (% of GDP)",BX.KLT.DINV.WD.GD.ZS,1.85634599777563,1.86713311135437,2.25673123009509,2.53911139316174,2.24283093178158,2.66789522606952,3.36114374943333,3.69773242671034,2.91683855996611,3.55644805962363,3.94404259019434,4.42724432757331,4.14270459534453,3.29991532099609,3.54487731064031,3.11958166718914,3.04912246935402,2.70903043938788,2.7213915468809,2.24896100998109,2.77736586120532,2.19495367259386,2.5891917092252,3.22577977228334,..
IDA only,IDX,GDP per capita (current US$),NY.GDP.PCAP.CD,356.727000119663,369.569993774013,405.748336914012,449.659876396916,507.001767833477,573.825446583336,666.895329303624,791.054232494495,784.340956107062,877.624039786351,961.368579226082,945.581958388053,1005.78892337076,1049.32649145285,1023.43894668408,1054.10011053311,1110.744251052,1159.06134313704,1186.40559680864,1170.98051516892,1256.19296430735,1332.31730178708,1333.20971979026,1398.11181264033,..
IDA only,IDX,Total natural resources rents (% of GDP),NY.GDP.TOTL.RT.ZS,6.24412789615919,6.71803350374338,8.42202201676587,8.03196003355674,9.00114638637357,9.28623443100809,9.63871146957938,11.1393964760446,8.04412867375817,8.57259152696577,10.9069871085796,8.44847535703617,7.52277356056321,7.07970311100252,5.64238931614291,5.40909209553318,5.58624249742014,4.67388744522673,4.02925605394591,4.15186177960463,6.92683105329959,..,..,..,..
IDA total,IDA,"Portfolio equity, net inflows (BoP, current US$)",BX.PEF.TOTL.CD.WD,-140374772.364061,32587333.8677979,-141311954.585139,-37773349.3729331,1122868656.34696,2640438311.03963,2388394288.67655,-1653850882.36463,797562732.749681,1800993624.57972,2771161082.98831,10785583519.8016,6470216848.02805,3589373444.0198,141576020.673794,279892160.850845,1467171136.24694,414891517.486571,-1634054567.55209,-1469889623.99286,-1007989848.88217,33242878.321177,1420153810.04525,1550251243.38859,..
IDA total,IDA,GDP (current US$),NY.GDP.MKTP.CD,513449125832.416,553708425098.702,624668567081.956,730301246172.363,849793999607.051,1015422269205.85,1190972724268.38,1419487216744.69,1383687732657.72,1598094607076.63,1804396546819.71,1903781283580.33,2071317823790.95,2229789153827.81,2166147593879.17,2153236905947.39,2268986582944.81,2410821570722.89,2701162201549.27,2618820711622.81,2862019261419.67,3075156030414.19,2928257332685.53,2892794292960.5,..
IDA total,IDA,Trade (% of GDP),NE.TRD.GNFS.ZS,..,..,..,..,..,..,..,..,..,..,..,..,..,..,48.0045817630678,45.1943421429191,46.219631006171,49.3104437400923,48.804557983678,43.8780009870546,47.3725889536315,51.3326796915021,48.390511739078,47.1091193479508,..
IDA total,IDA,"Foreign direct investment, net inflows (% of GDP)",BX.KLT.DINV.WD.GD.ZS,1.39505982410011,1.69875389402332,1.77308765137216,1.87956022655268,2.23896949966413,2.54109847972813,3.00945385970205,3.12173734128013,2.62047461771674,2.62944366203558,2.8734923572631,2.75290660874486,2.61579616885613,2.18129086012806,2.34194591931417,2.11885864513763,2.28915632316046,1.91573437808629,1.6834945750666,1.39319936355718,1.8253992120687,1.46479915291332,1.85944772059908,2.40485904811302,..
IDA total,IDA,GDP per capita (current US$),NY.GDP.PCAP.CD,442.145183436089,465.333742769282,512.41649453404,584.965672067294,664.73305755977,775.4811759604,887.832604344602,1033.2321035618,983.707474856151,1109.84138279455,1224.50986155293,1263.41124156596,1346.32438528917,1419.34391837187,1350.30758062232,1314.0817741131,1355.23505457315,1408.95016839901,1544.27890067061,1464.52261402905,1566.13709936781,1647.52732460307,1536.08719237098,1485.92227405633,..
IDA total,IDA,Total natural resources rents (% of GDP),NY.GDP.TOTL.RT.ZS,7.55507136925446,7.34075145687823,8.5057605883992,8.74695488247632,10.3146926049274,10.475374080429,10.2862092100798,11.9511301158073,7.98688801955542,9.3734112274396,11.791467735398,9.80369472646145,8.17021351998384,7.00772452786071,4.84442291235382,4.68418512417712,5.59386791505351,5.63568609877712,5.15856760250842,4.18719950855609,7.03202163873812,..,..,..,..
Late-demographic dividend,LTE,"Portfolio equity, net inflows (BoP, current US$)",BX.PEF.TOTL.CD.WD,4121101927.06714,6570478737.69372,14143486414.8048,22119226240.606,129858343530.938,231270351532.304,221094138373.135,-43773646849.8087,114244318465.281,247017997735.22,106317906020.608,168594906364.793,153317024068.195,302555378173.738,216961073347.095,165376148776.909,363060656647.762,156317402661.789,328213567123.715,259067001397.483,429174107119.733,159414328695.297,171709814930.491,348244162858.469,..
Late-demographic dividend,LTE,GDP (current US$),NY.GDP.MKTP.CD,3545543381138.98,3760831882469.91,4286645021053.17,5151932849607.39,6211017343931.31,7496022909104.78,9445303058887.28,11750024639145.1,11368232780191.9,13679708028983.9,16665376541950.8,17836300107332,19233518032034.2,19998109576538.4,18797219107172.1,18841937712407,20889290142886.5,22907660419321.1,23366567397285.6,22869539211355,27284231194748.9,28550398557203.3,28934446547714.4,29979152245112.6,..
Late-demographic dividend,LTE,Trade (% of GDP),NE.TRD.GNFS.ZS,51.6836692022501,53.7913589494005,59.439645212743,65.1715468310575,66.8093401120753,68.099496380042,66.8930255923278,65.0922562992309,54.9096744489551,58.7747865261741,59.976715898112,58.7301170949618,57.7192871439835,56.7320248195782,53.738388844475,51.9664555525918,52.8526498098965,53.6726377411795,52.5775752355387,51.2171759170608,55.3910533770106,57.7023890477916,54.3107067993831,51.4014603752365,..
Late-demographic dividend,LTE,"Foreign direct investment, net inflows (% of GDP)",BX.KLT.DINV.WD.GD.ZS,3.47453365587233,3.78286979094218,3.52716719169063,3.38024127573099,4.55317218333217,4.55353076193242,5.1492344456189,4.23487908715378,3.82000757793916,4.22396443232144,4.00829620669556,3.79956991186889,3.48322901702962,3.44790374576085,3.70981537167685,2.65963034230667,2.37613762934298,2.69126444570405,2.46699796387964,1.61535709816199,2.6321669577972,1.3953408938821,0.466152315385782,0.803155160614853,..
Late-demographic dividend,LTE,GDP per capita (current US$),NY.GDP.PCAP.CD,1722.30765767874,1814.54824372473,2054.82227278492,2453.98769875258,2939.98271894785,3525.67817486105,4413.77838972074,5455.12758700264,5245.33524774178,6276.4619904196,7598.75722812692,8073.2094428812,8644.25761540223,8923.25728818124,8331.63270803563,8297.33610796797,9138.44134545505,9966.81160876463,10120.3125161359,9873.93519864422,11759.7974990154,12286.0846812169,12437.9861721907,12874.1679137972,..
Late-demographic dividend,LTE,Total natural resources rents (% of GDP),NY.GDP.TOTL.RT.ZS,5.45295079280624,4.95672470712737,5.34317057290251,7.0366633943576,8.08992429729767,8.84685383171814,8.62133628744296,11.0362889205055,6.01239974223169,7.72328517721485,9.56517932123186,7.3266963400142,6.22180506274575,5.28701081219893,2.95774950385083,2.53726594627517,3.13477797495938,3.88702692015596,3.28519474507477,2.19159102675367,4.24041218003467,..,..,..,..
Latin America & Caribbean,LCN,"Portfolio equity, net inflows (BoP, current US$)",BX.PEF.TOTL.CD.WD,2539159886.23142,1439937966.05399,3321322614.76253,-579894898.973183,12214163122.8959,11046093569.1359,28879404816.1756,-9611291993.57763,41564506026.8576,41327697978.163,7495857535.12532,20216375028.6392,16858883800.9449,20694800108.778,14462371247.6429,22285504488.5092,20120164128.2466,-3524397425.03384,-22147874.9137739,-5143461582.40664,6129451377.97862,13886519863.0161,-5243286796.08774,-21981387556.984,..
Latin America & Caribbean,LCN,GDP (current US$),NY.GDP.MKTP.CD,2282616677666.16,2052785902058.93,2091901136740.59,2405470231955.35,2903225603459.67,3397326808458.12,3998763004207.04,4644093134666.99,4357538584711.36,5397900660485.76,6139415369063.72,6202552292365.06,6252550709058.29,6217846355596.35,5289615626446.62,5148746106826.83,5715057427671.22,5581100995040.84,5473432644126.84,4627348896643.87,5382862734265.64,6144995160894.64,6910660006084.82,7110323254687.35,..
Latin America & Caribbean,LCN,Trade (% of GDP),NE.TRD.GNFS.ZS,38.6638830521832,41.199840118325,43.1256183709602,45.387572044076,45.4005497130224,45.9540681003448,45.9557967503131,47.6995569794944,40.940079773211,43.5680259737873,46.0158503795606,45.5736873355361,45.1883218571138,44.6508392407729,44.9877681580977,44.0323870896011,44.339169550185,48.1959088759379,47.7128393460766,45.9770000487609,52.6180279123337,56.0555033079966,48.7488299726888,49.5102651484456,..
Latin America & Caribbean,LCN,"Foreign direct investment, net inflows (% of GDP)",BX.KLT.DINV.WD.GD.ZS,3.34799730394208,2.71523685540311,2.29067151531951,2.95865040855257,2.78164810369933,3.12471354578017,4.04476594444961,3.79160134689717,2.70203461743365,3.66529985910518,4.07415714890796,3.92667124802709,3.91950329657234,3.97407744582236,5.01953474987783,3.45844562536521,2.96900157118702,3.24407893922642,3.06850252884064,2.57320678376578,2.84549646434945,3.41964592792883,2.74817177182549,2.83019279156142,..
Latin America & Caribbean,LCN,GDP per capita (current US$),NY.GDP.PCAP.CD,4326.6400704264,3839.19615833069,3862.13747257956,4385.89813693867,5229.89898425288,6047.73425729833,7035.79917204557,8077.96588935619,7495.05944025108,9183.9687871441,10334.20548878,10330.3504679629,10306.1195798787,10145.7982098874,8547.2373391789,8241.45140922665,9065.54817792866,8778.37906311973,8539.39776066424,7168.64740599577,8291.07156305024,9408.84820249156,10508.6472548025,10737.6463538652,..
Latin America & Caribbean,LCN,Total natural resources rents (% of GDP),NY.GDP.TOTL.RT.ZS,3.07644872399121,3.57730748268002,3.89853702252112,4.80946184629627,6.13351416485643,7.05471950600178,6.71061896886377,7.28161545242138,4.04001275443983,5.19654993250436,6.77523173769579,6.00481904838201,5.22600711716773,4.33841889659424,2.28431690138741,2.17668620071573,2.6193332409431,3.34878319404008,2.61779995861804,2.44027821623062,6.13854950750771,..,..,..,..
Latin America & Caribbean (excluding high income),LAC,"Portfolio equity, net inflows (BoP, current US$)",BX.PEF.TOTL.CD.WD,2667005022.84698,1768137835.65389,2873226225.5949,-443072451.662674,10616371271.7488,11145963899.9626,28376372269.0575,-11583120523.9189,41132361448.5944,39550197386.4914,2830849953.71488,14610409586.9271,11540532969.1547,18457244754.2116,14314707101.9616,20913204949.4942,19587330394.3663,-2097349454.60568,-3193465305.82338,-5523394014.52344,3237385265.89739,5838948678.67066,-4137320243.89602,-21401577464.5573,..
Latin America & Caribbean (excluding high income),LAC,GDP (current US$),NY.GDP.MKTP.CD,1935500709591.52,1740548664257.26,1776708359686.86,2025108884606.03,2450494745878.24,2858411217887.58,3374742715849.93,3900603654602.57,3612494780540.35,4518755264794.34,5277645172887.88,5250558584752.47,5385615104389.87,5405172001075.22,4578739613722.79,4438833899168.87,4960873741744.95,4816735877469.79,4748616176252.64,3991303751042.44,4637976019252.06,5336050967302.51,6014673692976.05,6168787362595.33,..
Latin America & Caribbean (excluding high income),LAC,Trade (% of GDP),NE.TRD.GNFS.ZS,34.5852166330913,37.0742939445576,38.7206676287396,40.599705853524,39.9990104504386,40.5951982471375,40.5519804229595,42.1653776178542,36.8646234810182,39.2348377242294,41.3837200112889,41.5729077323727,40.9181477389474,40.3527742168557,41.5808041305058,41.746198893934,41.90886388128,45.6160678319738,44.9975725197578,45.0877732963407,51.9411047307609,55.088454453885,47.7163472897433,48.6996803706071,..
Latin America & Caribbean (excluding high income),LAC,"Foreign direct investment, net inflows (% of GDP)",BX.KLT.DINV.WD.GD.ZS,3.26786488637587,2.70838729901678,2.08568656469516,2.84852056009035,2.61849917806775,2.24009308522547,3.14408421019559,3.06458221857868,2.10965553678211,3.25567171186874,3.21932856894743,3.21077952236465,3.23052673127623,2.85893057143853,3.16831357090491,3.37438318580737,2.99479672606353,3.28176693467064,2.86919262724439,2.28201023845672,2.60667789652147,3.24322025451026,2.58715328978797,2.73979174344952,..
Latin America & Caribbean (excluding high income),LAC,GDP per capita (current US$),NY.GDP.PCAP.CD,4122.79587535484,3658.15950641339,3686.28727046314,4149.53705480589,4960.44969790137,5717.84447760414,6672.17705130307,7623.43840731336,6981.206567743,8637.63171485475,9979.9897262503,9823.2489447351,9971.16927211711,9905.72193520855,8308.73911709951,7977.19727122285,8827.8501051856,8484.48335233409,8282.78290882792,6904.27677369596,7970.6164425206,9111.34927084769,10196.271088969,10382.3911125152,..
Latin America & Caribbean (excluding high income),LAC,Total natural resources rents (% of GDP),NY.GDP.TOTL.RT.ZS,2.42913701404246,2.93844572781605,3.24030925809439,3.80208093366476,4.89168803941128,5.48710984892824,5.34742057995923,5.93131310838323,3.36573963168796,4.43304919357993,5.68562324611902,5.1560681388143,4.67862898312053,4.05955395987571,2.26839484735161,2.20820666205191,2.57889502026549,3.3444644690755,2.72468943331708,2.34857268482863,5.68743214967284,..,..,..,..
Latin America & the Caribbean (IDA & IBRD countries),TLA,"Portfolio equity, net inflows (BoP, current US$)",BX.PEF.TOTL.CD.WD,2539159886.23142,1439937966.05399,3321322614.76253,-579894898.973183,12214163122.8959,11046093569.1359,28879404816.1756,-9611291993.57763,41564506026.8576,41327697978.163,7495857535.12532,20216375028.6392,16858883800.9449,20694800108.778,14462371247.6429,22285504488.5092,20143520955.241,-3511875756.05619,-29015800.2964554,-5147287427.49496,6122993658.66029,13884463386.5772,-5248401290.39732,-22007075360.0003,..
Latin America & the Caribbean (IDA & IBRD countries),TLA,GDP (current US$),NY.GDP.MKTP.CD,2161359862863.86,1927322085240.2,1960517216397.37,2264876234901.17,2752003821062.2,3234927606207.58,3826959867893.09,4465814702669.79,4176789508119.57,5212616653053.24,5942223639206.5,5999254994806.92,6044625148403.94,6005259453417.89,5068610305411.75,4922090097003.8,5482764267203.12,5347056434773.57,5230554354083.41,4387909128654.57,5118940165028.38,5851879329574.93,6591336702938.76,6776899040059.78,..
Latin America & the Caribbean (IDA & IBRD countries),TLA,Trade (% of GDP),NE.TRD.GNFS.ZS,37.8044727370896,40.3687884331069,42.1136074442049,44.3365741239659,44.153835658066,44.6585216189439,44.6432598377163,46.1314653586495,39.7606860465512,42.3160950617686,44.5742506843551,44.5656799299123,44.1918342951615,43.7380260692525,44.2142879401788,43.2692169793714,43.4945657232203,47.5315245402823,47.1498818579862,45.5894315064476,51.4996755843368,54.7675774389193,46.9030409471659,47.703300602057,..
Latin America & the Caribbean (IDA & IBRD countries),TLA,"Foreign direct investment, net inflows (% of GDP)",BX.KLT.DINV.WD.GD.ZS,3.37143307860509,2.70533240099822,2.28557245139491,2.9660117492973,2.78105359702586,2.34505111863876,3.32005393928665,3.34926340466649,2.21129940968139,3.25452036818176,3.54467798033026,3.57770894175578,3.3444633897643,3.2147586023942,3.45309035982654,3.40940119201038,2.92428047310947,3.24320802686122,3.05089622093513,2.40954345990114,2.8613858587405,3.47370175296876,2.57238782283042,2.83299893635431,..
Latin America & the Caribbean (IDA & IBRD countries),TLA,GDP per capita (current US$),NY.GDP.PCAP.CD,4222.97461927511,3714.3747812476,3728.72739078731,4252.83825459299,5103.97068943224,5926.88266865219,6927.88249936996,7989.38067187903,7386.60018995036,9115.80144590362,10277.6079254264,10263.4820243547,10231.0823830522,10058.6664815872,8404.37747196218,8082.02330614142,8918.30251254156,8620.46890240755,8362.63429845968,6964.3711102796,8075.78816650564,9174.55690452428,10260.5196915782,10474.2809944408,..
Latin America & the Caribbean (IDA & IBRD countries),TLA,Total natural resources rents (% of GDP),NY.GDP.TOTL.RT.ZS,3.21783475046497,3.77558107416264,4.11289060099984,5.04096117646168,6.40931738695789,7.33960552717432,6.90354687272526,7.51442806398527,4.18372283544779,5.34201067563541,6.95823951335277,6.1754436745382,5.37890429187891,4.46551966839224,2.37191932993987,2.26835042395372,2.71847091326743,3.47412792005921,2.71979821816431,2.5584454161187,6.29670190301465,..,..,..,..
Least developed countries: UN classification,LDC,"Portfolio equity, net inflows (BoP, current US$)",BX.PEF.TOTL.CD.WD,22238188.0612873,10471100.6565771,21341272.4272789,18500879.509283,119285620.583287,3755683.37407303,-5689018.58493069,-15562120.9552119,141641290.88341,95717344.7889636,303108253.486682,-8932584.03262665,187254145.148371,488363327.465338,34859940.9135122,228203230.666162,214131842.945948,-87172071.4550376,-189052350.560394,-233626917.725477,-382910410.420421,-89702988.6808272,-184364890.95799,-26043312.5605,..
Least developed countries: UN classification,LDC,GDP (current US$),NY.GDP.MKTP.CD,216585977130.125,238996622513.994,270939350485.977,311791760903.57,370633296538.889,430714424840.412,517254081241.053,635557886673.675,628162084945.035,711250147781.566,810122964149.02,849599155573.471,924685867947.027,993379212416.681,946044369982.555,952622086763.393,1044504274790.04,1116339519831.8,1169366192253.69,1179778077659.19,1303898952961.36,1474237106700.91,1459966948607.94,1536272727812.71,..
Least developed countries: UN classification,LDC,Trade (% of GDP),NE.TRD.GNFS.ZS,40.9743393689971,50.4431442309826,50.2939134873026,51.620895047703,55.1769415844311,55.1929432910406,59.9245979920069,63.7796251975422,58.8172561471286,58.3339949057173,60.3791468535262,59.0169463026793,58.5601483628962,55.8805334038006,50.5046218869376,46.9182004792284,47.0303880111819,51.4619437897655,50.5670353723756,46.4710756098043,50.6793063452732,51.1776652951198,48.6038661639311,47.220088076024,..
Least developed countries: UN classification,LDC,"Foreign direct investment, net inflows (% of GDP)",BX.KLT.DINV.WD.GD.ZS,2.86479715536728,2.55076024504715,3.54026124226934,3.00612262528857,1.6138939951066,2.1477959279455,2.46886238586483,2.98040939287167,2.48427688304646,2.59163405973639,2.93975218291793,3.51359924751089,2.73059999638429,2.97132078524412,4.06747605415922,2.73198417095915,2.01539162395358,1.63684423442267,1.77619362819093,1.93236414501639,2.10819284305605,1.69971103564668,2.40953547073042,2.49378572238924,..
Least developed countries: UN classification,LDC,GDP per capita (current US$),NY.GDP.PCAP.CD,313.947863828234,337.91579001411,373.651845746871,419.798333896442,487.199978520551,552.743616465105,648.581446944078,778.614114766785,751.671383860855,831.532954611079,925.130488690388,947.489031265643,1006.9873103895,1056.46705317141,982.894810600519,966.721782937566,1035.19428808636,1080.56177999961,1105.24693378698,1088.72161311357,1175.55718251136,1299.36172423082,1257.69806699331,1293.40100322932,..
Least developed countries: UN classification,LDC,Total natural resources rents (% of GDP),NY.GDP.TOTL.RT.ZS,8.70741471520526,9.51842995323793,11.1187817614144,11.4816832079814,14.2163649946137,15.2546924671436,16.5018455224667,19.5449383224171,12.3019418299849,13.8955056953859,15.6119830591205,13.2872779976706,11.669908132347,10.0123651560216,7.12038778450257,6.93337313565308,7.71954453916855,7.2392436321201,5.94850263587647,5.11074035033367,8.55993148890917,..,..,..,..
Low & middle income,LMY,"Portfolio equity, net inflows (BoP, current US$)",BX.PEF.TOTL.CD.WD,6308967073.75368,6044015435.00296,24065330565.4941,32128994792.3636,66742159599.606,97394771609.1946,114571219342.749,-34362658890.6991,120285281914.206,131141575770.376,13740336650.7911,95778145904.4635,76768766817.5011,96355980857.5524,26825912325.3521,46872665377.9606,74977033794.6838,42117430469.1557,52775284022.7838,75767634959.0197,69308274472.4291,29161845289.2115,24649095293.5924,-49043396463.0421,..
Low & middle income,LMY,GDP (current US$),NY.GDP.MKTP.CD,5681863488447.16,5796572765879.18,6490136867597.51,7615565811852.92,8995715621844.56,10593347613572.9,13011853510452.5,15453988213684.3,15495760307663.9,18849216312613.7,22198034859579.4,23600257695748.4,25060996541842.1,26234553744932.2,25457289049147.5,25722739836843.3,28123682410171.3,29945950603040.9,30863484502772.9,29882663470187.9,35235417682028,36965295357847.5,38059330027173,39397098753614.4,..
Low & middle income,LMY,Trade (% of GDP),NE.TRD.GNFS.ZS,46.1513042656398,48.6018196529748,53.1349102411519,58.4606839220844,60.1575888892988,61.0314026039836,59.9129819860006,59.5812275739273,49.7703261441687,52.807225244472,54.6765182665995,53.3648508202226,51.8762669179472,50.2597431615779,46.5474413023969,44.6158101427167,46.0069999758142,48.098708044233,46.0888081297684,43.6244138331382,48.8763803418356,52.4201241317349,48.4823027251615,48.7194051979676,..
Low & middle income,LMY,"Foreign direct investment, net inflows (% of GDP)",BX.KLT.DINV.WD.GD.ZS,2.695336235099,2.49485853572722,2.28278014425036,2.50603897202,3.0311382291017,3.19257566934344,3.53538257294477,3.39978291140046,2.47898295226103,3.05904473460315,3.01591839909046,2.63517385322554,2.67189078119301,2.34963952065101,2.34819528382356,2.00415474539808,1.8188328950261,1.97361690622777,1.71678799553566,1.74590414852284,2.05670685974775,1.59091895283448,1.06897401713296,1.10723645786206,..
Low & middle income,LMY,GDP per capita (current US$),NY.GDP.PCAP.CD,1162.27956492439,1168.21008818899,1289.04927474148,1490.85593705627,1736.10100020162,2015.80026970912,2442.09195354366,2860.66030359115,2829.0413443136,3394.26296887076,3942.65348704731,4133.76162366082,4330.27496489931,4472.91557836283,4284.85686298442,4274.9314240157,4615.000484095,4853.74507668345,4943.24879858439,4732.82727829687,5524.24398933119,5741.78381882953,5856.29495195922,6002.45120765259,..
Low & middle income,LMY,Total natural resources rents (% of GDP),NY.GDP.TOTL.RT.ZS,4.66326675499538,4.53005306279567,4.74141573587651,6.26164484431549,7.52402564765099,8.04382245454912,8.10073511047436,10.4624909744314,5.61319324564181,7.18338641571219,8.65980771933582,6.70515320738758,5.6214881510499,4.72452078513557,2.66992183004351,2.44663974399772,3.0253421585795,3.69096485613029,3.10852880321489,2.18524531622867,4.09545222900584,..,..,..,..
Low income,LIC,"Portfolio equity, net inflows (BoP, current US$)",BX.PEF.TOTL.CD.WD,15524352.5541254,5152160.32971579,11178841.8015321,41862876.9071128,95709294.9418795,-2078655.85854955,-25293032.2423167,81991834.6458698,144299607.23659,-36151944.1889259,197570735.127779,-150089609.009093,-97519791.7540068,99195703.2387213,40763068.1367178,76472316.9047439,-41788623.3201603,-65727166.4305276,-131965189.882809,-122740541.532321,62170692.0712119,56533810.2032075,-48054814.595295,24419202.5763951,..
Low income,LIC,GDP (current US$),NY.GDP.MKTP.CD,109982758250.168,122332129722.928,136842895163.453,159851128459.564,193441903012.909,224500542226.204,271818539738.554,324480751168.2,314283743126.396,354666141780.162,384118933677.744,351076378355.804,359280509583.968,378789607464.815,361782469708.524,317624904429.654,326806567421.383,341989728902.808,352056761148.886,339434568554.002,375494019860.55,434268149844.662,434043376409.571,469282282632.522,..
Low income,LIC,Trade (% of GDP),NE.TRD.GNFS.ZS,38.9259707187691,45.9144027879128,46.5817007948035,48.6063117569923,50.571418588745,50.3964342429412,53.5472553943677,57.722908719797,52.149598245542,54.1509064901303,54.1806322591223,51.9490628118335,52.765486620292,50.8397694755724,45.416564121708,48.5507451991774,51.7746272639688,56.4951992992836,54.4200923809361,51.0254007187152,55.6982111941393,54.7546157525203,52.6715630995498,55.570177664087,..
Low income,LIC,"Foreign direct investment, net inflows (% of GDP)",BX.KLT.DINV.WD.GD.ZS,2.33268567462704,2.56172107889735,3.09540679961898,3.01690437048114,1.98623838254548,2.88981216868522,3.44061896181935,3.74994178901254,3.41260691725718,4.33165150163839,4.57929325763231,6.55460186565004,5.25795736263932,3.54201793582189,3.4514839671238,2.95225390279484,2.91288803092172,2.85865290167603,3.95550671396414,3.32279798226567,4.02461162870914,3.77495431945092,4.07499458636347,4.7034478710177,..
Low income,LIC,GDP per capita (current US$),NY.GDP.PCAP.CD,332.003849693569,358.708085875867,389.594478375983,442.426324281659,520.301355916657,586.100552264911,689.11060676483,799.48401657603,752.635927287489,825.735188857174,869.718827485855,773.887672422173,772.500259604632,794.990235916855,740.889503942237,633.792954627598,634.710788724745,645.846067078285,645.998249720369,605.437906755342,651.812637638679,734.204117595357,714.151764242762,751.322764042233,..
Low income,LIC,Total natural resources rents (% of GDP),NY.GDP.TOTL.RT.ZS,10.4266665298186,10.354413369583,12.3480216992387,12.3104551594024,14.0834450703961,14.1886495080232,14.0077070112455,17.7032429853909,11.6857976774563,12.8012337606866,18.0112710374102,13.4771265425929,12.4268725660008,11.4288918059912,8.8004285501813,9.58564208163522,10.1858678733809,9.31132390178033,8.31034762538378,9.08224966492717,16.3371829692986,..,..,..,..
Lower middle income,LMC,"Portfolio equity, net inflows (BoP, current US$)",BX.PEF.TOTL.CD.WD,2919345161.17713,881571321.134356,8788684816.0088,10209669826.0002,16142332669.2894,15775953105.6995,40564724722.9052,-17394656789.2545,27073517298.1792,37489243905.2744,14333348.5517181,35549288275.5543,27711103527.8656,18082646869.9183,542548095.491771,3240867313.25921,7304533088.71167,-5206475220.62409,14512325068.7976,18423321487.2991,1220952845.41197,-18349293094.6476,22208286021.0936,468320905.50084,..
Lower middle income,LMC,GDP (current US$),NY.GDP.MKTP.CD,1200797924687.21,1268651516969.16,1440541629623.4,1658632867564.48,1911233818659.46,2239017341158.09,2739324307629.08,3030654277104.28,3161039130467.91,3803232283642.59,4244475908827.19,4486071662557.55,4743115979872.43,5122618957687.69,5110516313268.72,5319173245722.59,5770458203695,6022782110520.98,6527442965633.65,6297797215276.77,7124669005626.29,7588963714927.96,7684634708973.7,7941312381464.46,..
Lower middle income,LMC,Trade (% of GDP),NE.TRD.GNFS.ZS,44.9716713879827,47.7291823020143,49.4379583192186,55.0403840563812,57.8128998221732,59.4156440128914,60.9735985823102,65.7351719993204,57.1449216406278,57.5712724256981,61.7678641702968,60.7415655800525,58.8560955800176,55.808163451864,51.2354470795111,48.8826073486802,51.424392027321,54.6791911614007,52.2515731349382,47.5088407721334,54.1209630548735,60.0642337972692,55.5578866928056,54.6526254323577,..
Lower middle income,LMC,"Foreign direct investment, net inflows (% of GDP)",BX.KLT.DINV.WD.GD.ZS,1.66130611252395,1.60333883198445,1.54284416959261,1.41647960705861,1.90190219129857,2.92982771850412,3.00164991701112,3.61042919731291,2.87135302795066,1.9768025129917,1.99247710677185,1.74270943013802,1.75187353922092,1.9767498994398,2.39798906576335,2.10455132179199,1.91597099239148,1.80304385500882,1.70243078232024,1.83368082632451,1.53252340186105,1.53111069801376,1.36452977023691,1.82835761191768,..
Lower middle income,LMC,GDP per capita (current US$),NY.GDP.PCAP.CD,553.497178396772,573.648227115116,639.329708425508,722.628943297013,817.846092888275,941.244764118773,1131.22988752611,1229.9549188542,1260.98799326347,1491.30888839804,1636.38338498875,1701.13738449151,1769.94084181484,1881.19816238537,1848.28029294397,1895.24399500136,2026.19304074045,2085.0452543512,2228.84805859217,2121.61421722256,2369.9577651033,2493.61487371356,2493.38985253651,2544.49245457752,..
Lower middle income,LMC,Total natural resources rents (% of GDP),NY.GDP.TOTL.RT.ZS,4.34473342410306,4.31157930409993,4.54337773147307,5.46798125345723,6.80125269973086,7.31149203196388,7.51461615670086,9.94203079031422,5.55109662813029,6.79190137409865,8.27798218494946,7.10809469852784,6.04082263946281,4.91513807964121,2.89050137992976,2.65777481094253,3.38367168336172,3.81513019951678,3.37108113294476,2.52046612821115,4.30272141956799,..,..,..,..
"Middle East, North Africa, Afghanistan & Pakistan",MEA,"Portfolio equity, net inflows (BoP, current US$)",BX.PEF.TOTL.CD.WD,-954857386.760265,1294665573.48345,363973906.497269,5166807538.43247,9348916709.1302,8499341473.97973,7790702271.44318,2903259382.58253,5431952253.27571,4726894215.47829,-486566621.306103,212677213.689053,3872699388.1441,8820988337.446,4209684478.12271,5535392676.91448,3626883536.89126,-1366355502.15069,24720333484.1993,1713206198.50516,19810930452.2409,17446944004.6254,10153367496.3867,17209583233.6733,..
"Middle East, North Africa, Afghanistan & Pakistan",MEA,GDP (current US$),NY.GDP.MKTP.CD,1090545600290.9,1084279807640.54,1208917725723.26,1425161843634.64,1696919964189.2,1984658175210.17,2340843268764.84,2889953352465.81,2605610958503.18,3041621845298.68,3662713826837.54,3951058204949.1,3915741985695.48,3955125832586.57,3558416509933.66,3624240285092.23,3795353115732.68,4050508431278.92,4019889117584.4,3587451756047.23,4310652927209.13,5030925398736.26,4905729965245.33,5094721946852.29,..
"Middle East, North Africa, Afghanistan & Pakistan",MEA,Trade (% of GDP),NE.TRD.GNFS.ZS,66.2309519272174,67.5082019999665,72.957307733371,76.8490757974244,80.824896646678,81.2084417530384,83.7194262715484,86.2832310542889,78.609375718454,76.4082918356658,78.6245304630986,80.1817462636247,79.1645981599337,77.1252070547462,72.5138872320369,68.2010695230567,71.0100716035023,73.2048624270573,71.4931636064041,67.1458191210406,71.0588897602113,78.3055019030408,77.1901576989031,58.6400570218676,..
"Middle East, North Africa, Afghanistan & Pakistan",MEA,"Foreign direct investment, net inflows (% of GDP)",BX.KLT.DINV.WD.GD.ZS,1.02909031854482,1.00145454810311,1.72445352456919,2.40114209398484,4.00253811286313,5.10567797181009,4.87375578843757,2.95125464880926,1.92817821930932,2.1509688553634,1.46381282457288,1.45951158380611,1.27037460841462,0.845164809430285,1.07831728237172,1.85928147955842,2.57067519256193,3.52547321601469,2.25030657595192,2.45395199461549,4.08661996306979,2.4531076990245,2.6870361649668,3.81341246026811,..
"Middle East, North Africa, Afghanistan & Pakistan",MEA,GDP per capita (current US$),NY.GDP.PCAP.CD,2153.19332542263,2092.42427637017,2279.51886072397,2624.1893550003,3050.86086272731,3482.47657906214,4010.05228061244,4834.32204392542,4256.64048356928,4867.92943497015,5731.46333788345,6048.09249990772,5866.59647635813,5810.23874019206,5125.68064083245,5126.05331639032,5279.47951180077,5545.88899607591,5412.42875673528,4742.76402632259,5615.91186098726,6430.53553485753,6149.061198935,6265.44445247452,..
"Middle East, North Africa, Afghanistan & Pakistan",MEA,Total natural resources rents (% of GDP),NY.GDP.TOTL.RT.ZS,18.5046242755824,17.9485174942945,19.8948469076971,23.6559337654781,29.2100460942715,30.1207341793873,27.6389031567592,31.5021908523531,20.3305330436334,23.2766196403199,28.7071684497978,27.9897185176093,26.6133849027537,24.0395844931358,14.2064808937841,11.9165655852541,14.9578989156683,20.2405148659966,17.5033410787066,11.7245669362694,17.3671325619553,..,..,..,..
"Middle East, North Africa, Afghanistan & Pakistan (excluding high income)",MNA,"Portfolio equity, net inflows (BoP, current US$)",BX.PEF.TOTL.CD.WD,-155193355.110299,-363669981.689436,195478005.807824,761593140.524697,2874593533.99474,2115342467.99646,-819826132.501351,160998134.571195,1242915732.12142,2528315041.44451,-432025430.000402,-1034462126.57856,181860975.465944,1529341860.36405,-253257610.411275,243223270.696292,-990414171.65205,-739930240.037209,566110417.23648,-2810388469.90225,-2413771491.50764,-1291341060.17107,-117046791.42362,-431828652.08062,..
"Middle East, North Africa, Afghanistan & Pakistan (excluding high income)",MNA,GDP (current US$),NY.GDP.MKTP.CD,580413513039.634,564911705200.042,624719536900.607,739740964066.946,857124990344.532,996469245693.858,1209996477297.73,1466149480564.83,1418668447670.53,1626058953369.58,1906060807193.34,2052891275800.41,1930423514701.75,1919784977902.52,1780659355969.3,1849124741125.58,1878260539942.56,1877875348076.98,1834354275856.43,1667961526440.19,1939712222007.44,2160815136190.98,2094668147144.99,2203604227426.38,..
"Middle East, North Africa, Afghanistan & Pakistan (excluding high income)",MNA,Trade (% of GDP),NE.TRD.GNFS.ZS,54.9780968493559,57.1021434623205,63.3348692145527,63.8299242541285,67.13956582775,64.126872070582,63.0367814039106,66.3214427492211,58.438341868851,56.4621369948711,55.0206005237926,55.1680374459496,54.7645913526087,52.2828192211357,47.8582600813933,44.206632754434,49.0091327240712,55.1637940210484,52.351728629491,44.9220673488316,50.0454660828725,58.6285724584232,57.119894629623,55.8512294209489,..
"Middle East, North Africa, Afghanistan & Pakistan (excluding high income)",MNA,"Foreign direct investment, net inflows (% of GDP)",BX.KLT.DINV.WD.GD.ZS,1.30277219972265,1.6531681162909,1.89602261634414,1.61353188568175,2.41432613055878,3.51093830455101,3.2591496952368,2.80260632339939,2.22840692116723,1.73090867350079,0.969202133798022,1.1899976490709,0.945556046986039,0.523880956554722,0.636656685678449,0.913661012117142,1.07510585291207,0.966406446639712,0.962434739902915,0.767574485189501,0.635016860870076,0.86426358939919,0.717544418157046,2.34674901557747,..
"Middle East, North Africa, Afghanistan & Pakistan (excluding high income)",MNA,GDP per capita (current US$),NY.GDP.PCAP.CD,1226.50991412098,1168.28204981285,1263.87606211705,1463.04148806759,1657.11024431574,1883.1206783718,2237.26188319836,2652.79039146265,2510.74762666028,2816.19347268465,3232.55085445141,3412.57302470262,3148.36412420635,3073.79994256301,2802.63134980954,2863.14057781135,2859.85560174494,2809.30894215325,2695.63342343005,2408.49731335268,2753.47858029524,3015.7557973385,2873.03929302735,2971.05462651558,..
"Middle East, North Africa, Afghanistan & Pakistan (excluding high income)",MNA,Total natural resources rents (% of GDP),NY.GDP.TOTL.RT.ZS,14.9016005430369,14.7319395364346,15.2049225308223,18.5215224385399,23.6213485023604,24.6967076006559,22.4479421716773,25.9245725799135,16.368524228548,18.7095161670145,21.24470402026,20.4583217164365,19.3535704072363,17.6184520488249,10.3627319999828,9.02125565282095,12.3294492507823,18.2271518439741,15.2579533996426,9.80232021349665,16.1531955136145,..,..,..,..
"Middle East, North Africa, Afghanistan & Pakistan (IDA & IBRD)",TMN,"Portfolio equity, net inflows (BoP, current US$)",BX.PEF.TOTL.CD.WD,-169093355.110299,-371913981.689436,182318005.807824,753753140.524697,2860893533.99474,2115342467.99646,-819826132.501351,160998134.571195,1165415732.12142,2531213297.36251,-431348093.501715,-1060233575.79609,98279556.489422,1532260595.41405,-307712650.47614,377723270.69629,-1033414171.65205,-752230240.037209,589110417.23648,-2781388469.90225,-2582857605.68824,-1238341060.17107,24825030.8115146,-347293374.861484,..
"Middle East, North Africa, Afghanistan & Pakistan (IDA & IBRD)",TMN,GDP (current US$),NY.GDP.MKTP.CD,576409813039.634,561355905200.042,620751536900.607,735137864066.946,851999290344.532,991120945693.858,1204180777297.73,1458839080564.83,1410582747670.53,1616377453369.58,1894874707193.34,2040682875800.41,1916908014701.75,1905795277902.52,1766686955969.3,1833719341125.58,1862132539942.56,1861598748076.98,1817220775856.44,1652429826440.19,1921603222007.44,2141649636190.98,2076820247144.99,2189893127426.38,..
"Middle East, North Africa, Afghanistan & Pakistan (IDA & IBRD)",TMN,Trade (% of GDP),NE.TRD.GNFS.ZS,54.7206215509906,56.9244418869532,63.2136487525393,63.6694546381331,66.984634702183,63.9551103947093,62.7680358955928,66.1993439652474,58.2832616954928,56.3504582950371,54.9071270681992,55.0589032904778,54.6579769034834,52.1396037362151,47.6458719758847,44.0100590842918,48.8290176826258,55.0133472281976,52.1975359993324,44.7173286478427,49.8345762873386,58.4110160833412,56.9141986181208,55.6175498126857,..
"Middle East, North Africa, Afghanistan & Pakistan (IDA & IBRD)",TMN,"Foreign direct investment, net inflows (% of GDP)",BX.KLT.DINV.WD.GD.ZS,1.30849429000394,1.66195814618495,1.90606885444576,1.62084377762164,2.42459716193941,3.52800862821609,3.27326272311682,2.81311973332301,2.21987954467876,1.7301438073155,0.962139568888316,1.19411752959628,0.942297696898857,0.519150467511013,0.635717427167304,0.904869256823829,1.07451226583381,0.96337843305207,0.964373034995509,0.770083362922926,0.622384445864816,0.857283524810093,0.718758678507798,2.35451754569171,..
"Middle East, North Africa, Afghanistan & Pakistan (IDA & IBRD)",TMN,GDP per capita (current US$),NY.GDP.PCAP.CD,1225.81474139889,1168.35927304729,1263.91574540151,1463.3046705277,1657.84296915154,1885.14870247669,2240.98836783175,2656.83046140986,2512.84382036535,2817.90380218571,3234.88259884042,3414.87165876956,3147.24679176234,3071.92771988993,2799.45441811583,2858.61689096826,2854.66192638041,2804.12633142444,2688.96932958269,2402.73480964452,2746.96809945183,3010.19656726913,2868.88626501212,2973.77496155262,..
"Middle East, North Africa, Afghanistan & Pakistan (IDA & IBRD)",TMN,Total natural resources rents (% of GDP),NY.GDP.TOTL.RT.ZS,14.9935593199041,14.8146940497179,15.2921964567864,18.6282167640733,23.7521581022676,24.8197450380579,22.5487786644272,26.047475353487,16.4529408585768,18.8131916367908,21.3610797804421,20.5715410146561,19.4786816391383,17.7361995681028,10.4346954392292,9.08855336485147,12.4250468658951,18.3662940740219,15.3812338278359,9.87168909396206,16.2749737095106,..,..,..,..
Middle income,MIC,"Portfolio equity, net inflows (BoP, current US$)",BX.PEF.TOTL.CD.WD,6293442721.19956,6038863274.67324,24054151723.6926,32087131915.4565,66646450304.6642,97396850265.0531,114596512374.991,-34444650725.345,120140982306.969,131177727714.565,13542765915.6634,95928235513.4726,76866286609.2551,96256785154.3137,26785149257.2154,46796193061.0559,75018822418.004,42183157635.5862,52907249212.6666,75890375500.552,69246103780.3579,29105311479.0083,24697150108.1876,-49067815665.6184,..
Middle income,MIC,GDP (current US$),NY.GDP.MKTP.CD,5573293851565.57,5676642577370.01,6355971327725.67,7458787938489.6,8806342066459.55,10373325425938.6,12745162554495.1,15135753455448.7,15187183923617.2,18500106536863.6,21818776039542.3,23251473713360.3,24703471814277.2,25857736813684.7,25097130636126.9,25404351578541.5,27795014626627.4,29601678469854.1,30509054766961,29540859400642.8,34855974285498.7,36528767758177.8,37622349618946.3,38925709373017.6,..
Middle income,MIC,Trade (% of GDP),NE.TRD.GNFS.ZS,46.2299620833046,48.6309247515055,53.2058824111593,58.5674081436041,60.2614529639116,61.1466068081719,59.9819316585137,59.6022342417066,49.7434305559983,52.7919871634024,54.6821430294468,53.3810267366969,51.8661100241344,50.253118896043,46.5603151594689,44.5710150116721,45.9399194756778,48.0010524911538,45.9919109680023,43.5321217302778,48.7913104552852,52.3921238117968,48.4336032714416,48.641369205624,..
Middle income,MIC,"Foreign direct investment, net inflows (% of GDP)",BX.KLT.DINV.WD.GD.ZS,2.70185409533823,2.49355580492136,2.26694919459471,2.49607374258721,3.05202176839278,3.1985366724181,3.53721986841913,3.39296472716287,2.4613164378605,3.0367956409759,2.99070831800435,2.58654170036605,2.63860492673957,2.33407433747333,2.33388385054462,1.99354385004663,1.80743819293104,1.96467251516205,1.69592877730389,1.73073610304762,2.03885015853705,1.57036682937491,1.0413045449191,1.07706320946648,..
Middle income,MIC,GDP per capita (current US$),NY.GDP.PCAP.CD,1222.94251438049,1228.47350986789,1357.07541063235,1571.30392795213,1830.92630559246,2129.1210373952,2583.28146959331,3029.34246580388,3001.53141895573,3610.66323367037,4205.16300649743,4424.22119652773,4641.4999159695,4798.48322756442,4602.51682691609,4605.60639396078,4982.00575599033,5248.39737081301,5353.79775844374,5134.62007912707,6007.32308658146,6248.00962014697,6386.30246387838,6554.37054933497,..
Middle income,MIC,Total natural resources rents (% of GDP),NY.GDP.TOTL.RT.ZS,4.56538038281138,4.41850554929541,4.59637169058663,6.14729454068452,7.39696995344207,7.92630563280116,7.98912694094426,10.3153658982551,5.49397206655973,7.08077423996553,8.50366413734807,6.61028710328591,5.52870267423377,4.63192383203481,2.58677825614991,2.3636234482674,2.94688181636193,3.63028099977262,3.0564529592369,2.11631507713698,3.98417864888744,..,..,..,..
North America,NAC,"Portfolio equity, net inflows (BoP, current US$)",BX.PEF.TOTL.CD.WD,124175683850.088,53150396528.7626,43929134021.7167,88930660834.5475,96828840826.4327,155049720858.767,233716961784.389,129947624214.204,242700527972.795,196985342274.298,144665940221.946,240007454774.38,-44762248455.1475,177436403429.691,-177835350836.904,-100694103353.294,192274940141.49,176405714692.63,-293193648374.551,677717810062.662,-16778269256.544,-6619069591.63943,9519732095.133,300277751918.837,..
North America,NAC,GDP (current US$),NY.GDP.MKTP.CD,11324592049355.4,11693699517098,12356169212634.8,13248368139278.2,14217175927778.7,15140995757591,15949814312783.3,16329827601721.7,15859346076157.3,16672942337486.3,17399367444174.5,18088716899521.6,18696254170835,19362844040439.9,19769184098217.1,20230005494907.4,21133744509244.1,22265612481783,23132124767672.5,22723045707000.2,25344749345423.2,27803134368745.3,29474089705278.7,31003826557365,..
North America,NAC,Trade (% of GDP),NE.TRD.GNFS.ZS,27.6951346171638,26.8472966246706,26.6582225240946,28.353601414015,29.405458088413,30.4823201867921,31.2795345195426,33.0400663833457,27.6380218671293,30.9654332343502,33.5593766435031,33.4199285706579,32.7735025853399,32.953701201886,31.1110366043156,29.9310232391542,30.5531390166267,30.9546539826741,29.860572028922,26.639115129293,28.7516975878901,30.7440903175145,28.8348431936674,28.789622276997,..
North America,NAC,"Foreign direct investment, net inflows (% of GDP)",BX.KLT.DINV.WD.GD.ZS,1.77427052520427,1.15914407736142,1.00460499182964,1.62982349429929,1.18124673841022,2.39533210961398,2.93220741810747,2.519213025438,1.14735715911205,1.76319481499298,1.73326682942052,1.6571744743664,1.89991945754679,1.63213203434928,2.88973541352409,2.51367533486328,1.92059051131217,1.15610643376958,1.57759260878076,0.733464748133239,2.12349847484662,1.68204036234635,1.37745353282734,1.16188454203834,..
North America,NAC,GDP per capita (current US$),NY.GDP.PCAP.CD,35831.4569213799,36652.0186585008,38395.5205652019,40788.4744089861,43368.5783940626,45741.2633538401,47727.7701044725,48398.3601410965,46581.4062631638,48545.7752706944,50251.9815319984,51812.8921210048,53133.8537338421,54580.8673039295,55285.5686917861,56112.2253713869,58184.8571647569,60890.5689258698,62874.6117089583,61468.3372208474,68424.560031595,74535.6365392629,78190.0640735535,81275.8436781762,..
North America,NAC,Total natural resources rents (% of GDP),NY.GDP.TOTL.RT.ZS,1.08384781327414,0.830759635569728,1.26903778978862,1.50005427618672,1.83181031419462,1.38751910229345,1.33754622202335,2.22736029711317,0.845810363973034,1.08073063539285,1.37459368234201,0.843777040248708,0.845724629242025,0.79481573796742,0.242053073076839,0.339716303297114,0.48744213015294,0.688667404391941,0.660649605655894,0.395880564549259,1.57235203239271,..,..,..,..
Not classified,INX,"Portfolio equity, net inflows (BoP, current US$)",BX.PEF.TOTL.CD.WD,..,..,..,..,..,..,..,..,..,..,..,..,..,..,..,..,..,..,..,..,..,..,..,..,..
Not classified,INX,GDP (current US$),NY.GDP.MKTP.CD,..,..,..,..,..,..,..,..,..,..,..,..,..,..,..,..,..,..,..,..,..,..,..,..,..
Not classified,INX,Trade (% of GDP),NE.TRD.GNFS.ZS,..,..,..,..,..,..,..,..,..,..,..,..,..,..,..,..,..,..,..,..,..,..,..,..,..
Not classified,INX,"Foreign direct investment, net inflows (% of GDP)",BX.KLT.DINV.WD.GD.ZS,..,..,..,..,..,..,..,..,..,..,..,..,..,..,..,..,..,..,..,..,..,..,..,..,..
Not classified,INX,GDP per capita (current US$),NY.GDP.PCAP.CD,..,..,..,..,..,..,..,..,..,..,..,..,..,..,..,..,..,..,..,..,..,..,..,..,..
Not classified,INX,Total natural resources rents (% of GDP),NY.GDP.TOTL.RT.ZS,..,..,..,..,..,..,..,..,..,..,..,..,..,..,..,..,..,..,..,..,..,..,..,..,..
OECD members,OED,"Portfolio equity, net inflows (BoP, current US$)",BX.PEF.TOTL.CD.WD,265903428703.77,104096827792.822,348954414169.373,422053692105.693,819925600986.749,762898397506.284,649803743341.285,-108196908504.38,696926890383.159,628865213089.256,285450713581.084,713677344459.427,730867782469.211,1096483294931.95,669871722040.879,127106168517.566,1201574276157.28,307731506010.343,323999579112.209,1105400622806.45,1332975809218.32,-15475003754.0036,222910228133.841,946477392027.401,..
OECD members,OED,GDP (current US$),NY.GDP.MKTP.CD,27457252150822,28647750264306.8,32044541404358.8,35679871689452.9,37741346324531.8,39831449904961.4,43614701103479.8,46310285113488.4,43330741173451.5,45454235949425.1,48907463676194.2,48848423144456.1,49513745558643.5,50544319752323.1,47647221796959.1,48552474323847.7,50696690374014.3,53652083661573,54168727321922,52851603026620.4,59024824389525.6,60588200976081.3,64648892594414.4,67500141717526.4,..
OECD members,OED,Trade (% of GDP),NE.TRD.GNFS.ZS,45.2983384003555,43.9440166913101,43.6586466918344,45.9205478825801,47.8020579797862,50.4825046161208,51.5718790530773,53.7397893077779,46.8151221511615,51.3749798935763,55.1446791568073,55.5603613008186,55.2364422331733,55.3540917702241,54.326966680855,53.2538860639634,55.1566982734809,56.5031104357881,55.8638308489572,51.4197334624688,55.7122002805394,63.1404421686003,58.4878077289189,57.2355487697044,..
OECD members,OED,"Foreign direct investment, net inflows (% of GDP)",BX.KLT.DINV.WD.GD.ZS,2.54068940596563,2.06332377751448,1.62614888620519,2.00621484421187,3.14569703745487,4.04558559406988,5.34861760887127,3.52778464485209,1.99619547754338,2.10012493286899,2.81665227617194,2.20581850114708,2.34034328410558,1.9669665894058,3.5955238571907,3.89027410367663,2.65222310403342,0.428555727749891,1.8912823199391,0.890663927983762,2.20457902864849,1.69631188991801,0.338090777872962,1.08459526909667,..
OECD members,OED,GDP per capita (current US$),NY.GDP.PCAP.CD,22671.1632008523,23479.8118974849,26073.4116073956,28822.9827767557,30274.0543423729,31719.3360872902,34485.4326856798,36330.0253989704,33747.3871210811,35162.1991743522,37631.4111773315,37353.4975162109,37640.7879025687,38191.0527518506,35779.9123271942,36229.3490773616,37605.270624989,39552.6956716291,39708.8864576635,38597.246423496,43027.7494275706,43950.173710934,46580.4448807226,48322.1644204871,..
OECD members,OED,Total natural resources rents (% of GDP),NY.GDP.TOTL.RT.ZS,0.777138087619043,0.648207684650058,0.798866918168969,0.944751692379363,1.17883645107179,1.13319135723901,1.11362365579871,1.61662585142725,0.781238120396898,1.0990607729866,1.40827678717248,1.05904619033389,1.00273127174675,0.882427406034121,0.420606325243225,0.437592316334176,0.600310739925277,0.750738864562023,0.663441233007234,0.498571770808259,1.43454100546536,..,..,..,..
Other small states,OSS,"Portfolio equity, net inflows (BoP, current US$)",BX.PEF.TOTL.CD.WD,-7046935.43807461,114312294.946436,76324397.9733433,902199117.035806,632329953.826461,2663281981.81366,3161284003.14743,-6391489050.0204,2422891988.55812,8119909257.73946,6726178963.9972,313494870.13029,382556241.603647,33062539.2802757,1346533829.28716,-3033663317.73143,4338264957.51813,12992583088.4251,2644728663.77479,-3268724058.74431,13697714970.2359,679426490.588104,3271452076.9121,8456301470.71812,..
Other small states,OSS,GDP (current US$),NY.GDP.MKTP.CD,47626338324.033,52120882271.4143,64819023763.2045,76946971607.8942,86284116802.3353,95906051121.5049,115441290811.04,125084843511.023,107800935552.035,112786676665.285,128764134519.088,125761130889.038,130969039548.284,135415545370.949,121433707011.691,128159325016.122,143284613956.474,158073876709.73,158530142448.216,146157676838.952,172038213758.242,181859538439.061,196615944595.18,208127281931.64,..
Other small states,OSS,Trade (% of GDP),NE.TRD.GNFS.ZS,117.040406205058,113.311813613671,106.916022240314,108.708260296227,111.044105388371,115.805444138093,115.216873283869,118.531567750872,109.364504535334,119.126686482258,128.360268155001,131.07383729886,134.032600749168,132.582084724743,132.437583359015,129.901502426289,132.347378512211,134.560562449216,136.659428766832,132.479064295408,148.260014155323,164.573905802679,152.406560349637,147.991826543495,..
Other small states,OSS,"Foreign direct investment, net inflows (% of GDP)",BX.KLT.DINV.WD.GD.ZS,5.1360988248581,3.02241226134923,5.63711016897711,14.9027680271924,35.9256483832171,36.542248643616,44.3136900182935,26.923000881369,68.124948486627,42.299647440137,43.039494281882,66.0557553249047,23.5610000160363,44.3208045960542,27.6932267266203,5.76513678830048,57.7332415173827,99.4236147051544,96.1130690603663,-27.2537051613363,59.490677682222,15.1279694182798,6.20238283153575,-2.74967868768225,..
Other small states,OSS,GDP per capita (current US$),NY.GDP.PCAP.CD,4780.95492978974,5142.08694078179,6311.76435003034,7419.39387365304,8233.33980947954,9046.58680529661,10758.3750236866,11515.1421303682,9809.38880958963,10149.5632621314,11469.9518928722,11084.1020617547,11421.795928003,11682.6165859401,10359.1182462574,10813.3826960431,11950.9740553004,13025.990833966,12907.6162560274,11770.4564127379,13717.0894877353,14320.7706776288,15334.1046502228,16094.1266173126,..
Other small states,OSS,Total natural resources rents (% of GDP),NY.GDP.TOTL.RT.ZS,4.70068568417156,4.07888457829004,3.96353775431497,4.36665923103969,5.16270440220669,5.87213130721933,4.81974913891949,5.61163447863456,3.53496599662719,4.42078686516297,5.61912304443224,4.97871424255172,3.93315946843499,3.64258751291736,3.759922458004,2.66126540512447,2.7463117636564,3.35790726615221,3.10548562968037,2.3099544028975,3.50537298969388,..,..,..,..
Pacific island small states,PSS,"Portfolio equity, net inflows (BoP, current US$)",BX.PEF.TOTL.CD.WD,..,1653506.61510016,265590.649225941,-337323.472323946,-276266.666666666,-120066.666666667,-1475000,-608666.666666667,800000,..,..,..,..,..,-107208.299372108,-38113.5744531423,..,..,671783.800040803,-18955.914175114,-30960.4697027215,1923564.07370823,2237876.71555485,2082529.04421334,..
Pacific island small states,PSS,GDP (current US$),NY.GDP.MKTP.CD,3387243161.85647,3551511825.22848,4235417103.89125,4871855227.66746,5408552591.61551,5676286530.76555,6254737579.62755,6698070453.1824,6037139996.77033,6641384396.17265,7750253720.19441,8215475282.96577,8541905877.81349,9287744622.48688,9105865614.90318,9556119494.38469,10290493043.4688,10796141328.2336,10624838178.1263,9323221713.12119,9453908127.9322,10350119919.8256,11224282183.2085,12124739862.5303,..
Pacific island small states,PSS,Trade (% of GDP),NE.TRD.GNFS.ZS,..,..,..,..,..,..,..,..,..,..,..,..,..,..,..,..,..,..,..,..,..,..,..,..,..
Pacific island small states,PSS,"Foreign direct investment, net inflows (% of GDP)",BX.KLT.DINV.WD.GD.ZS,1.8783690349783,1.64748608742374,1.6203288635173,6.196539905647,4.02068098176149,13.7146788357624,10.3896585276202,13.593905790201,7.40399011647675,6.3352293044962,5.75554968227409,5.43589603296066,5.26668794963688,5.6623592389038,3.89069864801522,6.08716707862418,5.26274198002092,6.13921080637164,4.42057551369176,3.84675158427393,5.85668998575328,2.26281533700796,2.59353862235543,2.68484327217168,..
Pacific island small states,PSS,GDP per capita (current US$),NY.GDP.PCAP.CD,1637.06349284566,1695.01149741751,1997.28052538689,2270.72657843606,2492.38724073066,2586.87375078468,2819.69749738645,2989.2238467677,2668.40106360978,2900.92919415648,3339.33261214487,3493.08705679511,3584.6215764592,3846.91150223659,3722.7745565917,3856.70459060951,4099.79965867267,4247.0901276249,4136.34140894161,3592.04110507296,3600.81254375167,3896.81060847355,4173.79964748513,4453.58561280276,..
Pacific island small states,PSS,Total natural resources rents (% of GDP),NY.GDP.TOTL.RT.ZS,1.31638944838935,1.3194290773122,1.63535613694515,1.29735082211561,1.5197992900494,1.77668581398657,2.34869159011089,2.77457516191057,2.43982144722922,3.30810773348062,3.82539673531447,4.10441527060684,3.44402492775966,3.71524720012848,3.03661727617042,2.70147362848,4.05687770338215,4.03522823401304,3.56970793042069,3.91478914259869,4.11104793329081,..,..,..,..
Post-demographic dividend,PST,"Portfolio equity, net inflows (BoP, current US$)",BX.PEF.TOTL.CD.WD,265652578384.201,104534456284.28,357314960257.524,421871084646.27,730523716706.5,620896921341.125,567188729478.552,-95909345840.396,667267557388.75,485844638261.32,199804973647.409,610957439488.608,620412428055.728,849378966602.819,410778383885.278,-12610967674.8609,894531585918.927,203474553902.834,42990651848.3431,895419213065.562,995864530975.921,-103766150349.535,80290155253.6301,570326172947.418,..
Post-demographic dividend,PST,GDP (current US$),NY.GDP.MKTP.CD,26184037125663.6,27313364825215.3,30628727069752.9,34039699724658.1,35832108742171.1,37714121018548.2,41169440746383.3,43606905463177.5,41066034459934.1,42835110366846.5,46024007727818.3,45942497522572.9,46413780180350.6,47352271526907.4,44767511150189.7,45775578499373.8,47734461117479.6,50607464286251.2,51107356012296.7,49979090891717.7,55667487544829.4,56953387691844.6,60342185357196.2,62787810951925.4,..
Post-demographic dividend,PST,Trade (% of GDP),NE.TRD.GNFS.ZS,47.6421982076697,46.3129093077392,46.3128363818632,48.8751932354852,51.0077219194158,53.7456671257982,54.7024472855933,57.2798524365616,49.4819156318551,54.4570351096697,58.3851696973325,58.7316776887312,58.4295340186293,58.2965136824546,56.6599997566859,55.0563588663846,57.0436446034332,58.3139473708289,57.3640224856089,52.7599442931164,57.3497614199247,64.4700799127373,60.2975474441614,59.3011266026333,..
Post-demographic dividend,PST,"Foreign direct investment, net inflows (% of GDP)",BX.KLT.DINV.WD.GD.ZS,2.63553826707478,1.98265113490192,1.6486863960113,2.14204554687268,3.23993715906345,4.28898052971906,5.66738250599336,3.730286303558,2.02727425060151,2.30468783433878,3.05464141135037,2.32535438281229,2.41755575508939,2.07709527645534,3.64738878762073,4.17184223203316,3.06281251057055,0.595650555439338,2.15387622076922,1.12373169825324,2.63643059717837,2.11227912896868,0.841105501036172,1.46532964544321,..
Post-demographic dividend,PST,GDP per capita (current US$),NY.GDP.PCAP.CD,25517.8708554,26484.3378337689,29550.1857442906,32671.0834694674,34219.0204237417,35820.4258144709,38870.3636110318,40922.2537544049,38339.4065630367,39801.8641147794,42635.8220864603,42374.8223653419,42643.099618304,43322.2029738924,40775.9479386213,41502.2222895522,43114.2688521392,45535.8018785923,45840.3536114764,44743.738932431,49855.2269396596,50969.801641014,53813.7418308677,55644.314789934,..
Post-demographic dividend,PST,Total natural resources rents (% of GDP),NY.GDP.TOTL.RT.ZS,0.710184072278421,0.575513191987002,0.726277431540659,0.837444869768501,1.04094372288809,0.927376652442168,0.927699235787275,1.43566960899185,0.661739339906892,0.893738427176944,1.11792359462776,0.793431295114368,0.771751805874969,0.681308672844224,0.328709216343875,0.355158963380241,0.489184795132459,0.625076104487973,0.600556584483753,0.440530264368094,1.31000186839674,..,..,..,..
Pre-demographic dividend,PRE,"Portfolio equity, net inflows (BoP, current US$)",BX.PEF.TOTL.CD.WD,30268343.2662925,15830451.039248,20154453.7848767,8531163.28832885,863355481.989268,1769395988.40272,1429271376.7525,-954662134.14116,637146608.436796,2322601457.20807,2913147594.48256,10098970629.9846,5804430564.22239,2183014625.14752,-364654630.184556,512537161.674804,1313593971.79456,970581691.466267,-1577790556.03887,-566762161.431001,70279140.0966924,161201009.319156,1396180263.60116,1845170752.70729,..
Pre-demographic dividend,PRE,GDP (current US$),NY.GDP.MKTP.CD,269595630716.128,312135025038.798,340468658786.46,424234077207.758,531122307123.826,668501035363.556,808147234929.241,1008759607190.09,914568494564.064,1069026110406.58,1236913791144.92,1346198740218.36,1476563371928.86,1564245572947.51,1327634282632.04,1178803226989.3,1232604777297.1,1372023278046.38,1634625884352.83,1494279104787.47,1633932588860.86,1860790512304.23,1680243373294.08,1510802883684.15,..
Pre-demographic dividend,PRE,Trade (% of GDP),NE.TRD.GNFS.ZS,..,..,..,..,..,..,..,..,..,..,..,..,..,..,..,..,..,..,..,..,..,..,..,..,..
Pre-demographic dividend,PRE,"Foreign direct investment, net inflows (% of GDP)",BX.KLT.DINV.WD.GD.ZS,2.74282068054029,2.71768595055591,3.81048068050664,2.52393112374416,2.29617192550716,2.01325676537447,2.42356360753061,2.50967984789111,2.82680270938432,2.44826270204115,2.67264990361504,2.74544476444441,1.57800537781462,1.23143717530182,2.11994937497369,1.1252587980715,0.840706646080117,0.569225319029264,0.604735971665854,0.689819380151299,1.06625439450521,0.858656667279576,1.35490911313484,1.53808800126193,..
Pre-demographic dividend,PRE,GDP per capita (current US$),NY.GDP.PCAP.CD,465.954902190537,523.615860228603,554.26625446439,670.783711150831,815.454464076119,997.421514005206,1173.40020441153,1423.20106621059,1252.32925493054,1421.48905142231,1596.90914437848,1686.96007926334,1796.00337097112,1848.07094913552,1524.98608713796,1316.74567214685,1338.96011884626,1449.85562070843,1681.19065754666,1496.33767488397,1594.14229813292,1770.15579032782,1558.34344693401,1366.06577255622,..
Pre-demographic dividend,PRE,Total natural resources rents (% of GDP),NY.GDP.TOTL.RT.ZS,17.6197812815311,15.2494024026654,15.2550876707211,18.0388144201654,22.1303152712377,21.8902722515477,21.784323606887,25.4958135398531,16.0905658331668,19.3047607673643,23.7101842395354,21.7792085697048,18.579952475387,16.109813210359,10.9453827926266,11.2870047568591,14.4088500894275,16.6052374557419,13.4286056225943,9.08284688076964,15.4422779108095,..,..,..,..
Small states,SST,"Portfolio equity, net inflows (BoP, current US$)",BX.PEF.TOTL.CD.WD,10671900.0848517,116774688.855786,110401069.247882,901149872.733001,627132817.39647,2670180989.48661,3215122802.40597,-6363799276.36267,2420501699.22657,8115460270.39357,6726385878.39107,311146842.661265,374807251.645615,33586375.1803537,1497359744.83877,-3008376021.0192,4404451311.71776,13061541191.48,2763178730.5378,-3220994406.13997,13793102364.9514,753423601.328479,3366132132.88691,8458385701.98456,..
Small states,SST,GDP (current US$),NY.GDP.MKTP.CD,77518242612.0485,83414441022.0863,99643830272.9925,115416643927.911,129916963352.679,145908217635.493,171435251383.783,189079229226.136,161751590927.921,172475687383.485,193342538945.381,194403769997.088,201575895178.586,208778333966.54,193084726298.623,195788612860.018,213265208434.292,230122099257.831,231340439109.049,208801767982.779,244179271151.622,270716089069.618,287374900231.333,310642066645.913,..
Small states,SST,Trade (% of GDP),NE.TRD.GNFS.ZS,114.753435257116,111.231711512916,105.653574751767,107.887081094218,110.336323133329,111.808212183291,111.567046346364,114.90041679007,105.257596398861,113.977029067704,124.02373971019,126.178432046115,129.030954637763,127.607507784766,126.536433539563,123.964615392101,126.096083557867,128.426612296639,130.087047215398,124.130074337816,138.942181677335,154.50732220142,144.853941375448,141.289655089115,..
Small states,SST,"Foreign direct investment, net inflows (% of GDP)",BX.KLT.DINV.WD.GD.ZS,5.28756657884514,4.13561303185608,5.39113362549598,11.9309863684741,25.7254707505485,26.2419095881022,31.8623804763525,21.00490142913,47.0558804700561,29.2483198559436,29.9202275007453,43.052746423566,15.7460486654928,30.0822628989461,18.6001206501271,5.00741124714961,39.4063841210689,69.3919249400407,67.862576959771,-17.1728543172955,43.2831648618395,10.146090044415,3.9101311632237,1.43652749590238,..
Small states,SST,GDP per capita (current US$),NY.GDP.PCAP.CD,4839.48717828643,5133.13224592248,6060.64034085427,6954.01090826418,7779.765881341,8649.72106282857,10056.3574835992,10974.8922038731,9296.64440865481,9813.58319583757,10893.6298369854,10844.5207585756,11132.3602165915,11413.5892863022,10446.850341907,10486.2161094903,11304.5050810878,12057.788581183,11990.4670996465,10723.093901861,12428.6087674544,13636.4661190787,14346.3202783396,15383.3425638674,..
Small states,SST,Total natural resources rents (% of GDP),NY.GDP.TOTL.RT.ZS,4.37181730667063,4.14053267644638,4.10223605825494,4.49979672624875,5.85646206191293,6.71159340242489,5.83491202569294,6.61146842451771,4.91596841072661,5.684276770473,7.84170035873679,7.240350440251,6.28482843966835,5.34258186146255,3.90525333733476,3.0127482358744,3.33118106405232,3.97312699540178,3.69239558343813,2.82691907224577,4.6747737113434,..,..,..,..
South Asia,SAS,"Portfolio equity, net inflows (BoP, current US$)",BX.PEF.TOTL.CD.WD,2911418322.00901,1009396481.45698,8074617355.13113,8957887977.48201,11955227068.4086,9205114657.71346,32540314055.9855,-15503970005.0944,24292957530.0006,29329348141.1725,-4167156218.3322,23213038300.3774,20379300233.2212,12903913956.4736,1769350180.84392,2474732444.989,6543976524.15358,-4367139383.03074,13663991924.1499,24282083448.6154,4731846443.27145,-16595959899.5426,21307259992.064,-881902484.102339,..
South Asia,SAS,GDP (current US$),NY.GDP.MKTP.CD,562554379798.02,593707009776.721,694775911444.331,804159915389.764,924419567611.272,1051884831127.45,1342148092012.26,1347380565219.4,1502961023415.75,1869826822189.78,2045738549420.96,2057958207279.98,2111097579998.97,2323062261530.8,2414503392484.38,2679313169377.96,3075955432871.73,3159841615195.07,3318484576527.33,3172770463749.49,3717045071833.11,3930640287773.46,4210302249458.65,4512296631866.32,..
South Asia,SAS,Trade (% of GDP),NE.TRD.GNFS.ZS,28.6226894432911,31.2058856438684,32.0000779732296,38.1607950166867,42.4971464403536,45.9944214475263,46.0171112034336,52.8016359534609,45.9241017213063,48.318869674409,54.781912294079,55.002840478453,53.1281840147581,48.7343658963128,42.3320491860183,39.7938034454886,40.3089858984443,43.1541039748077,39.8164418526812,36.988453773768,44.0145414114724,48.8421502668149,43.9719896808723,43.2964086980872,..
South Asia,SAS,"Foreign direct investment, net inflows (% of GDP)",BX.KLT.DINV.WD.GD.ZS,0.964277539957706,0.922839618824849,0.608672906585037,0.767550401081283,0.910493814513681,1.99913938709784,1.98888634869785,3.3897100639576,2.46854000195289,1.57694747966974,1.91950208926934,1.30544520810878,1.52261906733736,1.65285180154311,1.98287661699412,1.80131482385993,1.42351639395301,1.48107709058223,1.63995853907748,2.10813560808958,1.28837189007855,1.35427437156322,0.7391288019975,0.66627173734269,..
South Asia,SAS,GDP per capita (current US$),NY.GDP.PCAP.CD,446.418919348871,462.898836496672,532.66154684429,606.478041696258,686.338193475473,769.378704313512,967.697911561283,958.275511460297,1054.43555885745,1294.02734404973,1397.00682550999,1387.18205956625,1405.8407235793,1528.49208733408,1570.54142462917,1722.90703415144,1956.06707554186,1988.3663331799,2067.05975687637,1957.20343722686,2273.72055798689,2385.08341896271,2532.38988993306,2690.07883749003,..
South Asia,SAS,Total natural resources rents (% of GDP),NY.GDP.TOTL.RT.ZS,2.2137633284752,2.15800141203913,2.06869399729546,2.91077621281472,3.36669538300688,3.64371354105057,4.12233981123706,6.42982550955229,3.09940782425614,4.1408155808001,4.84942629051882,3.69319465147743,3.32846307784383,2.56301669252901,1.63866841744547,1.58568533720548,1.79018456274107,2.00324012469636,1.79528138280783,1.58063875860331,2.76936071813056,..,..,..,..
South Asia (IDA & IBRD),TSA,"Portfolio equity, net inflows (BoP, current US$)",BX.PEF.TOTL.CD.WD,2911418322.00901,1009396481.45698,8074617355.13113,8957887977.48201,11955227068.4086,9205114657.71346,32540314055.9855,-15503970005.0944,24292957530.0006,29329348141.1725,-4167156218.3322,23213038300.3774,20379300233.2212,12903913956.4736,1769350180.84392,2474732444.989,6543976524.15358,-4367139383.03074,13663991924.1499,24282083448.6154,4731846443.27145,-16595959899.5426,21307259992.064,-881902484.102339,..
South Asia (IDA & IBRD),TSA,GDP (current US$),NY.GDP.MKTP.CD,562554379798.02,593707009776.721,694775911444.331,804159915389.764,924419567611.272,1051884831127.45,1342148092012.26,1347380565219.4,1502961023415.75,1869826822189.78,2045738549420.96,2057958207279.98,2111097579998.97,2323062261530.8,2414503392484.38,2679313169377.96,3075955432871.73,3159841615195.07,3318484576527.33,3172770463749.49,3717045071833.11,3930640287773.46,4210302249458.65,4512296631866.31,..
South Asia (IDA & IBRD),TSA,Trade (% of GDP),NE.TRD.GNFS.ZS,28.6226894432911,31.2058856438684,32.0000779732296,38.1607950166866,42.4971464403536,45.9944214475263,46.0171112034336,52.8016359534609,45.9241017213063,48.318869674409,54.781912294079,55.002840478453,53.1281840147581,48.7343658963128,42.3320491860183,39.7938034454886,40.3089858984443,43.1541039748077,39.8164418526812,36.988453773768,44.0145414114724,48.8421502668149,43.9719896808723,43.2964086980872,..
South Asia (IDA & IBRD),TSA,"Foreign direct investment, net inflows (% of GDP)",BX.KLT.DINV.WD.GD.ZS,0.964277539957705,0.922839618824849,0.608672906585037,0.767550401081283,0.910493814513681,1.99913938709784,1.98888634869785,3.3897100639576,2.46854000195289,1.57694747966974,1.91950208926934,1.30544520810878,1.52261906733736,1.65285180154311,1.98287661699412,1.80131482385993,1.42351639395301,1.48107709058223,1.63995853907748,2.10813560808958,1.28837189007855,1.35427437156322,0.7391288019975,0.666271737342691,..
South Asia (IDA & IBRD),TSA,GDP per capita (current US$),NY.GDP.PCAP.CD,446.418919348871,462.898836496672,532.66154684429,606.478041696258,686.338193475473,769.378704313512,967.697911561283,958.275511460297,1054.43555885745,1294.02734404973,1397.00682550999,1387.18205956625,1405.8407235793,1528.49208733408,1570.54142462917,1722.90703415144,1956.06707554186,1988.3663331799,2067.05975687637,1957.20343722686,2273.72055798689,2385.08341896271,2532.38988993306,2690.07883749003,..
South Asia (IDA & IBRD),TSA,Total natural resources rents (% of GDP),NY.GDP.TOTL.RT.ZS,2.2137633284752,2.15800141203913,2.06869399729546,2.91077621281472,3.36669538300688,3.64371354105057,4.12233981123706,6.42982550955229,3.09940782425614,4.1408155808001,4.84942629051881,3.69319465147743,3.32846307784383,2.56301669252901,1.63866841744547,1.58568533720548,1.79018456274107,2.00324012469636,1.79528138280783,1.58063875860331,2.76936071813056,..,..,..,..
Sub-Saharan Africa,SSF,"Portfolio equity, net inflows (BoP, current US$)",BX.PEF.TOTL.CD.WD,-911241119.026507,-359548888.48015,727913575.887981,6695034161.35326,8161943304.68543,16811392629.4142,10164520066.7206,-5625261728.57346,10825027118.7775,15965328127.5711,8771600925.64841,17884389413.5559,13985749419.4575,10360549003.3788,9583470499.47233,-1797075061.17244,12065657125.5716,3077596191.96182,-5440909886.82494,-2717855465.75705,-17884997873.9367,99725661.6676284,246566874.978719,1037778792.76972,..
Sub-Saharan Africa,SSF,GDP (current US$),NY.GDP.MKTP.CD,410936270042.78,449500894158.767,565919936760.318,702843204651.659,836993712579.377,988873289522.059,1145239979455.74,1301030210080.85,1241958752180.26,1469616438039.84,1650955876097.19,1717295733292.83,1825489288568.26,1902908083279.38,1688024093175.49,1531896244777.68,1672127811803.69,1798796101321.48,2045711007848.14,1902392262699.06,2140795804040,2292617010267,2117597425394.64,1979078503991.37,..
Sub-Saharan Africa,SSF,Trade (% of GDP),NE.TRD.GNFS.ZS,..,..,..,..,..,..,..,..,..,..,65.1480935458417,63.9868573624282,62.322232769437,60.7573821380911,57.3062145931923,55.1399503297354,54.233275881935,56.6953501994876,55.7540212745659,51.2033981131689,55.7046429671208,59.1775548748557,57.3480479141028,56.0208720264168,..
Sub-Saharan Africa,SSF,"Foreign direct investment, net inflows (% of GDP)",BX.KLT.DINV.WD.GD.ZS,3.79725476214542,2.45080245955886,2.47271848552801,1.81785721290715,2.3697167144022,1.68103115329245,2.57443802232054,3.01611847958137,2.97984797961441,2.26557695321266,2.56959673438645,2.65410734255058,2.23026646893082,2.32812772449384,2.68229130360328,2.11492408721498,1.67233804690658,1.56495437845879,1.35356379787198,1.22778113719023,3.31883511743165,1.601585993195,2.01520333903421,2.25032890254869,..
Sub-Saharan Africa,SSF,GDP per capita (current US$),NY.GDP.PCAP.CD,587.397048570739,625.468994411852,766.500842930002,926.435499820007,1073.52977403181,1234.13340009531,1390.58865074962,1536.66763137174,1426.96916919949,1642.64134193596,1795.43814856316,1817.30125816633,1879.5587312692,1906.79596971017,1646.44941139316,1455.03525304571,1546.91774199323,1620.54140805919,1795.5612786554,1627.34569596297,1785.46664916614,1865.11635260699,1680.77966672218,1532.92763550207,..
Sub-Saharan Africa,SSF,Total natural resources rents (% of GDP),NY.GDP.TOTL.RT.ZS,9.56918957045798,9.43831151570324,9.25236496504822,10.1581103049489,12.6865454973837,13.1409569392248,14.2155143328857,18.3379303538723,10.6799159407327,12.9310359378163,15.4912553052366,13.637569244717,11.6733316107798,9.64074148688108,6.38502102993993,6.8284236118742,8.30580682120855,8.61236198928908,7.68605718661234,6.0342782573881,10.0545041309002,..,..,..,..
Sub-Saharan Africa (excluding high income),SSA,"Portfolio equity, net inflows (BoP, current US$)",BX.PEF.TOTL.CD.WD,-937155891.641673,-367707535.484566,724031447.213219,6690500849.79692,8156905423.27159,16806661567.2146,10160003693.7733,-5629167453.15716,10818388901.2588,15941796695.8953,8757776290.99356,17869169179.0386,13965176381.6426,10369509166.6339,9592493376.67299,-1820042373.40304,12060645680.2849,3073657143.4451,-5460829949.83926,-2683505891.51667,-17889906314.8395,61939292.7212279,228849004.853022,1030960439.56876,..
Sub-Saharan Africa (excluding high income),SSA,GDP (current US$),NY.GDP.MKTP.CD,402042476808.84,440920665484.333,556578144172.593,691866842946.747,823668736698.489,972568420377.406,1124500296270.51,1272983700051.33,1208670461443.79,1438701031163.17,1617944194300.6,1672895604039.55,1776507851555.87,1845908277175.78,1624488271641.54,1461851860219.92,1594086359396,1713673886322.74,1952007800638.78,1802332899886.09,2030237669873.33,2167458359012.26,1979535952437.49,1827170966475.93,..
Sub-Saharan Africa (excluding high income),SSA,Trade (% of GDP),NE.TRD.GNFS.ZS,..,..,..,..,61.5510618557835,60.5153584119905,65.4742188898109,71.0301694388832,61.9482023104464,63.1923561038087,65.8871881265174,64.7988837082235,63.2800252500623,61.6491663437902,58.0976904467267,56.0750400501484,55.2967796869229,57.9010902669809,57.0496136105605,52.5305501818009,57.2231609205256,60.7745506282043,59.1849913767203,57.9632700444269,..
Sub-Saharan Africa (excluding high income),SSA,"Foreign direct investment, net inflows (% of GDP)",BX.KLT.DINV.WD.GD.ZS,3.77802257795714,2.42962716333325,2.41964038579378,1.76190039101056,2.36618011368487,1.6383073183435,2.58677779433988,3.06042506850812,3.03018310882217,2.28338229402577,2.57436278980329,2.67127015371589,2.21285824416742,2.29360502039741,2.61886569754965,1.92736567713062,1.48910855098867,1.42831120685892,1.27450441655226,1.15828575753165,3.28411695798151,1.51565756163249,1.97861099032885,2.20339508836362,..
Sub-Saharan Africa (excluding high income),SSA,GDP per capita (current US$),NY.GDP.PCAP.CD,638.142786998755,681.544934837755,837.714582574766,1013.73402157662,1174.63116054875,1349.88715192875,1518.8219699939,1672.71983508686,1545.11577892078,1789.34374213402,1958.08105419725,1970.23745756606,2035.63571636535,2058.4331234679,1763.27463036367,1545.27948291265,1641.39239957439,1718.42346098448,1907.22499436387,1716.50863861427,1885.48155965903,1963.80330032374,1750.13136836946,1576.69166875191,..
Sub-Saharan Africa (excluding high income),SSA,Total natural resources rents (% of GDP),NY.GDP.TOTL.RT.ZS,9.40795943689553,9.20680668735927,8.84243637836476,9.90916667074404,12.5362220603202,13.0648353034339,14.0921569272689,18.3431296161333,10.5328680117301,12.8798543622609,15.463308834395,13.6130453413551,11.619429070893,9.53500217085896,6.16810892480712,6.62844880113799,8.23888306172573,8.73078757315203,7.79646700298114,6.06838899697966,10.2877324927449,..,..,..,..
Sub-Saharan Africa (IDA & IBRD countries),TSS,"Portfolio equity, net inflows (BoP, current US$)",BX.PEF.TOTL.CD.WD,-911241119.026507,-359548888.48015,727913575.887981,6695034161.35326,8161943304.68543,16811392629.4142,10164520066.7206,-5625261728.57346,10825027118.7775,15965328127.5711,8771600925.64841,17884389413.5559,13985749419.4575,10360549003.3788,9583470499.47233,-1797075061.17244,12065657125.5716,3077596191.96182,-5440909886.82494,-2717855465.75705,-17884997873.9367,99725661.6676283,246566874.978719,1037778792.76972,..
Sub-Saharan Africa (IDA & IBRD countries),TSS,GDP (current US$),NY.GDP.MKTP.CD,410936270042.78,449500894158.767,565919936760.318,702843204651.659,836993712579.377,988873289522.059,1145239979455.74,1301030210080.85,1241958752180.26,1469616438039.84,1650955876097.19,1717295733292.83,1825489288568.26,1902908083279.38,1688024093175.49,1531896244777.67,1672127811803.69,1798796101321.48,2045711007848.14,1902392262699.06,2140795804040,2292617010267,2117597425394.65,1979078503991.37,..
Sub-Saharan Africa (IDA & IBRD countries),TSS,Trade (% of GDP),NE.TRD.GNFS.ZS,..,..,..,..,..,..,..,..,..,..,65.1480935458417,63.9868573624282,62.322232769437,60.7573821380911,57.3062145931923,55.1399503297354,54.233275881935,56.6953501994876,55.7540212745659,51.2033981131689,55.7046429671208,59.1775548748557,57.3480479141028,56.0208720264168,..
Sub-Saharan Africa (IDA & IBRD countries),TSS,"Foreign direct investment, net inflows (% of GDP)",BX.KLT.DINV.WD.GD.ZS,3.79725476214542,2.45080245955887,2.47271848552801,1.81785721290715,2.3697167144022,1.68103115329245,2.57443802232054,3.01611847958137,2.9798479796144,2.26557695321266,2.56959673438645,2.65410734255058,2.23026646893082,2.32812772449384,2.68229130360328,2.11492408721498,1.67233804690658,1.56495437845879,1.35356379787198,1.22778113719023,3.31883511743165,1.601585993195,2.01520333903421,2.25032890254869,..
Sub-Saharan Africa (IDA & IBRD countries),TSS,GDP per capita (current US$),NY.GDP.PCAP.CD,587.397048570739,625.468994411852,766.500842930002,926.435499820007,1073.52977403181,1234.13340009531,1390.58865074962,1536.66763137174,1426.96916919949,1642.64134193596,1795.43814856316,1817.30125816633,1879.55873126921,1906.79596971017,1646.44941139316,1455.03525304571,1546.91774199323,1620.54140805919,1795.5612786554,1627.34569596297,1785.46664916614,1865.11635260699,1680.77966672218,1532.92763550207,..
Sub-Saharan Africa (IDA & IBRD countries),TSS,Total natural resources rents (% of GDP),NY.GDP.TOTL.RT.ZS,9.56918957045798,9.43831151570324,9.25236496504822,10.1581103049489,12.6865454973837,13.1409569392248,14.2155143328857,18.3379303538723,10.6799159407327,12.9310359378163,15.4912553052366,13.637569244717,11.6733316107798,9.64074148688108,6.38502102993993,6.8284236118742,8.30580682120855,8.61236198928908,7.68605718661234,6.0342782573881,10.0545041309002,..,..,..,..
Upper middle income,UMC,"Portfolio equity, net inflows (BoP, current US$)",BX.PEF.TOTL.CD.WD,3413912332.6376,5173694600.5433,15282509036.3586,21889835401.0127,50522855516.7886,81625628221.5533,74036304025.0331,-17046088211.5068,93151603226.3086,93709116985.048,13541579865.2678,60411515456.6397,49240041378.9512,78183242423.1983,26299133621.8606,43418621726.0716,67759419736.265,47404127104.727,38381545576.8757,57440895023.3012,68196982242.1934,47404010902.2467,2348821912.31801,-49617324192.988,..
Upper middle income,UMC,GDP (current US$),NY.GDP.MKTP.CD,4372459590357.57,4407934527692.62,4915357805340.9,5800084346153.38,6895044898247.15,8134238729409.14,10005758018034.1,12105099178344.4,12026144793149.3,14696874253221.1,17574300130715.1,18765402050802.8,19960355834404.7,20735117855997,19986614322858.2,20085178332818.9,22024556422932.4,23578896359333.1,23981611801327.3,23243062185366.1,27732726329893.6,28940725480186.1,29939274216922.3,30986054597959.2,..
Upper middle income,UMC,Trade (% of GDP),NE.TRD.GNFS.ZS,46.5010655557084,48.8308594289528,54.0413079679727,59.3494212601276,60.8011770145163,61.5280610647733,59.7632633960464,58.2503689563174,48.1119418220704,51.7572368823425,53.1476528157562,51.7870217514451,50.3500252988917,49.0484726298494,45.5281569598987,43.6191177262139,44.7327115720683,46.5311022437582,44.6140731594082,42.6567911287372,47.6181805542543,50.7033867956823,46.8657180267541,47.32254661857,..
Upper middle income,UMC,"Foreign direct investment, net inflows (% of GDP)",BX.KLT.DINV.WD.GD.ZS,2.9896139372268,2.75178070695549,2.48085505322278,2.80696814402587,3.37300947786376,3.27299664276305,3.68469484202387,3.33827018163236,2.35303124095817,3.31169773123577,3.23339766883536,2.7890436618112,2.85011971368499,2.4229430554879,2.31738116767499,1.96393920854632,1.77879092338886,2.00626657454653,1.69414629880722,1.70265820142486,2.16952430681124,1.58070794354163,0.957960832329679,0.884040730318081,..
Upper middle income,UMC,GDP per capita (current US$),NY.GDP.PCAP.CD,1831.16075225617,1829.51821405556,2022.46978917982,2365.83446249947,2788.28442311953,3262.39559875801,3982.92205517928,4780.19249304455,4710.56351783068,5710.9010671794,6773.01375512825,7166.76033698733,7553.62352185493,7778.57802636616,7435.76486473308,7413.22237473365,8064.20583627107,8569.23675625056,8657.73234539015,8346.18727671435,9918.69947746711,10324.5193124329,10657.9686111279,10996.101696107,..
Upper middle income,UMC,Total natural resources rents (% of GDP),NY.GDP.TOTL.RT.ZS,4.62558003888593,4.44881716599808,4.61142536734496,6.34200337828747,7.56215698372009,8.09566363983286,8.11910583886915,10.4088667345431,5.47867417632517,7.15556951546817,8.55824953689425,6.49138933796069,5.40700927249732,4.56193318229983,2.50916737680747,2.28577547089521,2.83251269131515,3.58314752957608,2.97086495740704,2.0066422712009,3.90194332353757,..,..,..,..
World,WLD,"Portfolio equity, net inflows (BoP, current US$)",BX.PEF.TOTL.CD.WD,271821209249.33,113993970183.273,383077480046.991,464841946710.75,896133351932.651,893114629567.668,844859856838.347,-161780214834.828,826923610814.856,781817811066.312,297951132592.49,834611042230.783,806543645394.706,1193080628979.6,642057837816.027,173801273419.307,1288930812046.59,348890569298.401,400874115122.858,1162943747927.26,1416088463642.08,42452167434.6246,276307101985.63,922232492391.979,..
World,WLD,GDP (current US$),NY.GDP.MKTP.CD,33690417699612.7,34991525564916.9,39243276986261.9,44225384449869.7,47900489808168.8,51923507284496,58525785801185.8,64311729364641.3,60982255960004.4,66811191491614.9,74309709353789.3,75960594595757,78034892841179.1,80054888775431.1,75621913961646.1,76831684012526.2,81839102917044.7,87050964956078.4,88483262418196.7,85912761035231.2,98140475264975.8,102251524725531,106741647821064,110982661180013,..
World,WLD,Trade (% of GDP),NE.TRD.GNFS.ZS,49.1765384120151,49.1934640328003,50.847305786992,54.4024779622624,56.4475477827097,58.5905535284741,58.966375474231,60.5698143010809,52.0809900200333,56.4159468717993,59.5371105603304,59.3502507190567,58.7078861767085,58.1300187518142,55.7349858105449,53.9114215972707,55.5882472883587,57.1241197323954,55.9091127292441,51.9733628554011,56.7104814151821,62.4216664720525,58.1981732430475,56.7581439140522,..
World,WLD,"Foreign direct investment, net inflows (% of GDP)",BX.KLT.DINV.WD.GD.ZS,2.65513203086615,2.13587760471071,1.85825915207826,2.22122545587228,3.25827431954096,4.22386145705618,5.27711961807479,3.72354373179278,2.42727008900625,2.70554368320855,3.15832912822297,2.65497421440789,2.65184947569052,2.41581124855202,3.62167700808841,3.53345706054221,2.72530213852118,1.23709166637342,2.16244261600792,1.34331731043375,2.53659303797299,1.86511043214883,0.862233908070818,1.32595274334775,..
World,WLD,GDP per capita (current US$),NY.GDP.PCAP.CD,5394.68512526724,5530.02104262965,6122.43446098027,6811.48195762269,7284.31331023762,7796.34931015336,8677.57102707632,9415.35786125181,8816.8105604156,9542.72886249208,10485.1771943036,10583.9966715989,10739.8911620948,10885.7966024868,10161.9445773233,10204.9287763386,10747.764306505,11309.3830773178,11376.0818134476,10937.6846205191,12390.6686716727,12798.1658465319,13236.7163960917,13631.2043097215,..
World,WLD,Total natural resources rents (% of GDP),NY.GDP.TOTL.RT.ZS,1.95654308942788,1.77634814909187,1.99886845197791,2.5203306230919,3.2439607867603,3.54161877259397,3.63818727020344,5.02069850643833,2.77271198186962,3.6936655863215,4.82775936202134,4.07539694074466,3.64743975822925,3.15336321336577,1.7485678389546,1.56431122067287,1.99251875132746,2.53034279011438,2.18573966045158,1.49142616851194,3.07420969679454,..,..,..,..
,,,,,,,,,,,,,,,,,,,,,,,,,,,,
,,,,,,,,,,,,,,,,,,,,,,,,,,,,
,,,,,,,,,,,,,,,,,,,,,,,,,,,,
Data from database: World Development Indicators,,,,,,,,,,,,,,,,,,,,,,,,,,,,
Last Updated: 04/08/2026,,,,,,,,,,,,,,,,,,,,,,,,,,,,
